"scenario","n","replicate","p_global","min_p_holm","proceed","AUQC","AUQC_raw","value_gain_all","NP_feasible","NP_harm","NP_bene","AUROC_true","AUPRC_true","truth_value_gain_learned","truth_value_gain_selected_const","selected_const_treat","learned_treat_fraction","truth_ate","truth_tau_sd","truth_benefit_rate","truth_harm_rate","truth_value_treat_none","truth_value_treat_all","truth_value_oracle","truth_oracle_value_gain","truth_oracle_treat_fraction"
"No treatment effect",2000,1,0.901313591764878,1,0,0.0108929850977827,-0.00275767558246023,0.023025388191223,0,0.543687406276574,0.454,NA,NA,0,0,1,0.918,0,0,0,0,0.405850210357671,0.405850210357671,0.405850210357671,0,0
"No treatment effect",2000,2,0.853267459939825,1,0,0.00273860674718735,0.00786982132088616,-0.00335724934837495,0,0.538997436478448,0.49,NA,NA,0,0,0,0.02,0,0,0,0,0.406296425963951,0.406296425963951,0.406296425963951,0,0
"No treatment effect",2000,3,0.960416367093041,1,0,-0.0121263880010358,0.0178827870776505,0.0293955513782996,0,0.510242391213812,0.44,NA,NA,0,0,0,0.792,0,0,0,0,0.407459032674219,0.407459032674219,0.407459032674219,0,0
"No treatment effect",2000,4,0.0384708545923308,0.0669970020675457,1,0.0377081489792594,0.0326062290922904,0.0126208124100615,0,0.545826796237188,0.47,NA,NA,0,0,0,0.068,0,0,0,0,0.407835772013366,0.407835772013366,0.407835772013366,0,0
"No treatment effect",2000,5,0.436590626787437,0.386739458922946,0,-0.00763864769599255,-0.021023892624218,0.0119483546269211,0,0.588430945824102,0.184,NA,NA,0,0,1,0.77,0,0,0,0,0.408160360922083,0.408160360922083,0.408160360922083,0,0
"No treatment effect",2000,6,0.66198276461222,0.828069596363318,0,0.0307007898004669,0.0264619227775547,0.050678389761012,0,0.61825374524577,0.028,NA,NA,0,0,1,0.238,0,0,0,0,0.407458833626116,0.407458833626116,0.407458833626116,0,0
"No treatment effect",2000,7,0.0798897264411431,0.055514555442432,0,-0.00878353458052867,0.0130432273607357,-0.00803846437335692,0,0.566176039103937,0.048,NA,NA,0,0,1,0.992,0,0,0,0,0.408332178112449,0.408332178112449,0.408332178112449,0,0
"No treatment effect",2000,8,0.428566484490448,0.338361739560316,0,-0.00161966495978681,-0.0206608189846793,0,0,0.559289375971028,0.388,NA,NA,0,0,0,0,0,0,0,0,0.408665916670746,0.408665916670746,0.408665916670746,0,0
"No treatment effect",2000,9,0.323929653664757,0.610201692216168,0,0.00592074110038139,0.00275481110481471,0.00279027556623795,0,0.542718605612335,0.39,NA,NA,0,0,1,0.782,0,0,0,0,0.408022217742781,0.408022217742781,0.408022217742781,0,0
"No treatment effect",2000,10,0.889811015033489,1,0,0.031320414346629,0.021671466472825,-0.00304881906772747,0,0.525547114677174,0.45,NA,NA,0,0,0,0.008,0,0,0,0,0.406392800708452,0.406392800708452,0.406392800708452,0,0
"No treatment effect",2000,11,0.78297643704759,1,0,0.000635278777051994,-0.0052488283485009,-0.00970201297873102,0,0.562088309670354,0.426,NA,NA,0,0,1,0.894,0,0,0,0,0.40639769573783,0.40639769573783,0.40639769573783,0,0
"No treatment effect",2000,12,0.00544453618843878,0.0564843424850048,1,0.0126473869080062,-0.000819830140933683,0.0111653898687416,0,0.556249840502327,0.108,NA,NA,0,0,0,0.206,0,0,0,0,0.40697460561214,0.40697460561214,0.40697460561214,0,0
"No treatment effect",2000,13,0.952400273220137,1,0,0.00653019260989405,0.0240860730519075,0.00570157347282413,0,0.515625366115609,0.498,NA,NA,0,0,1,0.954,0,0,0,0,0.404806099286993,0.404806099286993,0.404806099286993,0,0
"No treatment effect",2000,14,0.84889087924079,1,0,-0.00367330793068502,0.0249309675288709,-0.0132699825391742,0,0.520413607624029,0.288,NA,NA,0,0,1,0.598,0,0,0,0,0.406041712178984,0.406041712178984,0.406041712178984,0,0
"No treatment effect",2000,15,0.36495747136134,0.243034445259777,0,-0.000241897579638272,0.00967453493267133,0.0351534538545847,0,0.527742130340008,0.508,NA,NA,0,0,0,0.232,0,0,0,0,0.407358366833095,0.407358366833095,0.407358366833095,0,0
"No treatment effect",2000,16,0.831311799038687,1,0,0.0135620456141991,0.0299825325505193,0.00410303375058685,0,0.506096083291608,0.464,NA,NA,0,0,0,0.028,0,0,0,0,0.406256185670367,0.406256185670367,0.406256185670367,0,0
"No treatment effect",2000,17,0.49521109217475,0.527686642544484,0,0.0123771137472818,-0.0476831564386144,-0.0502885752911734,0,0.567189196425129,0.348,NA,NA,0,0,0,0.732,0,0,0,0,0.407904372668398,0.407904372668398,0.407904372668398,0,0
"No treatment effect",2000,18,0.263394399800843,0.322789527268616,0,-0.00213295049283261,-0.00417777608503729,0.00785515098240508,0,0.545837583106735,0.298,NA,NA,0,0,1,0.594,0,0,0,0,0.40675941660485,0.40675941660485,0.40675941660485,0,0
"No treatment effect",2000,19,0.841352199798608,1,0,-0.0333834218918231,-0.0330454210688243,-0.039634871518762,0,0.592549344221408,0.3,NA,NA,0,0,1,0.944,0,0,0,0,0.405808966856455,0.405808966856455,0.405808966856455,0,0
"No treatment effect",2000,20,0.246575652157532,0.198148082425236,0,0.0241235397844916,0.0205624089551639,0.0263701223737854,0,0.527950897347469,0.198,NA,NA,0,0,0,0.372,0,0,0,0,0.405489051586947,0.405489051586947,0.405489051586947,0,0
"No treatment effect",2000,21,0.813066241377206,1,0,0.0118161477914652,0.0097042780586961,8.36093548473027e-05,0,0.515765810834775,0.154,NA,NA,0,0,1,0.714,0,0,0,0,0.40642304067195,0.40642304067195,0.40642304067195,0,0
"No treatment effect",2000,22,0.408736463283721,0.695598996606918,0,-0.00145567504819499,-0.0529593306015437,-0.0532485853374431,0,0.595881882102749,0.37,NA,NA,0,0,0,0.624,0,0,0,0,0.406815513228675,0.406815513228675,0.406815513228675,0,0
"No treatment effect",2000,23,0.0860012608840334,0.0962966303460362,0,-0.00203337752686825,-0.033824117417105,-0.0454467890370405,0,0.626435506001862,0.084,NA,NA,0,0,0,0.352,0,0,0,0,0.406202386096921,0.406202386096921,0.406202386096921,0,0
"No treatment effect",2000,24,0.291252037998698,0.551617283422455,0,-0.00218591309163804,-0.00418860726625637,0.0066905526024349,0,0.540658241899143,0.496,NA,NA,0,0,0,0.044,0,0,0,0,0.408164575072912,0.408164575072912,0.408164575072912,0,0
"No treatment effect",2000,25,0.491620652837491,0.445663869625548,0,0.00455560956268146,-0.0036797180192966,-0.00413955688882894,0,0.537428812077909,0.454,NA,NA,0,0,1,0.99,0,0,0,0,0.406849208354016,0.406849208354016,0.406849208354016,0,0
"No treatment effect",2000,26,0.641036573944757,0.857359304554943,0,0.00573730606093497,0.0159616564079999,0.00475225580677413,0,0.522881063285225,0.498,NA,NA,0,0,1,0.968,0,0,0,0,0.407004968557609,0.407004968557609,0.407004968557609,0,0
"No treatment effect",2000,27,0.872705855366089,1,0,-0.00363160009391978,0.00714152377978263,0.00917457087489404,0,0.544370209881667,0.272,NA,NA,0,0,0,0.064,0,0,0,0,0.406406482186682,0.406406482186682,0.406406482186682,0,0
"No treatment effect",2000,28,0.828803354088404,1,0,-0.0119432899271116,-0.0285365875109625,0.00899950207897332,0,0.56261104857959,0.322,NA,NA,0,0,1,0.934,0,0,0,0,0.406457916129073,0.406457916129073,0.406457916129073,0,0
"No treatment effect",2000,29,0.750059664381295,1,0,-0.0206860589836597,-0.0334594532995673,-0.0122180103932392,0,0.631379643429143,0.074,NA,NA,0,0,1,0.934,0,0,0,0,0.406998772458985,0.406998772458985,0.406998772458985,0,0
"No treatment effect",2000,30,0.637116016196404,0.632707715470256,0,-0.00833898999293299,0.0199784573158756,0.0027650031543478,0,0.509685672775334,0.522,NA,NA,0,0,0,0.102,0,0,0,0,0.406692902320492,0.406692902320492,0.406692902320492,0,0
"No treatment effect",2000,31,0.129069958621743,0.269730098411077,0,-0.00106363950310755,0.00810405632155374,-0.0053275388032169,0,0.498181339955162,0.046,NA,NA,0,0,1,0.948,0,0,0,0,0.407793167978571,0.407793167978571,0.407793167978571,0,0
"No treatment effect",2000,32,0.189328583893423,0.109713041801036,0,0.0132957401555463,0.0117086526929467,0.0157200658385706,0,0.531948108900409,0.496,NA,NA,0,0,0,0.028,0,0,0,0,0.406478734155354,0.406478734155354,0.406478734155354,0,0
"No treatment effect",2000,33,0.435027820530882,0.763958045013945,0,-0.00158467869661588,0.0137136299414515,0.00435484450977186,0,0.55167467884402,0.286,NA,NA,0,0,0,0.012,0,0,0,0,0.406358746886415,0.406358746886415,0.406358746886415,0,0
"No treatment effect",2000,34,0.093745144795474,0.238305736808397,0,0.0118120346637781,-0.0244374868141947,-0.0326131152556173,0,0.563722952866614,0.324,NA,NA,0,0,0,0.674,0,0,0,0,0.40728430390812,0.40728430390812,0.40728430390812,0,0
"No treatment effect",2000,35,0.01900923041059,0.145293643108276,1,0.0296323772068719,0.0148133036462676,0.0407557227083549,0,0.5444391464845,0.144,NA,NA,0,0,0,0.428,0,0,0,0,0.406991365587508,0.406991365587508,0.406991365587508,0,0
"No treatment effect",2000,36,0.972890487207598,1,0,-0.00798052694827791,-0.0137081233093801,-0.0053494194580806,0,0.538346695191455,0.482,NA,NA,0,0,1,0.966,0,0,0,0,0.406052001072135,0.406052001072135,0.406052001072135,0,0
"No treatment effect",2000,37,0.0215624828034483,0.00659406542678078,1,0.0245047226115722,-0.00197608305966002,0.0680156504463975,0,0.531573554483677,0.338,NA,NA,0,0,1,0.658,0,0,0,0,0.405606246799594,0.405606246799594,0.405606246799594,0,0
"No treatment effect",2000,38,0.946103293935045,1,0,-0.0130481702138059,-0.0378689325502939,-0.001880605019762,0,0.562456120352909,0.39,NA,NA,0,0,1,0.816,0,0,0,0,0.407650605265102,0.407650605265102,0.407650605265102,0,0
"No treatment effect",2000,39,0.446551275745086,0.445510037911719,0,-0.0170290060353987,-0.0110891576609918,-0.00349713781064215,0,0.567987325779484,0.302,NA,NA,0,0,0,0.058,0,0,0,0,0.406690460032128,0.406690460032128,0.406690460032128,0,0
"No treatment effect",2000,40,0.738926532883414,1,0,0.0033076419477973,0.00441614384250854,0.00484610427950022,0,0.561946400283589,0.158,NA,NA,0,0,1,0.604,0,0,0,0,0.40489129937399,0.40489129937399,0.40489129937399,0,0
"No treatment effect",2000,41,0.354227052024501,0.471174764580871,0,-0.00695392760017368,0.00719057398337607,0,0,0.528885856209515,0.5,NA,NA,0,0,0,0,0,0,0,0,0.40786653591946,0.40786653591946,0.40786653591946,0,0
"No treatment effect",2000,42,0.891433737695332,1,0,-0.00876186647034228,-0.0451628862246145,0.00259832321720305,0,0.575765838206856,0.442,NA,NA,0,0,1,0.958,0,0,0,0,0.406686687197775,0.406686687197775,0.406686687197775,0,0
"No treatment effect",2000,43,0.733662829657668,0.989469369642449,0,-0.00833180470296325,-0.040408306314847,-0.0455352456598241,0,0.615505713279994,0.03,NA,NA,0,0,0,0.434,0,0,0,0,0.407045789597154,0.407045789597154,0.407045789597154,0,0
"No treatment effect",2000,44,0.751152712357306,1,0,0.00373600596601864,0.00987083333013793,0,0,0.528760678459848,0.506,NA,NA,0,0,0,0,0,0,0,0,0.40658293227083,0.40658293227083,0.40658293227083,0,0
"No treatment effect",2000,45,0.255216876983831,0.515648883211045,0,0.0157041537962859,-0.0139441466641951,0.0194651374727626,0,0.533421204492164,0.136,NA,NA,0,0,1,0.68,0,0,0,0,0.406953605927408,0.406953605927408,0.406953605927408,0,0
"No treatment effect",2000,46,0.617919724966401,1,0,-0.017387605395046,-0.0272007482061689,-0.00038096552990402,0,0.549468680872429,0.474,NA,NA,0,0,1,0.972,0,0,0,0,0.407528003178664,0.407528003178664,0.407528003178664,0,0
"No treatment effect",2000,47,0.227752759013995,0.24158690868255,0,0.0174652444009033,0.0213038470021417,0.0231230998511033,0,0.530448693363466,0.322,NA,NA,0,0,1,0.634,0,0,0,0,0.406558037350124,0.406558037350124,0.406558037350124,0,0
"No treatment effect",2000,48,0.492023168869827,0.811925041131302,0,-0.020450590891736,0.0105700763525721,-0.00227625765419093,0,0.556909105510768,0.238,NA,NA,0,0,0,0.518,0,0,0,0,0.406359789966736,0.406359789966736,0.406359789966736,0,0
"No treatment effect",2000,49,0.41280538461444,0.787553144627731,0,0.0106280896712639,-0.00743754506891283,0.0198296473398579,0,0.556376006789561,0.356,NA,NA,0,0,1,0.814,0,0,0,0,0.407714564940958,0.407714564940958,0.407714564940958,0,0
"No treatment effect",2000,50,0.540567983712773,0.462731639109797,0,0.00850185529036315,-0.0148037957531354,-0.00768836767239778,0,0.555897881728267,0.464,NA,NA,0,0,0,0.114,0,0,0,0,0.407027584771354,0.407027584771354,0.407027584771354,0,0
"No treatment effect",2000,51,0.0949282796995598,0.0595919765357069,0,-0.00364357142506959,0.0192032964419014,0.0146570587292607,0,0.530482864538152,0.168,NA,NA,0,0,0,0.594,0,0,0,0,0.407041367885047,0.407041367885047,0.407041367885047,0,0
"No treatment effect",2000,52,0.753088044529785,0.879659394280397,0,0.0122534623687197,-0.00940760231952731,0,0,0.559765229450525,0.474,NA,NA,0,0,0,0,0,0,0,0,0.407100351412814,0.407100351412814,0.407100351412814,0,0
"No treatment effect",2000,53,0.320948835920416,0.237636211837379,0,0.0155117258138396,0.00267255150552669,0.0134664862634278,0,0.555049923065715,0.05,NA,NA,0,0,0,0.584,0,0,0,0,0.406693510555737,0.406693510555737,0.406693510555737,0,0
"No treatment effect",2000,54,0.883069420374525,1,0,-0.00665929664189131,0.0405148124127133,0,0,0.565698443594231,0.154,NA,NA,0,0,1,1,0,0,0,0,0.406020211767996,0.406020211767996,0.406020211767996,0,0
"No treatment effect",2000,55,0.504640205928439,0.616828411230297,0,-0.00178569372932824,-0.00527846839565107,0,0,0.540658241899143,0.496,NA,NA,0,0,1,1,0,0,0,0,0.405905315798874,0.405905315798874,0.405905315798874,0,0
"No treatment effect",2000,56,0.999547804717676,1,0,-0.00348045352603815,0.0252419913501057,-0.0099289802617587,0,0.511561297471029,0.51,NA,NA,0,0,1,0.97,0,0,0,0,0.406893033084656,0.406893033084656,0.406893033084656,0,0
"No treatment effect",2000,57,0.047097714049802,0.215875176604526,1,0.000949463815768589,-0.00016308816581174,-0.00939565609301646,0,0.564193704457402,0.252,NA,NA,0,0,0,0.518,0,0,0,0,0.404860588411034,0.404860588411034,0.404860588411034,0,0
"No treatment effect",2000,58,0.500860804437749,0.584079335313478,0,0.0216093963228546,0.0190964112168811,0.039148739702717,0,0.518135143791863,0.272,NA,NA,0,0,1,0.51,0,0,0,0,0.406469236228782,0.406469236228782,0.406469236228782,0,0
"No treatment effect",2000,59,0.0261641477754226,0.124428830892296,1,0.0237301597675289,0.0283576485941558,0.0314708862163772,0,0.516498399211588,0.282,NA,NA,0,0,1,0.724,0,0,0,0,0.407509838214689,0.407509838214689,0.407509838214689,0,0
"No treatment effect",2000,60,0.704351837311482,1,0,-0.0360758226116247,-0.0206233910269633,-0.00480315866999448,0,0.518761982441902,0.496,NA,NA,0,0,1,0.982,0,0,0,0,0.405221194297201,0.405221194297201,0.405221194297201,0,0
"No treatment effect",2000,61,0.425882394539204,0.658025257573145,0,-0.00973891164044173,-0.0144194189427595,-0.0131162134506844,0,0.586132357150414,0.192,NA,NA,0,0,0,0.038,0,0,0,0,0.407690789964014,0.407690789964014,0.407690789964014,0,0
"No treatment effect",2000,62,0.262080830817603,0.198163242515168,0,0.0155707318990654,0.00501746999607351,-0.000171247229880322,0,0.519099364354226,0.316,NA,NA,0,0,1,0.984,0,0,0,0,0.405617059201826,0.405617059201826,0.405617059201826,0,0
"No treatment effect",2000,63,0.310370409120105,0.280191555908916,0,-0.00628020115325627,-0.0161988268122371,-0.00872237897093381,0,0.594149630074869,0.1,NA,NA,0,0,0,0.206,0,0,0,0,0.406476091163226,0.406476091163226,0.406476091163226,0,0
"No treatment effect",2000,64,0.330364833509102,0.258597150280191,0,-0.0124770593268978,0.0039267080234508,0.0104540215447719,0,0.519791469675213,0.398,NA,NA,0,0,1,0.766,0,0,0,0,0.406508084091647,0.406508084091647,0.406508084091647,0,0
"No treatment effect",2000,65,0.115572415501923,0.0649797312809089,0,0.0107549995125004,0.00235906121733361,0.00294757335347839,0,0.548252765974093,0.362,NA,NA,0,0,0,0.014,0,0,0,0,0.406836926510668,0.406836926510668,0.406836926510668,0,0
"No treatment effect",2000,66,0.989602319690724,1,0,0.0046280266849803,0.0330761133930437,0.00683982725361038,0,0.496598730792119,0.38,NA,NA,0,0,1,0.734,0,0,0,0,0.40690620820246,0.40690620820246,0.40690620820246,0,0
"No treatment effect",2000,67,0.626556806568092,0.571430740887416,0,-0.00300116504153387,-0.00300788014205354,-0.0187397075535065,0,0.539628444929984,0.428,NA,NA,0,0,0,0.5,0,0,0,0,0.406821592949936,0.406821592949936,0.406821592949936,0,0
"No treatment effect",2000,68,0.0145654909473857,0.0349498290750121,1,0.00825505981137148,0.00661050718724901,0.000192799855497083,0,0.597207372352442,0.048,NA,NA,0,0,0,0.092,0,0,0,0,0.406340016081716,0.406340016081716,0.406340016081716,0,0
"No treatment effect",2000,69,0.670276427143819,0.648010367509222,0,-0.00914221610492131,0.0120954835441329,0.0160854774250447,0,0.541974226975343,0.102,NA,NA,0,0,0,0.188,0,0,0,0,0.406385231987215,0.406385231987215,0.406385231987215,0,0
"No treatment effect",2000,70,0.290801919266404,0.621403207802333,0,0.00499319048521277,0.0150645380353997,-0.0159265436579892,0,0.529737678285942,0.506,NA,NA,0,0,1,0.008,0,0,0,0,0.405967423263337,0.405967423263337,0.405967423263337,0,0
"No treatment effect",2000,71,0.079050078269391,0.151508383742885,0,0.0109627062089593,-0.0155671388303664,0.0279585827143528,0,0.559595095899111,0.26,NA,NA,0,0,1,0.552,0,0,0,0,0.406639359397761,0.406639359397761,0.406639359397761,0,0
"No treatment effect",2000,72,0.960932683009663,1,0,-0.0130156095491933,0.0260124911648332,0,0,0.49677928218056,0.54,NA,NA,0,0,1,1,0,0,0,0,0.406959173009672,0.406959173009672,0.406959173009672,0,0
"No treatment effect",2000,73,0.86198954856526,1,0,-0.00777052132716578,0.00918760682955065,-0.00366656073301863,0,0.527311693195298,0.476,NA,NA,0,0,1,0.89,0,0,0,0,0.407411099328018,0.407411099328018,0.407411099328018,0,0
"No treatment effect",2000,74,0.109258082613168,0.139120159933159,0,0.00810350841926968,0.00362663193672186,0.0222175274013552,0,0.527746358515384,0.452,NA,NA,0,0,1,0.894,0,0,0,0,0.407272874575165,0.407272874575165,0.407272874575165,0,0
"No treatment effect",2000,75,0.522429046620229,0.802205576310129,0,0.0130840037373107,-0.016493676352592,0,0,0.549851431837029,0.468,NA,NA,0,0,1,1,0,0,0,0,0.407003239268676,0.407003239268676,0.407003239268676,0,0
"No treatment effect",2000,76,0.571648795764579,0.477160478264493,0,0.0266613975790455,0.00345908230185853,0.0316576361876518,0,0.547748210582626,0.404,NA,NA,0,0,1,0.862,0,0,0,0,0.407798815875101,0.407798815875101,0.407798815875101,0,0
"No treatment effect",2000,77,0.643685426838102,0.704181504079099,0,-0.0241601698252018,-0.0266228047114964,-0.0461737105451357,0,0.610894529710062,0.19,NA,NA,0,0,1,0.428,0,0,0,0,0.407185714219954,0.407185714219954,0.407185714219954,0,0
"No treatment effect",2000,78,0.322260668388162,0.226447449248405,0,-0.0041011603430104,-0.0129480549335041,-0.0142718452341028,0,0.621407676002342,0.09,NA,NA,0,0,0,0.32,0,0,0,0,0.405692957264115,0.405692957264115,0.405692957264115,0,0
"No treatment effect",2000,79,0.633796510116245,0.91194683676664,0,0.0122706803566289,0.00551440114691315,-0.00212586236423445,0,0.536976335841303,0.492,NA,NA,0,0,0,0.002,0,0,0,0,0.405505482820751,0.405505482820751,0.405505482820751,0,0
"No treatment effect",2000,80,0.621371147834556,0.556630466509723,0,0.00567675743336596,0.0291453369869075,0.0347910287453683,0,0.525900534333645,0.244,NA,NA,0,0,0,0.386,0,0,0,0,0.406616662439893,0.406616662439893,0.406616662439893,0,0
"No treatment effect",2000,81,0.621060974971189,0.898815672568766,0,-0.0119847356590165,-0.00417520494308488,-0.00332529360012562,0,0.548265187351438,0.478,NA,NA,0,0,0,0.004,0,0,0,0,0.408337527922983,0.408337527922983,0.408337527922983,0,0
"No treatment effect",2000,82,0.861680977762704,1,0,-0.0001561631246291,-0.00725014890953959,0.00124899537729345,0,0.553009561904154,0.238,NA,NA,0,0,0,0.476,0,0,0,0,0.407081012067265,0.407081012067265,0.407081012067265,0,0
"No treatment effect",2000,83,0.168603109571266,0.077956916526585,0,-0.00551688685073904,-0.00408865142411954,0.00248977971886899,0,0.531215250676606,0.486,NA,NA,0,0,1,0.96,0,0,0,0,0.406081564765658,0.406081564765658,0.406081564765658,0,0
"No treatment effect",2000,84,0.377553886620238,0.708740689899568,0,0.00913553493910891,-0.000491915122332111,0.0303303851108855,0,0.560924707751106,0.08,NA,NA,0,0,1,0.15,0,0,0,0,0.405401317944689,0.405401317944689,0.405401317944689,0,0
"No treatment effect",2000,85,0.476800574464515,0.404850049878125,0,-0.00329027289689636,0.00733104695713251,-0.00263212405883362,0,0.588973860509416,0.102,NA,NA,0,0,1,0.838,0,0,0,0,0.406573463972163,0.406573463972163,0.406573463972163,0,0
"No treatment effect",2000,86,0.0903557151907037,0.0536235458519581,0,0.0134804496353677,0.0600100913076458,0.0470863644211136,0,0.479352599212204,0.38,NA,NA,0,0,0,0.34,0,0,0,0,0.406954473510683,0.406954473510683,0.406954473510683,0,0
"No treatment effect",2000,87,0.875442107419176,1,0,0.0164565662083625,0.0350091966686795,0.0279905720916925,0,0.579966586653366,0.078,NA,NA,0,0,1,0.732,0,0,0,0,0.407052823655166,0.407052823655166,0.407052823655166,0,0
"No treatment effect",2000,88,0.829770405858997,1,0,-0.000766912536037116,-0.022916465369075,-0.031987965637522,0,0.557647612227488,0.454,NA,NA,0,0,0,0.382,0,0,0,0,0.404785903264749,0.404785903264749,0.404785903264749,0,0
"No treatment effect",2000,89,0.434620170700817,0.607325810420191,0,-0.00137160523364351,-0.025389983143527,0.00297175737273514,0,0.633970298219014,0.028,NA,NA,0,0,0,0.054,0,0,0,0,0.408033380587705,0.408033380587705,0.408033380587705,0,0
"No treatment effect",2000,90,0.184376838930958,0.245520251742972,0,0.0141949242700699,0.0345092149347023,0.0049015913837408,0,0.508535562801999,0.516,NA,NA,0,0,1,0.976,0,0,0,0,0.407226292743419,0.407226292743419,0.407226292743419,0,0
"No treatment effect",2000,91,0.14410596857357,0.143890446726304,0,0.0170675397143824,0.0377811623667878,0.048309846475747,0,0.514331526160672,0.474,NA,NA,0,0,0,0.888,0,0,0,0,0.406616620315616,0.406616620315616,0.406616620315616,0,0
"No treatment effect",2000,92,0.586582510930924,1,0,0.00501547764761462,-0.011874101915987,-0.00779945544446564,0,0.549691048116298,0.29,NA,NA,0,0,0,0.582,0,0,0,0,0.408052318076654,0.408052318076654,0.408052318076654,0,0
"No treatment effect",2000,93,0.315372666035137,0.537244545672698,0,0.00399872038816717,-0.0037022264380005,0.00345119000473676,0,0.569878018405688,0.196,NA,NA,0,0,0,0.402,0,0,0,0,0.405520225658868,0.405520225658868,0.405520225658868,0,0
"No treatment effect",2000,94,0.257028068121653,0.358842112105954,0,0.00266530401751149,-0.0243483581553386,-0.00726957574666987,0,0.566176039103937,0.048,NA,NA,0,0,0,0.396,0,0,0,0,0.405647460998061,0.405647460998061,0.405647460998061,0,0
"No treatment effect",2000,95,0.695201765129765,0.811041621817334,0,-0.00239074295250259,-0.0112613349102397,-0.00296855385961436,0,0.709339182009851,0.032,NA,NA,0,0,1,0.236,0,0,0,0,0.405981722162741,0.405981722162741,0.405981722162741,0,0
"No treatment effect",2000,96,0.325128855098799,0.504997150275964,0,-0.00533438671741752,-0.0255521798110074,0.00450151526356141,0,0.551372915486633,0.416,NA,NA,0,0,1,0.868,0,0,0,0,0.406001583546912,0.406001583546912,0.406001583546912,0,0
"No treatment effect",2000,97,0.178553648855161,0.139640908436367,0,0.028247629699396,0.0139663045851868,0.0517413471158215,0,0.575673013503285,0.052,NA,NA,0,0,1,0.616,0,0,0,0,0.405210878695969,0.405210878695969,0.405210878695969,0,0
"No treatment effect",2000,98,0.691403331362665,1,0,0.00562766810133364,-0.0348311218845987,-0.0639236122724225,0,0.595135171943518,0.288,NA,NA,0,0,0,0.616,0,0,0,0,0.407871576665397,0.407871576665397,0.407871576665397,0,0
"No treatment effect",2000,99,0.780067517500986,0.936850090000581,0,-0.00428459145989539,-0.0338937486626352,-0.00417042491577346,0,0.566372931658422,0.452,NA,NA,0,0,1,0.96,0,0,0,0,0.406054933507823,0.406054933507823,0.406054933507823,0,0
"No treatment effect",2000,100,0.445802399262065,0.589208031089431,0,-0.0135592481810903,-0.0156712266928803,-0.00751196130773341,0,0.603500574143285,0.172,NA,NA,0,0,0,0.034,0,0,0,0,0.405238904319942,0.405238904319942,0.405238904319942,0,0
"No treatment effect",2000,101,0.640680103021635,1,0,-0.00310989861088312,-0.0282583891108259,-0.0177529415450697,0,0.559850160234154,0.17,NA,NA,0,0,0,0.22,0,0,0,0,0.406045002224496,0.406045002224496,0.406045002224496,0,0
"No treatment effect",2000,102,0.88846874541295,1,0,-0.024841404418266,-0.0133219903697301,-0.0274643196165518,0,0.742980459809649,0.022,NA,NA,0,0,1,0.828,0,0,0,0,0.406297585102138,0.406297585102138,0.406297585102138,0,0
"No treatment effect",2000,103,0.573074607229012,0.61172546268567,0,0.00591551714216672,0.0168216792726975,0.00259055717676732,0,0.518758061453312,0.484,NA,NA,0,0,1,0.968,0,0,0,0,0.404790574362541,0.404790574362541,0.404790574362541,0,0
"No treatment effect",2000,104,0.905831256650726,1,0,-0.00249966195879679,-0.0044223843446253,-0.000362191789836042,0,0.534756646137854,0.5,NA,NA,0,0,0,0.032,0,0,0,0,0.407923813027037,0.407923813027037,0.407923813027037,0,0
"No treatment effect",2000,105,0.920059788787035,1,0,-0.00519770591746343,-0.0190086825501187,-0.0090703232995123,0,0.560354422487319,0.456,NA,NA,0,0,1,0.956,0,0,0,0,0.409069523172587,0.409069523172587,0.409069523172587,0,0
"No treatment effect",2000,106,0.798982535407925,1,0,-0.0132756115473116,-0.00927936422990921,0.00659705845497244,0,0.809250077548241,0.016,NA,NA,0,0,1,0.994,0,0,0,0,0.407905074654039,0.407905074654039,0.407905074654039,0,0
"No treatment effect",2000,107,0.297819902609752,0.232204311920764,0,0.00132136023246985,0.00807946308417163,0.000217645702930869,0,0.537270382778056,0.458,NA,NA,0,0,0,0.914,0,0,0,0,0.40621367653177,0.40621367653177,0.40621367653177,0,0
"No treatment effect",2000,108,0.885353270913751,1,0,0.00450832721989775,0.010470560800559,-0.00181375551741014,0,0.531839806177126,0.5,NA,NA,0,0,1,0.99,0,0,0,0,0.406350725224098,0.406350725224098,0.406350725224098,0,0
"No treatment effect",2000,109,0.354653994648652,0.544107930238058,0,-0.015318164323268,0.0793288433641473,0.00426711337963359,0,0.447667160664703,0.47,NA,NA,0,0,0,0.01,0,0,0,0,0.40586480926849,0.40586480926849,0.40586480926849,0,0
"No treatment effect",2000,110,0.338930961737659,0.253426648508118,0,0.00148915291577984,0.00423295216475576,0.0157176314551874,0,0.530147346225466,0.246,NA,NA,0,0,0,0.47,0,0,0,0,0.406929746171949,0.406929746171949,0.406929746171949,0,0
"No treatment effect",2000,111,0.669795783673161,0.975095876911612,0,-0.00361140159257832,0.0291429652924976,0.00207338599794626,0,0.545012421175378,0.21,NA,NA,0,0,1,0.994,0,0,0,0,0.40705249020611,0.40705249020611,0.40705249020611,0,0
"No treatment effect",2000,112,0.830222266092976,1,0,-0.0264815896390736,-0.0453024271439137,-0.0177574016074419,0,0.578599960919988,0.336,NA,NA,0,0,0,0.04,0,0,0,0,0.406764051752989,0.406764051752989,0.406764051752989,0,0
"No treatment effect",2000,113,0.380877534703076,0.448552308635283,0,0.00238935879235583,-0.01877419563008,-0.00350164133564279,0,0.559086567675484,0.264,NA,NA,0,0,0,0.016,0,0,0,0,0.408533695307192,0.408533695307192,0.408533695307192,0,0
"No treatment effect",2000,114,0.44452348871838,0.352640877146368,0,0.00517721422820503,0.0287020971622967,-0.00695412595586459,0,0.506058325397188,0.392,NA,NA,0,0,1,0.734,0,0,0,0,0.407276059463256,0.407276059463256,0.407276059463256,0,0
"No treatment effect",2000,115,0.103213424527759,0.21176519051321,0,0.00647285427754859,0.0263677140487353,0.02074622500075,0,0.533919304834644,0.43,NA,NA,0,0,0,0.85,0,0,0,0,0.406131673195365,0.406131673195365,0.406131673195365,0,0
"No treatment effect",2000,116,0.0245066575738421,0.0100792266855007,1,0.00625288523663499,-0.000453007252413964,0.0164279958174293,0,0.552613258812646,0.414,NA,NA,0,0,1,0.828,0,0,0,0,0.407611380186015,0.407611380186015,0.407611380186015,0,0
"No treatment effect",2000,117,0.610979588009538,0.560559478985946,0,0.0113760080118922,0.00867268395453771,-0.0022779713176308,0,0.538675105534315,0.474,NA,NA,0,0,0,0.15,0,0,0,0,0.406575900244022,0.406575900244022,0.406575900244022,0,0
"No treatment effect",2000,118,0.114171295207192,0.341505984039077,0,0.0110589475881855,-0.0301725202380232,0.0502076796725797,0,0.56811210469871,0.36,NA,NA,0,0,1,0.76,0,0,0,0,0.405769080340106,0.405769080340106,0.405769080340106,0,0
"No treatment effect",2000,119,0.330942631634516,0.246044906831541,0,0.00181160909461868,-0.015790603231667,-0.00740389876715891,0,0.556847796665706,0.464,NA,NA,0,0,0,0.258,0,0,0,0,0.405387624531373,0.405387624531373,0.405387624531373,0,0
"No treatment effect",2000,120,0.650617107126123,0.614142077490469,0,0.00653199264775842,0.0182665093938475,-0.0012408574603131,0,0.520598360529078,0.166,NA,NA,0,0,1,0.994,0,0,0,0,0.406893701772998,0.406893701772998,0.406893701772998,0,0
"No treatment effect",2000,121,0.342277710113709,0.286828005856689,0,-0.0112090518826908,-0.0442362026959079,-0.00502416329159222,0,0.563384325977641,0.464,NA,NA,0,0,0,0.15,0,0,0,0,0.406783025432004,0.406783025432004,0.406783025432004,0,0
"No treatment effect",2000,122,0.273274715823354,0.179411187420555,0,-0.0032012965031766,-0.0145486310641146,0.00435021714976819,0,0.581341425362627,0.168,NA,NA,0,0,1,0.35,0,0,0,0,0.405440827837993,0.405440827837993,0.405440827837993,0,0
"No treatment effect",2000,123,0.365535018772173,0.594223353352748,0,0.000948304172188758,0.0170193334235975,0.0332345565068972,0,0.573646884831789,0.122,NA,NA,0,0,0,0.494,0,0,0,0,0.406614055866215,0.406614055866215,0.406614055866215,0,0
"No treatment effect",2000,124,0.793400793082946,1,0,0.0256939875616588,0.023707147926175,0.0234352559691838,0,0.536943360014607,0.232,NA,NA,0,0,1,0.448,0,0,0,0,0.406711537307638,0.406711537307638,0.406711537307638,0,0
"No treatment effect",2000,125,0.211940742994616,0.165950728899495,0,0.0132527106353559,0.0255546277123579,0.0276599264792727,0,0.53046695281735,0.22,NA,NA,0,0,0,0.444,0,0,0,0,0.405874313740077,0.405874313740077,0.405874313740077,0,0
"No treatment effect",2000,126,0.443520934175677,0.607255149109373,0,-0.0123927041813406,-0.0495230579087566,-0.00500987831977812,0,0.583942710817486,0.374,NA,NA,0,0,1,0.82,0,0,0,0,0.405148756714651,0.405148756714651,0.405148756714651,0,0
"No treatment effect",2000,127,0.968194272535751,1,0,-0.000501962692596182,0.011725315620486,-0.00470506084152811,0,0.539098244428753,0.27,NA,NA,0,0,0,0.532,0,0,0,0,0.4052638121894,0.4052638121894,0.4052638121894,0,0
"No treatment effect",2000,128,0.709419444463975,1,0,0.0162312185419235,0.0146006098838375,0.0241885133981634,0,0.533605643586783,0.172,NA,NA,0,0,1,0.542,0,0,0,0,0.405826411931714,0.405826411931714,0.405826411931714,0,0
"No treatment effect",2000,129,0.904449514499622,1,0,0.0136113658013761,0.0143688402502513,0.00554923854054457,0,0.572631586256727,0.098,NA,NA,0,0,0,0.178,0,0,0,0,0.407714998915075,0.407714998915075,0.407714998915075,0,0
"No treatment effect",2000,130,0.575522888555945,0.866558535782893,0,-0.00877168188817524,-0.0212281145130169,-0.0164143218728089,0,0.568800420442977,0.166,NA,NA,0,0,1,0.606,0,0,0,0,0.406677815703637,0.406677815703637,0.406677815703637,0,0
"No treatment effect",2000,131,0.188034389116473,0.115907844722704,0,0.00498414030664938,-7.93253849039399e-05,0,0,0.548912137407516,0.436,NA,NA,0,0,0,0,0,0,0,0,0.407981144461982,0.407981144461982,0.407981144461982,0,0
"No treatment effect",2000,132,0.97156428983413,1,0,0.0071036312519525,0.0202355140333044,0.0258494712598367,0,0.515765810834775,0.154,NA,NA,0,0,0,0.278,0,0,0,0,0.406089959949904,0.406089959949904,0.406089959949904,0,0
"No treatment effect",2000,133,0.939499536551863,1,0,-0.0128010900131108,-0.0513782746806919,-0.0175935521158973,0,0.583569605491662,0.444,NA,NA,0,0,1,0.958,0,0,0,0,0.40646505075014,0.40646505075014,0.40646505075014,0,0
"No treatment effect",2000,134,0.277199279924841,0.17761315038474,0,-0.000186097873730729,0.00689308713487034,-0.0130979465282883,0,0.54280543104416,0.32,NA,NA,0,0,1,0.65,0,0,0,0,0.405221071793521,0.405221071793521,0.405221071793521,0,0
"No treatment effect",2000,135,0.93870257795959,1,0,-0.00632909457970891,-0.0773656304873837,-0.0217668508388458,0,0.602949885798485,0.384,NA,NA,0,0,0,0.052,0,0,0,0,0.405969934757462,0.405969934757462,0.405969934757462,0,0
"No treatment effect",2000,136,0.652839597363936,0.880218075840136,0,-0.00913754799274994,-0.0356883235426856,-0.0101391756282176,0,0.604867696536878,0.082,NA,NA,0,0,0,0.166,0,0,0,0,0.405254746989914,0.405254746989914,0.405254746989914,0,0
"No treatment effect",2000,137,0.147551876044409,0.340868697051887,0,0.0204284722878713,-0.0072713284861269,0.0451419048069023,0,0.572370008373842,0.062,NA,NA,0,0,1,0.614,0,0,0,0,0.40584623926223,0.40584623926223,0.40584623926223,0,0
"No treatment effect",2000,138,0.539942956934173,0.521729454145641,0,-0.0251736705126634,-0.0715620501385711,-0.00709241920268189,0,0.623856222215457,0.278,NA,NA,0,0,1,0.978,0,0,0,0,0.406717429913166,0.406717429913166,0.406717429913166,0,0
"No treatment effect",2000,139,0.544897695313643,0.676040268639334,0,-0.0170887743745988,-0.0116508973926408,-0.00894642502109383,0,0.575030901348055,0.24,NA,NA,0,0,0,0.504,0,0,0,0,0.406230509118323,0.406230509118323,0.406230509118323,0,0
"No treatment effect",2000,140,0.806772302918433,1,0,0.0147921985620969,0.051970035974139,0.0183011995608593,0,0.559166199110332,0.09,NA,NA,0,0,0,0.15,0,0,0,0,0.40711500959909,0.40711500959909,0.40711500959909,0,0
"No treatment effect",2000,141,0.633715234189661,0.82785215513814,0,0.0129326066692456,0.0334307019801942,0.00280145390970243,0,0.510304849048838,0.498,NA,NA,0,0,0,0.01,0,0,0,0,0.40582350896782,0.40582350896782,0.40582350896782,0,0
"No treatment effect",2000,142,0.889934705645965,1,0,0.0122157994444362,0.0322980844386778,0.00539676187714316,0,0.517701819000161,0.49,NA,NA,0,0,1,0.942,0,0,0,0,0.406895942870265,0.406895942870265,0.406895942870265,0,0
"No treatment effect",2000,143,0.360948939103592,0.24549999591074,0,0.00294188925740082,-0.00149768392057144,-0.00341239537089488,0,0.591509239147116,0.056,NA,NA,0,0,1,0.82,0,0,0,0,0.407918781108689,0.407918781108689,0.407918781108689,0,0
"No treatment effect",2000,144,0.347862357479897,0.391702442800531,0,-0.000475802011914094,-0.0550398743737992,-0.02810381952304,0,0.624462690482411,0.124,NA,NA,0,0,0,0.28,0,0,0,0,0.405727676574269,0.405727676574269,0.405727676574269,0,0
"No treatment effect",2000,145,0.421066023049072,0.446732319097984,0,0.00129476733364617,-0.00735109894811831,0.00546187112627594,0,0.545273303192709,0.48,NA,NA,0,0,1,0.996,0,0,0,0,0.4067704021407,0.4067704021407,0.4067704021407,0,0
"No treatment effect",2000,146,0.40240790447145,0.312244179662534,0,0.00522910642829132,-0.00168750773654584,0,0,0.551445721357589,0.17,NA,NA,0,0,1,1,0,0,0,0,0.406213406476687,0.406213406476687,0.406213406476687,0,0
"No treatment effect",2000,147,0.0323536951055581,0.0216831542737768,1,0.00378364921390413,0.00571362254297336,-0.00229482929333025,0,0.534888080100353,0.328,NA,NA,0,0,0,0.006,0,0,0,0,0.405387663870489,0.405387663870489,0.405387663870489,0,0
"No treatment effect",2000,148,0.681434134252605,0.817468068472747,0,-0.018075787124942,-0.0268033653302074,0.0047993169089029,0,0.548386434429464,0.476,NA,NA,0,0,1,0.974,0,0,0,0,0.407658649246192,0.407658649246192,0.407658649246192,0,0
"No treatment effect",2000,149,0.477880228504233,0.803224308955827,0,-0.000765036754756213,-0.0196378480024376,-0.00852307481878878,0,0.561939217357537,0.406,NA,NA,0,0,1,0.85,0,0,0,0,0.406000169811016,0.406000169811016,0.406000169811016,0,0
"No treatment effect",2000,150,0.627684820716259,0.698993500822384,0,-0.00805164333561758,-0.0300438831700322,0.0210989814265752,0,0.63722786676686,0.098,NA,NA,0,0,1,0.236,0,0,0,0,0.405571605375588,0.405571605375588,0.405571605375588,0,0
"No treatment effect",2000,151,0.255055909223852,0.49368370406093,0,-0.0131444674569369,-0.0471655340701491,-0.0092606477793486,0,0.598671867893872,0.328,NA,NA,0,0,1,0.74,0,0,0,0,0.406606975546417,0.406606975546417,0.406606975546417,0,0
"No treatment effect",2000,152,0.422752311025103,0.438039837009806,0,0.00105998394300521,0.0174857937750775,0.000532341315868046,0,0.610168700765106,0.068,NA,NA,0,0,0,0.144,0,0,0,0,0.40859276545514,0.40859276545514,0.40859276545514,0,0
"No treatment effect",2000,153,0.399401357471357,0.542172363008921,0,0.00115350920856889,0.00175146739372093,-0.000860795187829888,0,0.525103666981375,0.386,NA,NA,0,0,1,0.98,0,0,0,0,0.407064903335968,0.407064903335968,0.407064903335968,0,0
"No treatment effect",2000,154,0.526129213819351,0.471339211984623,0,-0.0184583896354576,-0.0302481937525348,-0.0321479872960303,0,0.559098763957912,0.39,NA,NA,0,0,0,0.34,0,0,0,0,0.407339968903897,0.407339968903897,0.407339968903897,0,0
"No treatment effect",2000,155,0.272264534291931,0.418662224456907,0,0.0130670950787901,-0.0172300124830974,-0.00309272608813416,0,0.583631825424294,0.094,NA,NA,0,0,1,0.956,0,0,0,0,0.40751814590494,0.40751814590494,0.40751814590494,0,0
"No treatment effect",2000,156,0.10557966737183,0.215635387500315,0,0.0115310348684043,-0.0318257163273929,0.00607640966236961,0,0.579924361793638,0.452,NA,NA,0,0,1,0.99,0,0,0,0,0.405711100211106,0.405711100211106,0.405711100211106,0,0
"No treatment effect",2000,157,0.144179328140149,0.237030931522785,0,0.0193122113524317,0.0710550877723435,-0.000722170518805354,0,0.497974895294351,0.19,NA,NA,0,0,0,0.004,0,0,0,0,0.406191327523875,0.406191327523875,0.406191327523875,0,0
"No treatment effect",2000,158,0.755503707574432,0.850920841185265,0,-0.0143762756495648,-0.00108639574267294,-0.00140285746438074,0,0.621514043735583,0.05,NA,NA,0,0,0,0.102,0,0,0,0,0.406856870003645,0.406856870003645,0.406856870003645,0,0
"No treatment effect",2000,159,0.295881853375471,0.484003144767189,0,0.029855074468331,0.0693461593534265,0.00615518056224262,0,0.487199991073684,0.394,NA,NA,0,0,0,0.016,0,0,0,0,0.406836833247418,0.406836833247418,0.406836833247418,0,0
"No treatment effect",2000,160,0.204547963368258,0.184417978409044,0,-0.0234624331532152,-0.0636272955338161,0.0301924594456586,0,0.672742160560859,0.086,NA,NA,0,0,1,0.29,0,0,0,0,0.40784497665734,0.40784497665734,0.40784497665734,0,0
"No treatment effect",2000,161,0.254055235829907,0.596562342730176,0,-0.0099140006227653,-0.0248562660993428,0.00172238699875876,0,0.571843524379437,0.238,NA,NA,0,0,1,0.998,0,0,0,0,0.406712140634032,0.406712140634032,0.406712140634032,0,0
"No treatment effect",2000,162,0.920894229792638,1,0,-0.0114013946762606,0.00381656116053601,-0.00146360473244034,0,0.640643640281288,0.07,NA,NA,0,0,1,0.996,0,0,0,0,0.408154685866943,0.408154685866943,0.408154685866943,0,0
"No treatment effect",2000,163,0.836645289989063,1,0,-0.020346130879768,-0.021189156336784,-0.00657800699088001,0,0.550849493338702,0.482,NA,NA,0,0,0,0.992,0,0,0,0,0.407395800354835,0.407395800354835,0.407395800354835,0,0
"No treatment effect",2000,164,0.792662983013232,1,0,-0.0208793167702799,-0.043433731270979,-0.0475809738889854,0,0.614359105746657,0.186,NA,NA,0,0,0,0.422,0,0,0,0,0.404732048081238,0.404732048081238,0.404732048081238,0,0
"No treatment effect",2000,165,0.438545791936119,0.326190765388754,0,0.0308143486506378,0.00840057958446825,0.0397478169718949,0,0.544044835474577,0.428,NA,NA,0,0,1,0.864,0,0,0,0,0.406591803726256,0.406591803726256,0.406591803726256,0,0
"No treatment effect",2000,166,0.988219135905861,1,0,-0.0062306949932345,-0.0104639016006815,0.00414362075671443,0,0.646486637944962,0.088,NA,NA,0,0,1,0.85,0,0,0,0,0.405827005952033,0.405827005952033,0.405827005952033,0,0
"No treatment effect",2000,167,0.887159822506776,1,0,-0.00494316262423723,0.0327983161442189,0.0138037662863625,0,0.508594863033839,0.47,NA,NA,0,0,0,0.362,0,0,0,0,0.405468426615466,0.405468426615466,0.405468426615466,0,0
"No treatment effect",2000,168,0.385877639613063,0.270943016206363,0,-0.0136235714518827,-0.00516034402225117,-0.0436919005783994,0,0.577185277059599,0.238,NA,NA,0,0,1,0.502,0,0,0,0,0.407812347869459,0.407812347869459,0.407812347869459,0,0
"No treatment effect",2000,169,0.953912512888003,1,0,0.00164637561863372,0.0120900840830321,0.00247084948476878,0,0.619845249353792,0.07,NA,NA,0,0,1,0.976,0,0,0,0,0.40710909056145,0.40710909056145,0.40710909056145,0,0
"No treatment effect",2000,170,0.948144600361262,1,0,-0.00182393248800983,0.0168956053717045,0.0076311436182116,0,0.511991023419901,0.354,NA,NA,0,0,1,0.782,0,0,0,0,0.406456030105505,0.406456030105505,0.406456030105505,0,0
"No treatment effect",2000,171,0.566869803147433,0.897025780931802,0,0.00759921671586455,0.00517075163198597,0.00174581400580393,0,0.535509386603804,0.35,NA,NA,0,0,0,0.002,0,0,0,0,0.406918850248851,0.406918850248851,0.406918850248851,0,0
"No treatment effect",2000,172,0.694329071061119,1,0,-0.0078900091166273,0.00111137069096553,-0.00301546607767678,0,0.547945022152142,0.418,NA,NA,0,0,0,0.008,0,0,0,0,0.406001727535671,0.406001727535671,0.406001727535671,0,0
"No treatment effect",2000,173,0.509732282180372,0.80334063797773,0,0.0101794678982361,-0.00448697481798256,0.00566966595683882,0,0.566084974758979,0.122,NA,NA,0,0,1,0.964,0,0,0,0,0.407840878783564,0.407840878783564,0.407840878783564,0,0
"No treatment effect",2000,174,0.475168667557251,0.512292733023422,0,-0.00405290826145163,0.00550379182483389,-0.0261354146139207,0,0.547127288100106,0.378,NA,NA,0,0,1,0.764,0,0,0,0,0.40847925622758,0.40847925622758,0.40847925622758,0,0
"No treatment effect",2000,175,0.839530493799344,1,0,-0.0202743413443717,-0.0271680284869318,0.0105310896673299,0,0.644687081475357,0.122,NA,NA,0,0,1,0.838,0,0,0,0,0.408800868621852,0.408800868621852,0.408800868621852,0,0
"No treatment effect",2000,176,0.239700010096466,0.2658825625718,0,0.00840479180870917,-0.00554883751182944,0.00207114167290062,0,0.542751284167736,0.296,NA,NA,0,0,0,0.586,0,0,0,0,0.407982732882253,0.407982732882253,0.407982732882253,0,0
"No treatment effect",2000,177,0.0170730887132012,0.0094427192448741,1,0.01492300570871,-0.0351506754545905,0,0,0.581536122405427,0.34,NA,NA,0,0,0,0,0,0,0,0,0.40724587682517,0.40724587682517,0.40724587682517,0,0
"No treatment effect",2000,178,0.912677086017701,1,0,0.00276753762148156,0.0151118515683316,0.00293093163954661,0,0.529737678285942,0.506,NA,NA,0,0,0,0.006,0,0,0,0,0.40656220726461,0.40656220726461,0.40656220726461,0,0
"No treatment effect",2000,179,0.83644976915843,1,0,-0.0241614810333934,-0.0126317510170905,-0.0236753922256802,0,0.541714485745238,0.386,NA,NA,0,0,1,0.78,0,0,0,0,0.406387759025451,0.406387759025451,0.406387759025451,0,0
"No treatment effect",2000,180,0.406791774260936,0.380487189747863,0,0.00612118745401912,-0.0170438274617914,-0.0124597484735793,0,0.630540544227115,0.07,NA,NA,0,0,0,0.152,0,0,0,0,0.406130615270133,0.406130615270133,0.406130615270133,0,0
"No treatment effect",2000,181,0.250234247564216,0.201925806860292,0,0.00355938391438084,-0.0220902694644295,-0.00556025184366155,0,0.546442884248975,0.06,NA,NA,0,0,1,0.77,0,0,0,0,0.40764577140766,0.40764577140766,0.40764577140766,0,0
"No treatment effect",2000,182,0.791220671018435,1,0,-0.0293909083110833,-0.0343916409384715,-0.010229624785847,0,0.553268536565884,0.474,NA,NA,0,0,1,0.98,0,0,0,0,0.405581658592308,0.405581658592308,0.405581658592308,0,0
"No treatment effect",2000,183,0.896630881652465,1,0,-0.0185536445683623,0.00101952434938134,-0.00892662721476056,0,0.815339483370653,0.02,NA,NA,0,0,1,0.874,0,0,0,0,0.405936722544386,0.405936722544386,0.405936722544386,0,0
"No treatment effect",2000,184,0.989067247297878,1,0,-0.0221027672708842,-0.00569044523798337,0.00163462119876229,0,0.628876732802201,0.056,NA,NA,0,0,1,0.998,0,0,0,0,0.405578830701811,0.405578830701811,0.405578830701811,0,0
"No treatment effect",2000,185,0.113152615002449,0.138168547471031,0,0.0130274531202258,0.00206459445494677,0.031764725031175,0,0.544854838304322,0.212,NA,NA,0,0,1,0.414,0,0,0,0,0.408745757211941,0.408745757211941,0.408745757211941,0,0
"No treatment effect",2000,186,0.27508133142835,0.153338527132794,0,-0.0127204065853085,0.0469211941719854,-0.0938979741160901,0,0.486497330994442,0.172,NA,NA,0,0,1,0.57,0,0,0,0,0.406913584956229,0.406913584956229,0.406913584956229,0,0
"No treatment effect",2000,187,0.636982975648489,1,0,-0.0125688796890261,-0.0216715611502937,-0.0134513965757604,0,0.605693584177351,0.126,NA,NA,0,0,1,0.924,0,0,0,0,0.405819331586078,0.405819331586078,0.405819331586078,0,0
"No treatment effect",2000,188,0.878259146673204,1,0,-0.0209140990789593,-0.00905478457602971,-0.0216960705415638,0,0.582436113298048,0.23,NA,NA,0,0,0,0.49,0,0,0,0,0.405233125076347,0.405233125076347,0.405233125076347,0,0
"No treatment effect",2000,189,0.703921966861293,0.808796289095212,0,-0.00155571946021961,0.00136486608120239,0.00659202543284854,0,0.519860996453031,0.452,NA,NA,0,0,0,0.02,0,0,0,0,0.408779009776191,0.408779009776191,0.408779009776191,0,0
"No treatment effect",2000,190,0.78389609757354,0.978292331021631,0,-0.00134383423289202,0.00989655073980217,-0.0242391175400327,0,0.561831374550023,0.142,NA,NA,0,0,1,0.28,0,0,0,0,0.405652282334098,0.405652282334098,0.405652282334098,0,0
"No treatment effect",2000,191,0.697874900279989,1,0,0.00930356392075758,-0.00517896124886611,0.0287408994074608,0,0.561019092194046,0.194,NA,NA,0,0,1,0.39,0,0,0,0,0.407253281034103,0.407253281034103,0.407253281034103,0,0
"No treatment effect",2000,192,0.335245916620368,0.322488466606087,0,-0.00211168962949899,0.00549264828545362,0,0,0.537317604622192,0.372,NA,NA,0,0,1,1,0,0,0,0,0.405720688488706,0.405720688488706,0.405720688488706,0,0
"No treatment effect",2000,193,0.516761536536017,0.414418323474946,0,-0.00366524465682144,0.022103593069858,0.0245171617885879,0,0.528514780708833,0.342,NA,NA,0,0,0,0.662,0,0,0,0,0.408856489262758,0.408856489262758,0.408856489262758,0,0
"No treatment effect",2000,194,0.989118674806665,1,0,-0.0265978859481136,-0.0543617670553596,-0.0322681399929818,0,0.757247532909422,0.036,NA,NA,0,0,0,0.146,0,0,0,0,0.406163714671573,0.406163714671573,0.406163714671573,0,0
"No treatment effect",2000,195,0.646848322260475,0.801932036737571,0,-0.000209171287699292,-0.0185748358500011,0.00484710826100676,0,0.550166602398348,0.478,NA,NA,0,0,1,0.982,0,0,0,0,0.406731500543366,0.406731500543366,0.406731500543366,0,0
"No treatment effect",2000,196,0.195536952646595,0.373773967379452,0,-0.00462555408616341,-0.0551648904261259,-0.0813328824519308,0,0.593689717371738,0.342,NA,NA,0,0,0,0.764,0,0,0,0,0.405885298353753,0.405885298353753,0.405885298353753,0,0
"No treatment effect",2000,197,0.397665154210326,0.636899569613729,0,-0.0124564474858767,-0.0103044490385542,0.0097341016855691,0,0.560791100783716,0.264,NA,NA,0,0,0,0.038,0,0,0,0,0.406118201997361,0.406118201997361,0.406118201997361,0,0
"No treatment effect",2000,198,0.854858451910318,1,0,-0.0128867582592241,5.72220379023176e-05,0.00338466274527754,0,0.547388905696172,0.356,NA,NA,0,0,0,0.424,0,0,0,0,0.405904674733748,0.405904674733748,0.405904674733748,0,0
"No treatment effect",2000,199,0.215344695168984,0.290609896620765,0,0.00355509873093625,-0.0242441219981622,0.00727839847315831,0,0.564217620053622,0.092,NA,NA,0,0,0,0.176,0,0,0,0,0.406036437150407,0.406036437150407,0.406036437150407,0,0
"No treatment effect",2000,200,0.621064733079925,0.75846877554633,0,0.00192958273492868,-0.0204407977748963,-0.0266357080485624,0,0.549418692050885,0.036,NA,NA,0,0,0,0.506,0,0,0,0,0.407164630520177,0.407164630520177,0.407164630520177,0,0
"No treatment effect",2000,201,0.870858735971024,1,0,0.00201827645437682,0.0130327802403309,0.0340808685817117,0,0.588323003419808,0.084,NA,NA,0,0,0,0.83,0,0,0,0,0.407152225960856,0.407152225960856,0.407152225960856,0,0
"No treatment effect",2000,202,0.771694805697989,1,0,-0.0198404032445391,0.0105138598542291,-0.0027317359889959,0,0.525021045040848,0.394,NA,NA,0,0,1,0.92,0,0,0,0,0.406835149936486,0.406835149936486,0.406835149936486,0,0
"No treatment effect",2000,203,0.314059741286953,0.372873938761013,0,0.00207114269135057,-0.0031290513872843,0.0134326307177227,0,0.619592536367403,0.076,NA,NA,0,0,1,0.456,0,0,0,0,0.406745739611141,0.406745739611141,0.406745739611141,0,0
"No treatment effect",2000,204,0.566316780625756,0.518350744202914,0,-0.00580852763338323,0.023984728393852,-0.00260233944944316,0,0.522494902235482,0.338,NA,NA,0,0,1,0.998,0,0,0,0,0.407586431186025,0.407586431186025,0.407586431186025,0,0
"No treatment effect",2000,205,0.248323784723447,0.378042648652577,0,-0.00228486662204274,0.0193978586990841,-0.00808506080904009,0,0.506538034927174,0.52,NA,NA,0,0,0,0.084,0,0,0,0,0.4067233734616,0.4067233734616,0.4067233734616,0,0
"No treatment effect",2000,206,0.850253031022582,1,0,0.011385315992125,0.00845408834226085,-0.0145710890383983,0,0.857676129862547,0.01,NA,NA,0,0,0,0.032,0,0,0,0,0.406384588178576,0.406384588178576,0.406384588178576,0,0
"No treatment effect",2000,207,0.64640382827533,0.976189632552007,0,0.0103868014165377,0.0139229260242491,0.0304402298157437,0,0.524888280097616,0.5,NA,NA,0,0,0,0.288,0,0,0,0,0.405479130106285,0.405479130106285,0.405479130106285,0,0
"No treatment effect",2000,208,0.888444114654588,1,0,-0.00769800638764139,0.00459538635794355,0.000156056643010161,0,0.520748364361228,0.516,NA,NA,0,0,0,0.004,0,0,0,0,0.405573647533987,0.405573647533987,0.405573647533987,0,0
"No treatment effect",2000,209,0.205168024351253,0.389392860757515,0,-0.00804210852732118,-0.00930322005029578,0.00724105673584935,0,0.568060139038601,0.114,NA,NA,0,0,0,0.224,0,0,0,0,0.404005738826387,0.404005738826387,0.404005738826387,0,0
"No treatment effect",2000,210,0.394967076264425,0.358764138932357,0,-0.0100581020229607,-0.0419133301835153,0.0162293441743931,0,0.578476096040028,0.42,NA,NA,0,0,1,0.776,0,0,0,0,0.405713385294574,0.405713385294574,0.405713385294574,0,0
"No treatment effect",2000,211,0.705559565292022,0.970299642933183,0,0.00872682607124664,0.0128429676200837,0.012633299452695,0,0.517492771805315,0.44,NA,NA,0,0,1,0.87,0,0,0,0,0.404844519056738,0.404844519056738,0.404844519056738,0,0
"No treatment effect",2000,212,0.104961049177383,0.0636102754595371,0,0.0129162924874156,0.0222910914283042,0.00838900088961941,0,0.547753162898151,0.088,NA,NA,0,0,0,0.168,0,0,0,0,0.40668849869585,0.40668849869585,0.40668849869585,0,0
"No treatment effect",2000,213,0.802712130494735,0.988331945774701,0,-0.0233797861888759,-0.00438271849426355,0.00156404435869706,0,0.541134405704763,0.42,NA,NA,0,0,0,0.04,0,0,0,0,0.40686041318703,0.40686041318703,0.40686041318703,0,0
"No treatment effect",2000,214,0.360761394819226,0.237899691122052,0,-0.00566449176036443,-0.0163832045251964,-0.0124737247125642,0,0.579027033773226,0.148,NA,NA,0,0,0,0.304,0,0,0,0,0.406484885663767,0.406484885663767,0.406484885663767,0,0
"No treatment effect",2000,215,0.924833236369846,1,0,0.000417658572745336,-0.0249346766310913,-0.00291906777927375,0,0.562844877133069,0.47,NA,NA,0,0,1,0.992,0,0,0,0,0.407606214834076,0.407606214834076,0.407606214834076,0,0
"No treatment effect",2000,216,0.178688148989727,0.303348281277968,0,0.00852730360443887,0.0100938664707901,0.0237401223868892,0,0.542801853719119,0.208,NA,NA,0,0,1,0.488,0,0,0,0,0.407304299023133,0.407304299023133,0.407304299023133,0,0
"No treatment effect",2000,217,0.0787064167391715,0.128240035473558,0,0.0163956094024838,0.00842196582441317,0.0152379769857914,0,0.54347621845203,0.458,NA,NA,0,0,1,0.926,0,0,0,0,0.406622308883913,0.406622308883913,0.406622308883913,0,0
"No treatment effect",2000,218,0.204695472159739,0.297389003910459,0,-0.00164834396418039,-0.0277502679162708,0.00775690938193707,0,0.635123453090695,0.046,NA,NA,0,0,0,0.148,0,0,0,0,0.404648364745783,0.404648364745783,0.404648364745783,0,0
"No treatment effect",2000,219,0.0532854659069289,0.0231799758318971,0,0.0125355758352792,0.0462624246161155,0.0138578074283425,0,0.570525556157856,0.068,NA,NA,0,0,0,0.128,0,0,0,0,0.406001852582933,0.406001852582933,0.406001852582933,0,0
"No treatment effect",2000,220,0.716014982663298,0.79571387064842,0,0.00131236405134775,-0.0147252732423789,-0.0175266915804774,0,0.590629578082791,0.198,NA,NA,0,0,0,0.426,0,0,0,0,0.407197863355939,0.407197863355939,0.407197863355939,0,0
"No treatment effect",2000,221,0.469399806899798,0.437210527450076,0,-0.0182628569630179,-0.044196779390226,-0.00658985415518482,0,0.58711874555832,0.196,NA,NA,0,0,1,0.988,0,0,0,0,0.406693914264407,0.406693914264407,0.406693914264407,0,0
"No treatment effect",2000,222,0.420960847826335,0.388830705804996,0,-0.0120024915110873,-0.0124670694397187,-0.0184319432558526,0,0.561209579377331,0.286,NA,NA,0,0,1,0.6,0,0,0,0,0.406608506895515,0.406608506895515,0.406608506895515,0,0
"No treatment effect",2000,223,0.169082384747385,0.336558083427945,0,0.0109970033283338,0.0184278405292305,0.00369032156346405,0,0.526037891000394,0.414,NA,NA,0,0,0,0.016,0,0,0,0,0.406657313708606,0.406657313708606,0.406657313708606,0,0
"No treatment effect",2000,224,0.421464170254639,0.355932574026071,0,0.000980868121529061,-0.00265221285280034,0.0180133227303091,0,0.534177268253355,0.304,NA,NA,0,0,1,0.592,0,0,0,0,0.406611840865601,0.406611840865601,0.406611840865601,0,0
"No treatment effect",2000,225,0.0215881051519197,0.0128733688051105,1,-0.00703654192040229,0.0185825367803057,-0.0194012263052605,0,0.710365964205306,0.016,NA,NA,0,0,1,0.704,0,0,0,0,0.407618836384227,0.407618836384227,0.407618836384227,0,0
"No treatment effect",2000,226,0.114003711307584,0.102473425451284,0,0.00903434727956492,-0.0212289562438238,0.0104440353065375,0,0.61012031834135,0.112,NA,NA,0,0,1,0.84,0,0,0,0,0.405926047106751,0.405926047106751,0.405926047106751,0,0
"No treatment effect",2000,227,0.578040597687311,0.702005489053337,0,-0.0047623902087285,-0.004290016805401,-0.00413962336071283,0,0.549459245172924,0.346,NA,NA,0,0,0,0.694,0,0,0,0,0.404493244994477,0.404493244994477,0.404493244994477,0,0
"No treatment effect",2000,228,0.74071459330456,1,0,-0.00524996146830153,-0.00845840212600259,0.0103194317857821,0,0.53826587973851,0.484,NA,NA,0,0,1,0.97,0,0,0,0,0.405226073646709,0.405226073646709,0.405226073646709,0,0
"No treatment effect",2000,229,0.171854876288971,0.0821483679916423,0,0.00361771902365592,-0.0102005595551895,0.0022927866229574,0,0.558676715944845,0.358,NA,NA,0,0,1,0.762,0,0,0,0,0.405070341773706,0.405070341773706,0.405070341773706,0,0
"No treatment effect",2000,230,0.737396804506627,1,0,-0.0145454334014414,-0.0211192320859496,0,0,0.536680937248938,0.5,NA,NA,0,0,0,0,0,0,0,0,0.405425058193508,0.405425058193508,0.405425058193508,0,0
"No treatment effect",2000,231,0.018146694444766,0.0223174218528488,1,0.0114458601781895,0.00815342403372305,0.00961005214428384,0,0.558827734516597,0.14,NA,NA,0,0,0,0.314,0,0,0,0,0.40466258471003,0.40466258471003,0.40466258471003,0,0
"No treatment effect",2000,232,0.222353622018169,0.33511823712145,0,-0.0066424318071508,0.0189673067831461,0.000461858747877464,0,0.516724502882749,0.51,NA,NA,0,0,0,0.012,0,0,0,0,0.407061235695224,0.407061235695224,0.407061235695224,0,0
"No treatment effect",2000,233,0.442968672318791,0.690830500949664,0,-0.000955167171664091,-0.0191996225550576,0.0148774368173191,0,0.569839038899933,0.374,NA,NA,0,0,1,0.596,0,0,0,0,0.40701174434175,0.40701174434175,0.40701174434175,0,0
"No treatment effect",2000,234,0.857530326162203,1,0,-0.0133074328126121,-0.0116777549406838,-0.00397052160064393,0,0.530809494228083,0.502,NA,NA,0,0,0,0.004,0,0,0,0,0.408837688186323,0.408837688186323,0.408837688186323,0,0
"No treatment effect",2000,235,0.547674981144837,0.830463373610558,0,-0.00435135526928935,0.0203981036150288,-0.0259455314328484,0,0.528265136683537,0.356,NA,NA,0,0,1,0.69,0,0,0,0,0.406425293449758,0.406425293449758,0.406425293449758,0,0
"No treatment effect",2000,236,0.56317159751019,0.717372726857278,0,-0.000993764762148091,0.0117778643669763,0.011313482739004,0,0.519745202487236,0.386,NA,NA,0,0,1,0.738,0,0,0,0,0.405978779440347,0.405978779440347,0.405978779440347,0,0
"No treatment effect",2000,237,0.881648181387319,1,0,-0.0153590186304913,-0.0310577321539633,-0.0173381614322188,0,0.691072834338719,0.038,NA,NA,0,0,0,0.236,0,0,0,0,0.405866541181354,0.405866541181354,0.405866541181354,0,0
"No treatment effect",2000,238,0.78418096983187,1,0,-0.00488223265201489,0.0166966492152698,-0.00233435769105794,0,0.523749273478504,0.512,NA,NA,0,0,1,0.998,0,0,0,0,0.406257684745933,0.406257684745933,0.406257684745933,0,0
"No treatment effect",2000,239,0.446334007371364,0.397315512055509,0,0.0156689734935462,0.0307616688969448,0.011010482643793,0,0.520839191819737,0.496,NA,NA,0,0,1,0.96,0,0,0,0,0.406983972882442,0.406983972882442,0.406983972882442,0,0
"No treatment effect",2000,240,0.811621192807141,1,0,0.0172145095754265,0.0437106494554368,0.0204760127918409,0,0.482591098202517,0.34,NA,NA,0,0,1,0.83,0,0,0,0,0.40610165611916,0.40610165611916,0.40610165611916,0,0
"No treatment effect",2000,241,0.957216207780347,1,0,0.0155156453092757,0.0556220719668563,-0.0293321629325133,0,0.393822998887969,0.068,NA,NA,0,0,1,0.844,0,0,0,0,0.404916306352726,0.404916306352726,0.404916306352726,0,0
"No treatment effect",2000,242,0.610080810102559,0.62357561845102,0,-0.00361062167195426,0.00440795253653026,0.00254672477202661,0,0.601088570424553,0.028,NA,NA,0,0,0,0.362,0,0,0,0,0.407975441511408,0.407975441511408,0.407975441511408,0,0
"No treatment effect",2000,243,0.670338467530436,1,0,-0.0119150005938658,0.032880560156058,-0.00400003182361736,0,0.50472366800322,0.53,NA,NA,0,0,1,0.996,0,0,0,0,0.40738627397282,0.40738627397282,0.40738627397282,0,0
"No treatment effect",2000,244,0.426321748736854,0.668598542356826,0,0.0131752477221818,0.0316934184911563,-0.00847383041359712,0,0.658261298379041,0.046,NA,NA,0,0,0,0.102,0,0,0,0,0.410178227192209,0.410178227192209,0.410178227192209,0,0
"No treatment effect",2000,245,0.641591404579634,0.678018154243176,0,-0.00316304214566307,0.011450084991667,0,0,0.524735012064901,0.512,NA,NA,0,0,1,1,0,0,0,0,0.404970887073553,0.404970887073553,0.404970887073553,0,0
"No treatment effect",2000,246,0.432751578047209,0.767116445841368,0,0.00698095150465295,-0.00677316199477425,-0.00405564625616395,0,0.543016212915837,0.406,NA,NA,0,0,0,0.048,0,0,0,0,0.406708281745278,0.406708281745278,0.406708281745278,0,0
"No treatment effect",2000,247,0.379388089584846,0.616401891485241,0,-0.0262713578944989,-0.0455971952866795,-0.0484212093809366,0,0.573114144377895,0.366,NA,NA,0,0,0,0.198,0,0,0,0,0.405609211632072,0.405609211632072,0.405609211632072,0,0
"No treatment effect",2000,248,0.901756010955342,1,0,-0.00468573710139929,-0.0573385447755768,0.0107036228966698,0,0.605685454982698,0.172,NA,NA,0,0,1,0.784,0,0,0,0,0.406339197689915,0.406339197689915,0.406339197689915,0,0
"No treatment effect",2000,249,0.756368020991732,0.928622626195054,0,0.00565018850811377,0.0256208725791833,-0.00147361720597394,0,0.625466878306048,0.09,NA,NA,0,0,1,0.724,0,0,0,0,0.406725505859871,0.406725505859871,0.406725505859871,0,0
"No treatment effect",2000,250,0.0946013082577912,0.152555639668558,0,0.0117810454708519,-0.0250360216159043,-0.0280785429008322,0,0.571307559776603,0.308,NA,NA,0,0,0,0.65,0,0,0,0,0.405407891729355,0.405407891729355,0.405407891729355,0,0
"No treatment effect",2000,251,0.570498313729731,0.725443117724388,0,-0.00531745461129013,-0.00884964979716297,-0.0170539701478035,0,0.537833984563701,0.444,NA,NA,0,0,1,0.666,0,0,0,0,0.407828496092365,0.407828496092365,0.407828496092365,0,0
"No treatment effect",2000,252,0.489120854274437,0.416571450284489,0,0.0159817202857138,0.00970514433070746,-0.0017404957078816,0,0.528087719969401,0.232,NA,NA,0,0,1,0.978,0,0,0,0,0.406215781309923,0.406215781309923,0.406215781309923,0,0
"No treatment effect",2000,253,0.0775291322458743,0.158558454917351,0,0.0240492649513568,0.0390202695040864,0.0630632042175577,0,0.504306741279276,0.356,NA,NA,0,0,0,0.658,0,0,0,0,0.406035480799492,0.406035480799492,0.406035480799492,0,0
"No treatment effect",2000,254,0.937845087339859,1,0,-0.00466073131250169,0.0169723403972001,0.0283356794546546,0,0.530333635009764,0.232,NA,NA,0,0,0,0.478,0,0,0,0,0.405813962044339,0.405813962044339,0.405813962044339,0,0
"No treatment effect",2000,255,0.863671493575673,1,0,-0.0153906866237414,-0.0164307081620195,-0.00578511893964323,0,0.554535133223721,0.334,NA,NA,0,0,0,0.03,0,0,0,0,0.406858039985148,0.406858039985148,0.406858039985148,0,0
"No treatment effect",2000,256,0.43128576115801,0.343961175613259,0,-0.00184886562675813,0.00483462178926116,-0.00142049825548962,0,0.535795808576162,0.2,NA,NA,0,0,1,0.99,0,0,0,0,0.407681437416815,0.407681437416815,0.407681437416815,0,0
"No treatment effect",2000,257,0.0135667782091897,0.0444401498972343,1,0.00754614720226512,0.0422769449910699,-0.00960757133600232,0,0.553710944101889,0.088,NA,NA,0,0,1,0.674,0,0,0,0,0.406265612206053,0.406265612206053,0.406265612206053,0,0
"No treatment effect",2000,258,0.851692586773789,1,0,-0.0137879371904879,-0.017788715701251,-0.0176227913507109,0,0.60439353504432,0.164,NA,NA,0,0,1,0.39,0,0,0,0,0.406631505025037,0.406631505025037,0.406631505025037,0,0
"No treatment effect",2000,259,0.933153470213714,1,0,-0.0144201661219236,-0.0264159037113833,-0.00646578376470941,0,0.543929215480952,0.39,NA,NA,0,0,0,0.12,0,0,0,0,0.407498414430783,0.407498414430783,0.407498414430783,0,0
"No treatment effect",2000,260,0.542072878727984,0.586493402331374,0,0.00227843320832916,0.010488774405231,0.0149227550193231,0,0.524507897729009,0.442,NA,NA,0,0,1,0.858,0,0,0,0,0.406730613912387,0.406730613912387,0.406730613912387,0,0
"No treatment effect",2000,261,0.255506246841955,0.241960333707576,0,-0.00954221194143837,-0.0328151650698825,-0.00756380371142684,0,0.581634725972639,0.13,NA,NA,0,0,1,0.856,0,0,0,0,0.407502569832247,0.407502569832247,0.407502569832247,0,0
"No treatment effect",2000,262,0.723967214852899,1,0,0.0224808717800912,0.0100441681852559,0.0114037407991651,0,0.539248537416757,0.484,NA,NA,0,0,1,0.972,0,0,0,0,0.405337857156894,0.405337857156894,0.405337857156894,0,0
"No treatment effect",2000,263,0.746216950111674,1,0,-0.00688481274120758,-0.000777245978593241,-0.0145807389913788,0,0.475631889511025,0.032,NA,NA,0,0,1,0.864,0,0,0,0,0.407614868571566,0.407614868571566,0.407614868571566,0,0
"No treatment effect",2000,264,0.274756396711343,0.489018789304788,0,-0.00931459535343401,-0.0201275140938349,-0.00532034492594058,0,0.67418190220192,0.024,NA,NA,0,0,1,0.408,0,0,0,0,0.406341350226734,0.406341350226734,0.406341350226734,0,0
"No treatment effect",2000,265,0.509856769681197,0.599584342703598,0,0.0100931708670747,0.0236000288411972,0.00365469964160087,0,0.52243961730494,0.386,NA,NA,0,0,1,0.742,0,0,0,0,0.406479097647465,0.406479097647465,0.406479097647465,0,0
"No treatment effect",2000,266,0.391399099680594,0.294665106093688,0,-0.00531249042020819,-0.0118359010782935,0.0067542964395555,0,0.724477000981677,0.03,NA,NA,0,0,1,0.836,0,0,0,0,0.406768965911675,0.406768965911675,0.406768965911675,0,0
"No treatment effect",2000,267,0.454045643066268,0.715753580711783,0,-0.00959218781318934,0.00555336996969288,0,0,0.519774954170195,0.508,NA,NA,0,0,0,0,0,0,0,0,0.405605878183492,0.405605878183492,0.405605878183492,0,0
"No treatment effect",2000,268,0.450155937559744,0.73952609868553,0,0.00946319906119988,-0.0340723207671885,3.20568597210191e-05,0,0.578895304317081,0.446,NA,NA,0,0,1,0.974,0,0,0,0,0.405007100246278,0.405007100246278,0.405007100246278,0,0
"No treatment effect",2000,269,0.298118923002207,0.340974508408695,0,0.0121963063131103,0.00968681925272223,-0.00215958157389912,0,0.574609699640658,0.092,NA,NA,0,0,1,0.958,0,0,0,0,0.406333897056822,0.406333897056822,0.406333897056822,0,0
"No treatment effect",2000,270,0.554692889412965,0.645629936238948,0,0.00834761725478051,0.00647235846084107,0.0135212126295797,0,0.519862071653515,0.442,NA,NA,0,0,1,0.876,0,0,0,0,0.408184006122141,0.408184006122141,0.408184006122141,0,0
"No treatment effect",2000,271,0.867447997995236,1,0,0.00715101993464916,0.0274029338616777,-0.0161961943790239,0,0.511780266851041,0.456,NA,NA,0,0,0,0.13,0,0,0,0,0.404867320506781,0.404867320506781,0.404867320506781,0,0
"No treatment effect",2000,272,0.18864163935216,0.384694733673357,0,0.0102852706525896,0.0392898606197213,-0.000316655919347431,0,0.502326210232729,0.52,NA,NA,0,0,0,0.004,0,0,0,0,0.406412274681729,0.406412274681729,0.406412274681729,0,0
"No treatment effect",2000,273,0.0671434467010063,0.130351386771732,0,0.0058509557665573,0.000467204181972867,0.0102204300892648,0,0.533926772963064,0.258,NA,NA,0,0,0,0.28,0,0,0,0,0.406852327246314,0.406852327246314,0.406852327246314,0,0
"No treatment effect",2000,274,0.84824923282782,1,0,-0.0154103109842173,0.00216959342480632,-0.0236556001974853,0,0.543947713338769,0.278,NA,NA,0,0,1,0.478,0,0,0,0,0.405151344114245,0.405151344114245,0.405151344114245,0,0
"No treatment effect",2000,275,0.391735194623498,0.440035464827334,0,-0.000670991452035584,-0.0208584631886382,0.0291648262283675,0,0.68310469795747,0.032,NA,NA,0,0,1,0.094,0,0,0,0,0.405431199204007,0.405431199204007,0.405431199204007,0,0
"No treatment effect",2000,276,0.0036019594524592,0.0109852851186553,1,0.00937357752605547,0.0139545362439082,0.00442787790704419,0,0.528719322777891,0.508,NA,NA,0,0,0,0.024,0,0,0,0,0.406249670099436,0.406249670099436,0.406249670099436,0,0
"No treatment effect",2000,277,0.684041734140085,0.840720265337129,0,-0.017924300623062,-0.0224969578369028,0.00138345465576095,0,0.547191682142306,0.48,NA,NA,0,0,1,0.974,0,0,0,0,0.406034423844451,0.406034423844451,0.406034423844451,0,0
"No treatment effect",2000,278,0.169676557906993,0.155332085734085,0,-0.024367361509336,-0.0386425326683793,-0.0264521107266508,0,0.60062054919223,0.254,NA,NA,0,0,1,0.73,0,0,0,0,0.407264675128805,0.407264675128805,0.407264675128805,0,0
"No treatment effect",2000,279,0.524999349097582,0.509300660581219,0,0.00385692973480042,-0.00694765963661946,0.00340843417438857,0,0.542154842551905,0.464,NA,NA,0,0,1,0.95,0,0,0,0,0.405015068649859,0.405015068649859,0.405015068649859,0,0
"No treatment effect",2000,280,0.701507298230402,1,0,-0.00583755300897048,0.0121687488852025,0.00271414966420641,0,0.506990249231299,0.416,NA,NA,0,0,0,0.66,0,0,0,0,0.408527748472917,0.408527748472917,0.408527748472917,0,0
"No treatment effect",2000,281,0.36548680972807,0.451375289248263,0,-0.0108816502510253,0.00821017742858327,-0.0057315270248276,0,0.598008352836005,0.136,NA,NA,0,0,1,0.862,0,0,0,0,0.406457085100508,0.406457085100508,0.406457085100508,0,0
"No treatment effect",2000,282,0.274182685141481,0.21225294231716,0,-0.00886216204753682,-0.0159661878467911,9.49598809816266e-05,0,0.540747307135278,0.494,NA,NA,0,0,0,0.022,0,0,0,0,0.40584187286137,0.40584187286137,0.40584187286137,0,0
"No treatment effect",2000,283,0.223567809531479,0.190600715159078,0,-0.0122720352716822,0.00639375068591416,-0.00172110084924293,0,0.596765089494719,0.132,NA,NA,0,0,1,0.88,0,0,0,0,0.406959357199416,0.406959357199416,0.406959357199416,0,0
"No treatment effect",2000,284,0.262415966366383,0.51808623881013,0,0.00880161509209989,0.0166654477764362,-0.0039473808871377,0,0.537230212381495,0.116,NA,NA,0,0,1,0.566,0,0,0,0,0.406880712865685,0.406880712865685,0.406880712865685,0,0
"No treatment effect",2000,285,0.606790169806146,1,0,0.00983543670460102,0.0271839299612727,0.0257127742401267,0,0.599551635460765,0.03,NA,NA,0,0,0,0.122,0,0,0,0,0.405926821443151,0.405926821443151,0.405926821443151,0,0
"No treatment effect",2000,286,0.997013264422615,1,0,0.00868576285543825,-0.0049765142941117,0.0262116398325486,0,0.550046876574055,0.304,NA,NA,0,0,1,0.832,0,0,0,0,0.405614772515254,0.405614772515254,0.405614772515254,0,0
"No treatment effect",2000,287,0.112776476567342,0.258149357479374,0,-0.000563585278157771,-0.0292061024417035,-0.0232243308454595,0,0.5643665498051,0.032,NA,NA,0,0,0,0.316,0,0,0,0,0.40665358705028,0.40665358705028,0.40665358705028,0,0
"No treatment effect",2000,288,0.372697862766671,0.499156106562079,0,0.00275296957968665,-0.00197341017708962,-0.00444716411572188,0,0.541718226213106,0.452,NA,NA,0,0,0,0.436,0,0,0,0,0.407054819301317,0.407054819301317,0.407054819301317,0,0
"No treatment effect",2000,289,0.0870329602047325,0.0924697623945502,0,0.00353962943157908,-0.00299312016044941,-0.000339310328334785,0,0.573812099053878,0.218,NA,NA,0,0,0,0.454,0,0,0,0,0.40711159899363,0.40711159899363,0.40711159899363,0,0
"No treatment effect",2000,290,0.86072435833526,1,0,0.00489300083670608,-0.0377246542789972,0.0158015788989612,0,0.583332994676466,0.378,NA,NA,0,0,1,0.828,0,0,0,0,0.406551323640412,0.406551323640412,0.406551323640412,0,0
"No treatment effect",2000,291,0.843365837605173,1,0,0.0104821971059361,-0.0045790556584035,0.0498565773426485,0,0.53944433121585,0.176,NA,NA,0,0,1,0.336,0,0,0,0,0.40682043275135,0.40682043275135,0.40682043275135,0,0
"No treatment effect",2000,292,0.613708850861743,0.573320466638484,0,0.000924436991238891,-0.0184910473442575,0.00444477310124336,0,0.556629677401121,0.43,NA,NA,0,0,0,0.058,0,0,0,0,0.406232603744381,0.406232603744381,0.406232603744381,0,0
"No treatment effect",2000,293,0.232189553048124,0.377281224549602,0,0.000619368036026784,0.0204880275281981,-0.00947383344150854,0,0.515354217301854,0.464,NA,NA,0,0,1,0.886,0,0,0,0,0.406310211643776,0.406310211643776,0.406310211643776,0,0
"No treatment effect",2000,294,0.242096011842129,0.191995583540303,0,-0.00687521773542176,-0.0275705248377449,-0.00352684150060317,0,0.585127632138975,0.312,NA,NA,0,0,0,0.152,0,0,0,0,0.406657259346039,0.406657259346039,0.406657259346039,0,0
"No treatment effect",2000,295,0.745364893892814,0.833470125693764,0,-0.00849669119579636,-0.00806827590840704,-0.0019504891068135,0,0.543164318763679,0.424,NA,NA,0,0,0,0.002,0,0,0,0,0.407459285924486,0.407459285924486,0.407459285924486,0,0
"No treatment effect",2000,296,0.178974906643675,0.16284988881921,0,-0.0223829198851962,-0.0184397092960691,-0.0253156775331131,0,0.54755596448913,0.424,NA,NA,0,0,1,0.862,0,0,0,0,0.405448822646015,0.405448822646015,0.405448822646015,0,0
"No treatment effect",2000,297,0.82497447487852,1,0,-0.00138743261016916,0.00418264878439701,-0.000186370192573893,0,0.549684047396067,0.36,NA,NA,0,0,1,0.83,0,0,0,0,0.40695670402611,0.40695670402611,0.40695670402611,0,0
"No treatment effect",2000,298,0.62166541700122,0.842111832703856,0,-0.0136067195335964,-0.00886643023590808,-0.0171868581368079,0,0.540547867526023,0.432,NA,NA,0,0,1,0.866,0,0,0,0,0.405932022347679,0.405932022347679,0.405932022347679,0,0
"No treatment effect",2000,299,0.109898153893831,0.122430398743466,0,0.0101749242972428,-0.00430949519399349,-0.00617086026180363,0,0.544776609377495,0.376,NA,NA,0,0,0,0.076,0,0,0,0,0.406725446270081,0.406725446270081,0.406725446270081,0,0
"No treatment effect",2000,300,0.270057709387404,0.153554415513136,0,-0.00909420632119248,-0.0484864857028827,-0.00372482918184686,0,0.617916566303425,0.182,NA,NA,0,0,1,0.894,0,0,0,0,0.406605184131113,0.406605184131113,0.406605184131113,0,0
"No treatment effect",2000,301,0.205633936096372,0.357223545269906,0,0.00249486421268919,-0.00517860113248709,0.00194486179917647,0,0.556999625066191,0.45,NA,NA,0,0,0,0.272,0,0,0,0,0.408052750353896,0.408052750353896,0.408052750353896,0,0
"No treatment effect",2000,302,0.0973667282903489,0.15581669018058,0,-0.0155690223274398,-0.0538631127581746,-0.0406696261529783,0,0.62506953246376,0.114,NA,NA,0,0,0,0.206,0,0,0,0,0.404681124517473,0.404681124517473,0.404681124517473,0,0
"No treatment effect",2000,303,0.857862070998072,1,0,-0.00797390903598025,0.00335987424949181,0.00249592360665213,0,0.539183780321958,0.462,NA,NA,0,0,0,0.01,0,0,0,0,0.407737075228913,0.407737075228913,0.407737075228913,0,0
"No treatment effect",2000,304,0.247301090385717,0.142922601937962,0,0.0112967610161061,0.00980215307013317,0.0293910264845333,0,0.570807769994332,0.104,NA,NA,0,0,0,0.564,0,0,0,0,0.407304827792498,0.407304827792498,0.407304827792498,0,0
"No treatment effect",2000,305,0.261730143985478,0.406405359343642,0,0.0103900241498909,0.0292726349528069,-0.000363363177182552,0,0.510621650871134,0.168,NA,NA,0,0,1,0.992,0,0,0,0,0.405962550246911,0.405962550246911,0.405962550246911,0,0
"No treatment effect",2000,306,0.730638097727037,1,0,0.0068779997500502,0.0425434641436444,0,0,0.506776666958004,0.53,NA,NA,0,0,1,1,0,0,0,0,0.406218216273259,0.406218216273259,0.406218216273259,0,0
"No treatment effect",2000,307,0.127279845287106,0.299622243693279,0,0.00444231813284067,-0.00256851341641549,0.03591119020459,0,0.533657887753464,0.154,NA,NA,0,0,1,0.288,0,0,0,0,0.407945484639846,0.407945484639846,0.407945484639846,0,0
"No treatment effect",2000,308,0.978488963509267,1,0,0.0137673019813748,0.0416166858544857,-0.0101639286761881,0,0.503535058591283,0.428,NA,NA,0,0,1,0.796,0,0,0,0,0.408077028457944,0.408077028457944,0.408077028457944,0,0
"No treatment effect",2000,309,0.621259460874976,0.662603713563108,0,0.00327581160852491,0.0217549686923879,0.0253529264980344,0,0.520873109483002,0.488,NA,NA,0,0,0,0.092,0,0,0,0,0.40584852459818,0.40584852459818,0.40584852459818,0,0
"No treatment effect",2000,310,0.947041106290176,1,0,-0.00282599827816599,0.0066526056481539,0,0,0.538669881450343,0.498,NA,NA,0,0,1,1,0,0,0,0,0.40752282958501,0.40752282958501,0.40752282958501,0,0
"No treatment effect",2000,311,0.338574677701994,0.237475781818084,0,-0.00148752757407319,0.00160595180801081,-3.30197105022356e-05,0,0.5522527326002,0.28,NA,NA,0,0,1,0.564,0,0,0,0,0.406308213209759,0.406308213209759,0.406308213209759,0,0
"No treatment effect",2000,312,0.717722202424041,1,0,-0.0117327707339143,-0.0339585378957289,-0.030021543535754,0,0.578286998474781,0.384,NA,NA,0,0,1,0.832,0,0,0,0,0.405720031006924,0.405720031006924,0.405720031006924,0,0
"No treatment effect",2000,313,0.452750549835205,0.504883661400488,0,0.00384626607444739,0.00523597296500187,0.00419347879669357,0,0.533719606039527,0.47,NA,NA,0,0,1,0.966,0,0,0,0,0.405858747650506,0.405858747650506,0.405858747650506,0,0
"No treatment effect",2000,314,0.337754965252108,0.430900322430663,0,-0.00625433180754136,0.010108561767841,0,0,0.520748364361228,0.516,NA,NA,0,0,1,1,0,0,0,0,0.406420954135726,0.406420954135726,0.406420954135726,0,0
"No treatment effect",2000,315,0.66759303809655,0.835089947879176,0,0.00385860486883294,0.00209980665151028,-0.0112058245155212,0,0.539677832565518,0.474,NA,NA,0,0,1,0.956,0,0,0,0,0.407029756988443,0.407029756988443,0.407029756988443,0,0
"No treatment effect",2000,316,0.0876846896611671,0.0319414912047002,0,-0.0128760526931496,0.0195900007509974,0,0,0.504778365609447,0.532,NA,NA,0,0,0,0,0,0,0,0,0.40595843840837,0.40595843840837,0.40595843840837,0,0
"No treatment effect",2000,317,0.712277270224047,0.755061548439332,0,0.00138899136632392,0.0323516343943595,-0.0250450009841598,0,0.62357332916418,0.034,NA,NA,0,0,1,0.498,0,0,0,0,0.404919315483177,0.404919315483177,0.404919315483177,0,0
"No treatment effect",2000,318,0.673103486747666,0.698335320281483,0,0.0244629782496049,0.019322738139937,-0.00154636344519632,0,0.541698644491976,0.494,NA,NA,0,0,1,0.998,0,0,0,0,0.40561813971097,0.40561813971097,0.40561813971097,0,0
"No treatment effect",2000,319,0.211753736925586,0.130202363196599,0,-0.00794374144332696,0.00223862986868395,-0.00157408311025586,0,0.521751964253221,0.514,NA,NA,0,0,1,0.998,0,0,0,0,0.406497403466703,0.406497403466703,0.406497403466703,0,0
"No treatment effect",2000,320,0.14320687210048,0.227148737974047,0,-0.00612822329140065,-0.0172114253654862,-0.0111344036657836,0,0.559429952374596,0.326,NA,NA,0,0,0,0.672,0,0,0,0,0.406836337895339,0.406836337895339,0.406836337895339,0,0
"No treatment effect",2000,321,0.0741329659297588,0.031906257533957,0,0.0139638829322952,0.0224926990166964,0.00700293126644658,0,0.518692094579196,0.444,NA,NA,0,0,1,0.598,0,0,0,0,0.407708326307886,0.407708326307886,0.407708326307886,0,0
"No treatment effect",2000,322,0.376306117337517,0.256140969519205,0,0.0139254337323941,-0.00686483803011685,0.0359999844201465,0,0.545088651072479,0.33,NA,NA,0,0,1,0.66,0,0,0,0,0.405522840058845,0.405522840058845,0.405522840058845,0,0
"No treatment effect",2000,323,0.0668556265451231,0.0317496769935125,0,0.0125149125421946,-0.0080094468917063,0.00065866170105966,0,0.552988684349331,0.478,NA,NA,0,0,1,0.988,0,0,0,0,0.406024519831919,0.406024519831919,0.406024519831919,0,0
"No treatment effect",2000,324,0.889475396615884,1,0,0.0037173159722174,-0.0441972043440894,0.020138298887561,0,0.584958023745567,0.414,NA,NA,0,0,1,0.914,0,0,0,0,0.407018797727032,0.407018797727032,0.407018797727032,0,0
"No treatment effect",2000,325,0.950012302504522,1,0,0.00180129573138504,0.0228201654011262,-0.0104135368970618,0,0.520794779749931,0.506,NA,NA,0,0,0,0.044,0,0,0,0,0.405684239397464,0.405684239397464,0.405684239397464,0,0
"No treatment effect",2000,326,0.323388295666449,0.321542941991036,0,0.0196495996650606,-0.01597469605299,-0.014515830891834,0,0.656105434225565,0.062,NA,NA,0,0,0,0.296,0,0,0,0,0.407112012463786,0.407112012463786,0.407112012463786,0,0
"No treatment effect",2000,327,0.74392426540674,0.853319334179153,0,-0.0107015015381023,0.0281020719849533,0.0168769457159721,0,0.52602629035428,0.104,NA,NA,0,0,0,0.186,0,0,0,0,0.407485210738623,0.407485210738623,0.407485210738623,0,0
"No treatment effect",2000,328,0.596197419501118,0.762990034802256,0,-0.00622376362316911,-0.00533864580786485,-0.019262275826022,0,0.540952815349782,0.468,NA,NA,0,0,0,0.242,0,0,0,0,0.405999380569873,0.405999380569873,0.405999380569873,0,0
"No treatment effect",2000,329,0.79209386759395,1,0,-0.0046425443349095,0.0480308113313177,-0.00092537250177227,0,0.487332611379284,0.542,NA,NA,0,0,1,0.988,0,0,0,0,0.40582400488172,0.40582400488172,0.40582400488172,0,0
"No treatment effect",2000,330,0.953406548105208,1,0,0.0206194397586931,0.0103377157267566,0.0128589854368894,0,0.582111255825694,0.086,NA,NA,0,0,1,0.972,0,0,0,0,0.408649558059715,0.408649558059715,0.408649558059715,0,0
"No treatment effect",2000,331,0.337897122551798,0.263993884816389,0,0.0188105724155091,0.0379684137800577,-0.0245106560897668,0,0.532562172128103,0.074,NA,NA,0,0,1,0.21,0,0,0,0,0.405688456830384,0.405688456830384,0.405688456830384,0,0
"No treatment effect",2000,332,0.980063057229145,1,0,-0.0147567261689795,-0.00585188873652025,-0.0202878732058827,0,0.653277578963882,0.02,NA,NA,0,0,1,0.038,0,0,0,0,0.40711722503878,0.40711722503878,0.40711722503878,0,0
"No treatment effect",2000,333,0.532362083221654,1,0,-0.0215268586534622,-0.0478781563544996,0.00179666987506794,0,0.643642199698507,0.102,NA,NA,0,0,1,0.904,0,0,0,0,0.405984817126137,0.405984817126137,0.405984817126137,0,0
"No treatment effect",2000,334,0.0948598038846513,0.113785043754707,0,0.0127593199194347,0.0277394957564576,-0.0128145315694225,0,0.557183460201837,0.15,NA,NA,0,0,1,0.294,0,0,0,0,0.407835393813783,0.407835393813783,0.407835393813783,0,0
"No treatment effect",2000,335,0.727638324200425,1,0,-0.0033035165576918,0.0181484391787694,-0.00941512251248694,0,0.602570554896965,0.07,NA,NA,0,0,1,0.96,0,0,0,0,0.408516214488496,0.408516214488496,0.408516214488496,0,0
"No treatment effect",2000,336,0.909690658029319,1,0,-0.018976173464553,-0.0163825098642096,-0.026420079085181,0,0.553283236134784,0.302,NA,NA,0,0,0,0.612,0,0,0,0,0.406981549742973,0.406981549742973,0.406981549742973,0,0
"No treatment effect",2000,337,0.977634514902649,1,0,-0.00149228999650995,0.00541443655918177,-0.0137249998931806,0,0.550549369490193,0.262,NA,NA,0,0,1,0.524,0,0,0,0,0.405605230313426,0.405605230313426,0.405605230313426,0,0
"No treatment effect",2000,338,0.633818046390752,0.81470966104423,0,-0.0120108081760206,-0.00843430125074243,-0.00979559054262691,0,0.56627318625854,0.272,NA,NA,0,0,0,0.564,0,0,0,0,0.406649539647613,0.406649539647613,0.406649539647613,0,0
"No treatment effect",2000,339,0.986586444110624,1,0,0.00343262869184198,0.0385155098953899,0.0108485350903744,0,0.572631586256727,0.098,NA,NA,0,0,1,0.758,0,0,0,0,0.405724585932258,0.405724585932258,0.405724585932258,0,0
"No treatment effect",2000,340,0.775318224410554,1,0,-0.0185696302214313,0.0233426415255201,-0.0188710380764227,0,0.499555139392702,0.504,NA,NA,0,0,1,0.936,0,0,0,0,0.40564732915473,0.40564732915473,0.40564732915473,0,0
"No treatment effect",2000,341,0.600103859366465,0.607330862825082,0,-0.0120634329738813,0.000994706535920356,-0.0178300913714637,0,0.583981146820686,0.184,NA,NA,0,0,1,0.208,0,0,0,0,0.405924332968929,0.405924332968929,0.405924332968929,0,0
"No treatment effect",2000,342,0.432700936784619,0.4056879732773,0,0.0048424982975052,0.0161050678362578,0.0085000412222252,0,0.54726538274355,0.1,NA,NA,0,0,0,0.198,0,0,0,0,0.406008963318907,0.406008963318907,0.406008963318907,0,0
"No treatment effect",2000,343,0.0478853837577387,0.0477759725001905,1,0.00547104104188772,0.00569825490011048,0.0116874330974316,0,0.533737927341018,0.264,NA,NA,0,0,1,0.59,0,0,0,0,0.406443598702082,0.406443598702082,0.406443598702082,0,0
"No treatment effect",2000,344,0.69168417633159,1,0,0.00274992273775001,-0.0255022477050098,0.00359043535061776,0,0.565209533827102,0.034,NA,NA,0,0,1,0.964,0,0,0,0,0.406623826976393,0.406623826976393,0.406623826976393,0,0
"No treatment effect",2000,345,0.55230415442953,1,0,0.00270344106776821,0.0257109612585052,-0.00210808744997609,0,0.545571950431853,0.056,NA,NA,0,0,1,0.788,0,0,0,0,0.406407852261266,0.406407852261266,0.406407852261266,0,0
"No treatment effect",2000,346,0.846941306678948,1,0,-0.0029667171232523,0.0115446142081235,0,0,0.518754163666708,0.518,NA,NA,0,0,0,0,0,0,0,0,0.406119455548819,0.406119455548819,0.406119455548819,0,0
"No treatment effect",2000,347,0.869703499533864,1,0,-0.00212964432954989,-0.0155166422086176,-0.00166887008912958,0,0.617850178905792,0.078,NA,NA,0,0,1,0.998,0,0,0,0,0.406176215206513,0.406176215206513,0.406176215206513,0,0
"No treatment effect",2000,348,0.189659180896731,0.230119525229255,0,-0.00494206742407107,-0.00747207591980326,-0.00597111462232558,0,0.541698644491976,0.494,NA,NA,0,0,0,0.026,0,0,0,0,0.407138948859966,0.407138948859966,0.407138948859966,0,0
"No treatment effect",2000,349,0.818718509282835,1,0,0.000329621542749165,-0.00545503666928613,0.00385414337003426,0,0.536072014187131,0.462,NA,NA,0,0,1,0.92,0,0,0,0,0.407162406880438,0.407162406880438,0.407162406880438,0,0
"No treatment effect",2000,350,0.295069087784837,0.229186406167569,0,0.00762926639021454,-0.0110503541461537,0.0364371154004148,0,0.549160312886608,0.448,NA,NA,0,0,1,0.556,0,0,0,0,0.405649229112341,0.405649229112341,0.405649229112341,0,0
"No treatment effect",2000,351,0.0803106579242102,0.144797707508839,0,0.00414221009939432,0.0145345612231095,-0.0323901710196661,0,0.567360948286597,0.254,NA,NA,0,0,1,0.526,0,0,0,0,0.40594404748812,0.40594404748812,0.40594404748812,0,0
"No treatment effect",2000,352,0.812666598937762,1,0,0.00591880979427158,-0.0174548372795548,-0.0103650941227503,0,0.595098238537365,0.036,NA,NA,0,0,0,0.556,0,0,0,0,0.406422993174447,0.406422993174447,0.406422993174447,0,0
"No treatment effect",2000,353,0.864837765942705,1,0,0.00677811948191992,0.0321771243072333,-0.000675210105550383,0,0.509323349447035,0.452,NA,NA,0,0,1,0.852,0,0,0,0,0.406064864305149,0.406064864305149,0.406064864305149,0,0
"No treatment effect",2000,354,0.0583473477362196,0.170105054891968,0,0.010408822133357,-0.00382265853340253,0.0309096600538983,0,0.599551635460765,0.03,NA,NA,0,0,1,0.346,0,0,0,0,0.407425134680598,0.407425134680598,0.407425134680598,0,0
"No treatment effect",2000,355,0.369507435861447,0.308641988680831,0,-0.0279933185350714,-0.027350152907248,-0.0350189110134355,0,0.569148988742383,0.284,NA,NA,0,0,1,0.594,0,0,0,0,0.405630202426358,0.405630202426358,0.405630202426358,0,0
"No treatment effect",2000,356,0.30313370395817,0.651365582380851,0,-0.0159092163266667,-0.0112958828111896,-0.014219217812349,0,0.560650380454859,0.252,NA,NA,0,0,0,0.514,0,0,0,0,0.405558130080504,0.405558130080504,0.405558130080504,0,0
"No treatment effect",2000,357,0.949614212809854,1,0,-0.0169428769163298,-0.0123707844007997,-0.031981332926095,0,0.590781228737661,0.218,NA,NA,0,0,0,0.472,0,0,0,0,0.406441509847825,0.406441509847825,0.406441509847825,0,0
"No treatment effect",2000,358,0.449000611202799,0.479362861017487,0,0.00289550875641994,-0.026071948156328,-0.054209494373354,0,0.579419929795643,0.346,NA,NA,0,0,0,0.748,0,0,0,0,0.407903065571379,0.407903065571379,0.407903065571379,0,0
"No treatment effect",2000,359,0.378783863706659,0.473202484252104,0,0.0207392833904159,0.030201257308157,-0.00722048696915512,0,0.52181857593218,0.504,NA,NA,0,0,1,0.978,0,0,0,0,0.407537892656419,0.407537892656419,0.407537892656419,0,0
"No treatment effect",2000,360,0.375423128539283,0.284282083937505,0,0.0164856775617836,-0.0169870299179857,0.0152143390965937,0,0.565632396387692,0.45,NA,NA,0,0,0,0.03,0,0,0,0,0.406563844181409,0.406563844181409,0.406563844181409,0,0
"No treatment effect",2000,361,0.300932198901235,0.442581705190286,0,0.0351273685421571,0.0494366518234209,0.0492616063782372,0,0.493391352575719,0.474,NA,NA,0,0,1,0.868,0,0,0,0,0.40761364930686,0.40761364930686,0.40761364930686,0,0
"No treatment effect",2000,362,0.942550470714911,1,0,-0.00864694901421646,-0.00452490674996119,-0.0194627841919809,0,0.63960399175416,0.032,NA,NA,0,0,1,0.72,0,0,0,0,0.406425663736151,0.406425663736151,0.406425663736151,0,0
"No treatment effect",2000,363,0.248810369987547,0.606310412373663,0,0.011114107219719,0.0268861569549418,0,0,0.528084723309035,0.49,NA,NA,0,0,0,0,0,0,0,0,0.406453799657226,0.406453799657226,0.406453799657226,0,0
"No treatment effect",2000,364,0.51385653103309,0.611734743651747,0,0.0023535911643935,0.0214929100077587,0.0183689423814796,0,0.534373347549482,0.244,NA,NA,0,0,0,0.352,0,0,0,0,0.406231011420705,0.406231011420705,0.406231011420705,0,0
"No treatment effect",2000,365,0.080968591342502,0.234480413205373,0,0.00055669778783429,-0.0165420928069987,-0.00375622189231672,0,0.606167703523544,0.038,NA,NA,0,0,1,0.966,0,0,0,0,0.407843442026675,0.407843442026675,0.407843442026675,0,0
"No treatment effect",2000,366,0.632592105428724,0.700382349188421,0,0.011495692206942,0.0138161141113434,0.0100234955302211,0,0.526044372401775,0.49,NA,NA,0,0,0,0.956,0,0,0,0,0.407565894941954,0.407565894941954,0.407565894941954,0,0
"No treatment effect",2000,367,0.524639959771533,0.805755618371037,0,0.0011108160820628,0.00162707013576951,0,0,0.53174673657963,0.466,NA,NA,0,0,1,1,0,0,0,0,0.407344475171054,0.407344475171054,0.407344475171054,0,0
"No treatment effect",2000,368,0.858155441525473,1,0,0.0110978954161893,-0.00291645398138865,-0.00363512938752647,0,0.559837056944041,0.394,NA,NA,0,0,1,0.82,0,0,0,0,0.407144279300843,0.407144279300843,0.407144279300843,0,0
"No treatment effect",2000,369,0.410567537376915,0.387358964270788,0,0.0110459038624353,-0.0214889420703537,0.0323822159425314,0,0.639300075920644,0.038,NA,NA,0,0,1,0.694,0,0,0,0,0.405120884097937,0.405120884097937,0.405120884097937,0,0
"No treatment effect",2000,370,0.0147695461247854,0.00403593853207754,1,0.020729356708041,0.00795968148481129,0.0209152651426563,0,0.540790747494118,0.146,NA,NA,0,0,0,0.276,0,0,0,0,0.406554774289837,0.406554774289837,0.406554774289837,0,0
"No treatment effect",2000,371,0.899870677347105,1,0,-0.0261915677356376,0.00711375502629848,0.0032807621076642,0,0.499960022986007,0.514,NA,NA,0,0,1,0.956,0,0,0,0,0.407437474983141,0.407437474983141,0.407437474983141,0,0
"No treatment effect",2000,372,0.28687310180014,0.332600913554666,0,0.0116470645105437,0.0469259194800572,-0.0271196604416122,0,0.555161250528954,0.072,NA,NA,0,0,1,0.37,0,0,0,0,0.405925434958979,0.405925434958979,0.405925434958979,0,0
"No treatment effect",2000,373,0.79028994042394,1,0,-0.0238149948869217,-0.0317145604013317,-0.0362502550186455,0,0.60050027862137,0.162,NA,NA,0,0,0,0.352,0,0,0,0,0.407107043641414,0.407107043641414,0.407107043641414,0,0
"No treatment effect",2000,374,0.654929647809147,0.714437750132571,0,0.00900975456588401,-0.0221288889935163,0.00182568432000751,0,0.564472991399253,0.472,NA,NA,0,0,0,0.06,0,0,0,0,0.406687743592048,0.406687743592048,0.406687743592048,0,0
"No treatment effect",2000,375,0.230990218335037,0.269087234754094,0,-0.0114721040371371,-0.0232540599542307,0.00269416791993266,0,0.621222736674374,0.134,NA,NA,0,0,1,0.938,0,0,0,0,0.408315598450174,0.408315598450174,0.408315598450174,0,0
"No treatment effect",2000,376,0.294443810231954,0.173838168847913,0,0.0190225564554926,0.0430543642226478,-0.00391397145644168,0,0.510376827873359,0.502,NA,NA,0,0,1,0.95,0,0,0,0,0.405976271141118,0.405976271141118,0.405976271141118,0,0
"No treatment effect",2000,377,0.301787382996618,0.403923980458379,0,-0.024906152288567,-0.010325689931499,-0.0211488850060342,0,0.654559851657801,0.044,NA,NA,0,0,0,0.548,0,0,0,0,0.407958460184841,0.407958460184841,0.407958460184841,0,0
"No treatment effect",2000,378,0.431562643289818,0.470114830534882,0,1.28716517271327e-05,-0.0425886882418576,-0.047549213777463,0,0.573422270831076,0.422,NA,NA,0,0,0,0.222,0,0,0,0,0.407252750220099,0.407252750220099,0.407252750220099,0,0
"No treatment effect",2000,379,0.803560534411931,1,0,-0.000252647027782656,-0.00545065567890806,-0.00371437244470102,0,0.530809494228083,0.502,NA,NA,0,0,1,0.988,0,0,0,0,0.406984423350046,0.406984423350046,0.406984423350046,0,0
"No treatment effect",2000,380,0.337705464623014,0.226752839405566,0,0.0176985286480427,0.016232002744319,0.00381270789330523,0,0.513932674905935,0.314,NA,NA,0,0,0,0.004,0,0,0,0,0.40740194531471,0.40740194531471,0.40740194531471,0,0
"No treatment effect",2000,381,0.612787057269318,0.576894226146435,0,-0.0147813921424152,-0.0149407396809305,0.00169848591093813,0,0.539706616825283,0.496,NA,NA,0,0,1,0.998,0,0,0,0,0.408117429400696,0.408117429400696,0.408117429400696,0,0
"No treatment effect",2000,382,0.281795104022854,0.323255137062106,0,0.00156657080073021,0.0293546384539058,0.0028970846066676,0,0.51829782702225,0.376,NA,NA,0,0,0,0.132,0,0,0,0,0.405768354270147,0.405768354270147,0.405768354270147,0,0
"No treatment effect",2000,383,0.582189667101948,0.863872391975231,0,-0.00971171443022154,0.000972803541164052,-0.0112538445325698,0,0.537551982597135,0.396,NA,NA,0,0,1,0.786,0,0,0,0,0.406677922380478,0.406677922380478,0.406677922380478,0,0
"No treatment effect",2000,384,0.0546812294923888,0.0326610051965265,0,0.00453709267718744,-0.0215996943850422,0.0260793059372548,0,0.597936780956681,0.156,NA,NA,0,0,1,0.538,0,0,0,0,0.404123994013901,0.404123994013901,0.404123994013901,0,0
"No treatment effect",2000,385,0.547849490210197,0.518682575322124,0,0.00415495642728292,0.000647132797966827,-0.00181197991404081,0,0.543137374232678,0.484,NA,NA,0,0,1,0.974,0,0,0,0,0.406482458702352,0.406482458702352,0.406482458702352,0,0
"No treatment effect",2000,386,0.729663288809034,1,0,-0.00462966790785219,0.00469309853429039,-0.0106492162317027,0,0.537190001319684,0.148,NA,NA,0,0,1,0.278,0,0,0,0,0.407110897590952,0.407110897590952,0.407110897590952,0,0
"No treatment effect",2000,387,0.84498647845261,1,0,-0.0191972600333823,-0.0103178315725846,0.00264758922203395,0,0.535782463811239,0.47,NA,NA,0,0,0,0.01,0,0,0,0,0.407682971457591,0.407682971457591,0.407682971457591,0,0
"No treatment effect",2000,388,0.225227930155804,0.315250541401435,0,-0.00840389343602658,-0.00677963937525229,0.00327191060514526,0,0.574144583706074,0.166,NA,NA,0,0,1,0.976,0,0,0,0,0.408640577170983,0.408640577170983,0.408640577170983,0,0
"No treatment effect",2000,389,0.446283563735015,0.444623022242964,0,0.0108511768073556,0.0432926966945133,0.012140082054689,0,0.507839992078674,0.052,NA,NA,0,0,1,0.69,0,0,0,0,0.407650833274175,0.407650833274175,0.407650833274175,0,0
"No treatment effect",2000,390,0.320120147592176,0.361180386323764,0,0.0143781599115468,0.00487737950729766,0,0,0.553840213276359,0.466,NA,NA,0,0,1,1,0,0,0,0,0.406284488764826,0.406284488764826,0.406284488764826,0,0
"No treatment effect",2000,391,0.705603678203901,1,0,-0.00219322057182532,-0.00132457625194159,-0.018746746899748,0,0.523403726583457,0.226,NA,NA,0,0,1,0.866,0,0,0,0,0.408390701855295,0.408390701855295,0.408390701855295,0,0
"No treatment effect",2000,392,0.301013457830029,0.201445627677673,0,0.00692909814842175,0.000769507521383178,0.00416482988579558,0,0.641951736831459,0.056,NA,NA,0,0,1,0.984,0,0,0,0,0.407957723853987,0.407957723853987,0.407957723853987,0,0
"No treatment effect",2000,393,0.109030155051148,0.0845697866292019,0,0.0043295171499687,-0.0411401993830214,0.0416999799802429,0,0.559510895371839,0.088,NA,NA,0,0,1,0.424,0,0,0,0,0.406663870118826,0.406663870118826,0.406663870118826,0,0
"No treatment effect",2000,394,0.762742721473498,0.924446240938318,0,-0.0150492975815421,-0.00716043549265365,-0.00927144367885696,0,0.534691409308862,0.502,NA,NA,0,0,0,0.07,0,0,0,0,0.406262241488701,0.406262241488701,0.406262241488701,0,0
"No treatment effect",2000,395,0.504295967513537,0.740830789081372,0,0.0128692344549344,0.00465590745118621,0.0323922014159255,0,0.527213767298128,0.166,NA,NA,0,0,1,0.308,0,0,0,0,0.407329597654234,0.407329597654234,0.407329597654234,0,0
"No treatment effect",2000,396,0.115551258090724,0.099494011775775,0,0.00111205907216661,0.00780488519279593,-0.00541921055661992,0,0.543338475002487,0.48,NA,NA,0,0,1,0.926,0,0,0,0,0.404509017839952,0.404509017839952,0.404509017839952,0,0
"No treatment effect",2000,397,0.20643687655296,0.163724583828415,0,0.00848307513494486,0.0218677520357072,0.0332475679330198,0,0.507714329893376,0.268,NA,NA,0,0,0,0.238,0,0,0,0,0.405763226453377,0.405763226453377,0.405763226453377,0,0
"No treatment effect",2000,398,0.0588454778150901,0.0811326915455233,0,-0.00406985279446559,-0.0101440423105556,0.0174011841610366,0,0.564172520510004,0.062,NA,NA,0,0,1,0.122,0,0,0,0,0.406617730157499,0.406617730157499,0.406617730157499,0,0
"No treatment effect",2000,399,0.293422446660964,0.177796318650142,0,-0.00403767183007729,-0.0205239424454181,-0.0285495238549096,0,0.658257445566236,0.064,NA,NA,0,0,0,0.58,0,0,0,0,0.404550674651075,0.404550674651075,0.404550674651075,0,0
"No treatment effect",2000,400,0.66530688065955,1,0,-0.00701338371586903,-0.00497580942893461,-0.0015030279960554,0,0.543690085412654,0.492,NA,NA,0,0,1,0.998,0,0,0,0,0.405972127403121,0.405972127403121,0.405972127403121,0,0
"No treatment effect",2000,401,0.349702911389123,0.422015748042114,0,-0.00819856221672587,0.018941727413589,0,0,0.537528348450404,0.062,NA,NA,0,0,1,1,0,0,0,0,0.406733269546173,0.406733269546173,0.406733269546173,0,0
"No treatment effect",2000,402,0.0163659961196916,0.122260284644754,1,0.00149316275493331,0.0222534594617073,-0.045933359404466,0,0.569691419301924,0.162,NA,NA,0,0,1,0.328,0,0,0,0,0.409050872738185,0.409050872738185,0.409050872738185,0,0
"No treatment effect",2000,403,0.897837472440643,1,0,-0.0151319554579062,0.0173563063069045,0.00410378288386742,0,0.556786768697058,0.172,NA,NA,0,0,0,0.35,0,0,0,0,0.40636507519384,0.40636507519384,0.40636507519384,0,0
"No treatment effect",2000,404,0.725415945540289,1,0,-0.0196824399688252,-0.0333135056791506,-0.0550625336640516,0,0.583000038627157,0.324,NA,NA,0,0,0,0.704,0,0,0,0,0.405981058261043,0.405981058261043,0.405981058261043,0,0
"No treatment effect",2000,405,0.614636692605772,0.591905372331712,0,0.0148524066431233,0.0174481134043385,0.023985645899854,0,0.537510918277452,0.478,NA,NA,0,0,1,0.65,0,0,0,0,0.406894313626621,0.406894313626621,0.406894313626621,0,0
"No treatment effect",2000,406,0.404752357470438,0.827579635119041,0,-0.0168943758741066,-0.00347604633079493,-0.0371020971671489,0,0.602972572183736,0.092,NA,NA,0,0,1,0.704,0,0,0,0,0.406319672482432,0.406319672482432,0.406319672482432,0,0
"No treatment effect",2000,407,0.622229374529613,0.65965623093452,0,-0.0167677364479098,-0.0233940152366771,0,0,0.532701297616181,0.504,NA,NA,0,0,1,1,0,0,0,0,0.406663046774199,0.406663046774199,0.406663046774199,0,0
"No treatment effect",2000,408,0.474399663840177,0.671665466212234,0,0.0314050240261369,-5.80414699534358e-05,0.0337864075794087,0,0.518116173124119,0.216,NA,NA,0,0,0,0.4,0,0,0,0,0.407499305258426,0.407499305258426,0.407499305258426,0,0
"No treatment effect",2000,409,0.792946151911997,1,0,0.010330269645162,-0.00654861736542506,-0.021209379164123,0,0.566020065942522,0.306,NA,NA,0,0,0,0.638,0,0,0,0,0.407372119593453,0.407372119593453,0.407372119593453,0,0
"No treatment effect",2000,410,0.437971036399026,0.535889311676934,0,-0.00466209613847775,-0.0152933696119731,-0.0212234899175094,0,0.606029645414283,0.094,NA,NA,0,0,0,0.292,0,0,0,0,0.405573865703067,0.405573865703067,0.405573865703067,0,0
"No treatment effect",2000,411,0.0528829918555629,0.0523835168573439,0,0.00395700708286846,0.0201435984536695,-0.0246174390439708,0,0.563848765481663,0.132,NA,NA,0,0,1,0.26,0,0,0,0,0.40637258722305,0.40637258722305,0.40637258722305,0,0
"No treatment effect",2000,412,0.269826588583457,0.293445962623502,0,0.00352646565168829,-0.017099846279076,0.0358844574432965,0,0.650886388801813,0.046,NA,NA,0,0,1,0.59,0,0,0,0,0.406582943360271,0.406582943360271,0.406582943360271,0,0
"No treatment effect",2000,413,0.358193537822956,0.263625312852012,0,-0.0125873208383523,-0.00775082242794203,-0.020579616965475,0,0.817322993747882,0.014,NA,NA,0,0,0,0.172,0,0,0,0,0.408527760297921,0.408527760297921,0.408527760297921,0,0
"No treatment effect",2000,414,0.810729101787179,1,0,0.00556886926525807,-0.0180453884427902,0.00139472988015038,0,0.561586626894022,0.474,NA,NA,0,0,1,0.998,0,0,0,0,0.405803241771183,0.405803241771183,0.405803241771183,0,0
"No treatment effect",2000,415,0.897856056709337,1,0,0.0133635195203796,-0.0149184991563779,0.00769553929847311,0,0.565618313064923,0.124,NA,NA,0,0,1,0.862,0,0,0,0,0.407034079510111,0.407034079510111,0.407034079510111,0,0
"No treatment effect",2000,416,0.76083934737733,0.97869827821516,0,-0.0192997348040438,-0.0335355450139463,-0.0220739001997494,0,0.599551635460765,0.03,NA,NA,0,0,1,0.848,0,0,0,0,0.405154233038807,0.405154233038807,0.405154233038807,0,0
"No treatment effect",2000,417,0.498152935387535,0.81824566939522,0,0.00197702102447739,0.0218267302486432,0.0215386036438723,0,0.530841134388044,0.46,NA,NA,0,0,0,0.374,0,0,0,0,0.405954533607752,0.405954533607752,0.405954533607752,0,0
"No treatment effect",2000,418,0.760743969249686,0.891680145680375,0,0.000300989810421718,-0.0136355866446779,0.0152159313431089,0,0.541975604072139,0.104,NA,NA,0,0,0,0.192,0,0,0,0,0.408026600455517,0.408026600455517,0.408026600455517,0,0
"No treatment effect",2000,419,0.694876854592615,1,0,0.00489773346341257,-0.0113881842278118,-0.0128120229459904,0,0.678608029777789,0.046,NA,NA,0,0,0,0.108,0,0,0,0,0.406652069859424,0.406652069859424,0.406652069859424,0,0
"No treatment effect",2000,420,0.896737801301077,1,0,0.00511394777743535,0.0153983716767932,0.0187052276841543,0,0.502549006393543,0.04,NA,NA,0,0,0,0.062,0,0,0,0,0.40646462556102,0.40646462556102,0.40646462556102,0,0
"No treatment effect",2000,421,0.622385132930419,0.619729320411575,0,0.0029516238274892,0.0334760668580648,-0.0202285195051542,0,0.518562063172866,0.412,NA,NA,0,0,1,0.788,0,0,0,0,0.407031282795033,0.407031282795033,0.407031282795033,0,0
"No treatment effect",2000,422,0.893574756858271,1,0,-0.0124909628200286,0.000162759534285976,-0.0115517762818398,0,0.55911571900428,0.25,NA,NA,0,0,0,0.06,0,0,0,0,0.405258154273838,0.405258154273838,0.405258154273838,0,0
"No treatment effect",2000,423,0.928755101622893,1,0,0.0161295335469768,-0.019393798592476,0.0143297860097953,0,0.563987476384468,0.386,NA,NA,0,0,1,0.828,0,0,0,0,0.405248066603848,0.405248066603848,0.405248066603848,0,0
"No treatment effect",2000,424,0.615621469344298,0.923249495199614,0,0.00488632673945239,-0.00235285842357417,-0.00262940943769796,0,0.563762473330495,0.178,NA,NA,0,0,0,0.23,0,0,0,0,0.408519473599745,0.408519473599745,0.408519473599745,0,0
"No treatment effect",2000,425,0.403569154145062,0.302268639158814,0,-0.0104851022284595,-0.0372403429226845,-0.00479924810577603,0,0.676125094373294,0.056,NA,NA,0,0,0,0.022,0,0,0,0,0.405601961061814,0.405601961061814,0.405601961061814,0,0
"No treatment effect",2000,426,0.996329695347036,1,0,-0.00188204132293163,0.0119072867119517,-0.0010238703160933,0,0.629395540277858,0.05,NA,NA,0,0,0,0.104,0,0,0,0,0.407664617478621,0.407664617478621,0.407664617478621,0,0
"No treatment effect",2000,427,0.149034587569053,0.119239579288518,0,-0.00140962281536141,-0.0112346404268462,0.00720804425444893,0,0.556217952654781,0.384,NA,NA,0,0,1,0.808,0,0,0,0,0.405737936219803,0.405737936219803,0.405737936219803,0,0
"No treatment effect",2000,428,0.736509371412402,0.932574922227361,0,0.00751894992714633,0.0101424415102767,0.0139327767423826,0,0.522902355101665,0.208,NA,NA,0,0,1,0.388,0,0,0,0,0.406775550082244,0.406775550082244,0.406775550082244,0,0
"No treatment effect",2000,429,0.500320664543677,0.453533955697957,0,0.00714425237225028,-0.0150123479016897,0.00381130157925375,0,0.557905120242553,0.124,NA,NA,0,0,0,0.242,0,0,0,0,0.406968234734914,0.406968234734914,0.406968234734914,0,0
"No treatment effect",2000,430,0.939079367423883,1,0,0.0126311898661432,-0.026097080277517,0.0161744325506021,0,0.564689965365766,0.45,NA,NA,0,0,1,0.952,0,0,0,0,0.406529219160166,0.406529219160166,0.406529219160166,0,0
"No treatment effect",2000,431,0.436392798063958,0.348949934426078,0,-0.00939521324058459,-0.00257498253503828,0.00859001950087118,0,0.552014648953069,0.104,NA,NA,0,0,0,0.196,0,0,0,0,0.406658441494781,0.406658441494781,0.406658441494781,0,0
"No treatment effect",2000,432,0.352446793216647,0.303495770659214,0,-0.00065092905740542,0.0113304796540273,0.0142433052207718,0,0.533415790048206,0.188,NA,NA,0,0,0,0.356,0,0,0,0,0.407425294129665,0.407425294129665,0.407425294129665,0,0
"No treatment effect",2000,433,0.851039231029316,1,0,0.00239960095037955,-0.0219144951896531,-0.0130735383763814,0,0.566570727995313,0.45,NA,NA,0,0,0,0.084,0,0,0,0,0.405077767660858,0.405077767660858,0.405077767660858,0,0
"No treatment effect",2000,434,0.590823668514021,0.582828486089804,0,0.00806799531219016,0.0432588749939012,-0.0209279099110349,0,0.491234890927524,0.216,NA,NA,0,0,1,0.38,0,0,0,0,0.408155155950492,0.408155155950492,0.408155155950492,0,0
"No treatment effect",2000,435,0.127068652623393,0.295408234784602,0,0.0193356477920039,0.0217520581072922,0.0272563901760492,0,0.537589195667153,0.476,NA,NA,0,0,0,0.294,0,0,0,0,0.406348038681677,0.406348038681677,0.406348038681677,0,0
"No treatment effect",2000,436,0.498359607731861,0.514245400253369,0,-0.00172573271646388,0.032155943947686,0.0210525339062774,0,0.511909250970713,0.132,NA,NA,0,0,0,0.234,0,0,0,0,0.407696549655807,0.407696549655807,0.407696549655807,0,0
"No treatment effect",2000,437,0.271077173278015,0.415330599016756,0,0.0215437974102251,0.0109085696923709,0.00266482246639066,0,0.546732661068959,0.488,NA,NA,0,0,0,0.168,0,0,0,0,0.405734217772193,0.405734217772193,0.405734217772193,0,0
"No treatment effect",2000,438,0.903250876234683,1,0,0.0158627878079969,0.0536890054607994,0.0487150864141464,0,0.500737582617264,0.374,NA,NA,0,0,0,0.436,0,0,0,0,0.407837742956997,0.407837742956997,0.407837742956997,0,0
"No treatment effect",2000,439,0.54683931715597,0.913127487777,0,-0.0097362461564634,-0.0304543766827851,-0.0041389051556841,0,0.578403002122583,0.368,NA,NA,0,0,1,0.796,0,0,0,0,0.406322122251433,0.406322122251433,0.406322122251433,0,0
"No treatment effect",2000,440,0.85804582166094,1,0,0.0114932768827143,0.0155112303711313,-0.0139328187405555,0,0.536807007096225,0.47,NA,NA,0,0,1,0.938,0,0,0,0,0.407076263989365,0.407076263989365,0.407076263989365,0,0
"No treatment effect",2000,441,0.0141181930044872,0.0833408840210108,1,0.00492730018887671,-0.000729338044149293,0.0300072855104704,0,0.563036295933123,0.118,NA,NA,0,0,1,0.736,0,0,0,0,0.405252460552505,0.405252460552505,0.405252460552505,0,0
"No treatment effect",2000,442,0.0481517668386883,0.108169394924721,1,-0.00802705846431981,-0.0205715006685013,-0.0191842031655471,0,0.580240375763023,0.144,NA,NA,0,0,0,0.296,0,0,0,0,0.406530776078199,0.406530776078199,0.406530776078199,0,0
"No treatment effect",2000,443,0.806680703084544,1,0,-0.000716776623834706,-0.00110686667737855,0.00867909158898678,0,0.539765362756303,0.472,NA,NA,0,0,1,0.948,0,0,0,0,0.405630705490627,0.405630705490627,0.405630705490627,0,0
"No treatment effect",2000,444,0.643311996646787,1,0,0.00117190002608004,0.0378434485938082,-0.0251889557857676,0,0.505752319726352,0.53,NA,NA,0,0,1,0.726,0,0,0,0,0.406886564728434,0.406886564728434,0.406886564728434,0,0
"No treatment effect",2000,445,0.357797507830953,0.333835476821808,0,0.00190922056687267,0.039949951952948,0.0676574487125088,0,0.667896080841532,0.034,NA,NA,0,0,0,0.446,0,0,0,0,0.407168856266159,0.407168856266159,0.407168856266159,0,0
"No treatment effect",2000,446,0.643484982218247,0.641720470093513,0,0.00875726496905587,-0.0121311991156764,-0.0212349429614015,0,0.560563392640135,0.328,NA,NA,0,0,0,0.694,0,0,0,0,0.407174139220524,0.407174139220524,0.407174139220524,0,0
"No treatment effect",2000,447,0.878823370873166,1,0,-0.0144844288765253,-0.00714781975690724,-0.0160144489127039,0,0.555114232665645,0.356,NA,NA,0,0,0,0.178,0,0,0,0,0.405250915114204,0.405250915114204,0.405250915114204,0,0
"No treatment effect",2000,448,0.818972873039949,1,0,0.00319970944122856,0.0500442546179856,-0.00549412277774225,0,0.486816029485784,0.534,NA,NA,0,0,1,0.97,0,0,0,0,0.406498560636248,0.406498560636248,0.406498560636248,0,0
"No treatment effect",2000,449,0.682661161053575,1,0,0.0108112021441552,-0.00358146796611731,0.000829945289540612,0,0.531686527522224,0.106,NA,NA,0,0,1,0.93,0,0,0,0,0.407002411977073,0.407002411977073,0.407002411977073,0,0
"No treatment effect",2000,450,0.470669390897094,0.363253426329344,0,-3.70918695091209e-05,-0.0140386284597957,-0.0095030022014303,0,0.554850342255007,0.478,NA,NA,0,0,1,0.776,0,0,0,0,0.407277984109051,0.407277984109051,0.407277984109051,0,0
"No treatment effect",2000,451,0.0809444306496955,0.148326533129559,0,-0.00361791908805758,-0.00811433894838484,0.00106294763007025,0,0.541195793505899,0.136,NA,NA,0,0,1,0.96,0,0,0,0,0.406590818512084,0.406590818512084,0.406590818512084,0,0
"No treatment effect",2000,452,0.906913536032842,1,0,0.00228200036028735,-0.0044265428288338,-0.0153607603476149,0,0.573415624066584,0.312,NA,NA,0,0,1,0.78,0,0,0,0,0.406983306424136,0.406983306424136,0.406983306424136,0,0
"No treatment effect",2000,453,0.821091399580075,1,0,-9.33644767577742e-05,0.0400501527292987,0.0048202510265159,0,0.500517382335699,0.446,NA,NA,0,0,0,0.014,0,0,0,0,0.406685636567737,0.406685636567737,0.406685636567737,0,0
"No treatment effect",2000,454,0.121396066923281,0.205788301957648,0,0.00402384444677784,0.0357921979437522,0.0102460105941096,0,0.495009419927313,0.46,NA,NA,0,0,1,0.844,0,0,0,0,0.406013782024369,0.406013782024369,0.406013782024369,0,0
"No treatment effect",2000,455,0.938212811995774,1,0,-0.00667890876425894,-0.0307909912204454,-0.00227886158047536,0,0.559572002579112,0.454,NA,NA,0,0,1,0.95,0,0,0,0,0.406318900903537,0.406318900903537,0.406318900903537,0,0
"No treatment effect",2000,456,0.92732841605768,1,0,-0.0111876895624827,-0.0407081515259616,-0.0029394499805504,0,0.571465862599514,0.456,NA,NA,0,0,1,0.98,0,0,0,0,0.405672320878836,0.405672320878836,0.405672320878836,0,0
"No treatment effect",2000,457,0.317292746841232,0.546375497783322,0,0.0108209121501692,0.029983886710451,0.0105699701229106,0,0.509464700087189,0.51,NA,NA,0,0,0,0.044,0,0,0,0,0.407651476643634,0.407651476643634,0.407651476643634,0,0
"No treatment effect",2000,458,0.770710696080048,0.913685575291498,0,0.0010287984919463,0.0485113897486261,0.00734854316623507,0,0.500418749369478,0.526,NA,NA,0,0,0,0.036,0,0,0,0,0.4063995853185,0.4063995853185,0.4063995853185,0,0
"No treatment effect",2000,459,0.0425502865415237,0.0423749958200782,1,0.00345651648959532,0.00369250860910575,0.00198437956214492,0,0.538428020102527,0.48,NA,NA,0,0,1,0.962,0,0,0,0,0.406348982104946,0.406348982104946,0.406348982104946,0,0
"No treatment effect",2000,460,0.827659513461927,1,0,0.00202468102741242,0.0451379619088709,-0.062526631489249,0,0.521496266322112,0.242,NA,NA,0,0,1,0.454,0,0,0,0,0.407062168989012,0.407062168989012,0.407062168989012,0,0
"No treatment effect",2000,461,0.628897824372048,0.759717342058483,0,-0.00571387229709734,-0.0122741857735159,0.0093492897624346,0,0.58238415687986,0.118,NA,NA,0,0,1,0.318,0,0,0,0,0.407032428666532,0.407032428666532,0.407032428666532,0,0
"No treatment effect",2000,462,0.538383806030944,0.467085026324252,0,0.00826377016169879,-0.00493070772044469,0.0371242995584859,0,0.544239720795951,0.188,NA,NA,0,0,1,0.364,0,0,0,0,0.406379654186086,0.406379654186086,0.406379654186086,0,0
"No treatment effect",2000,463,0.941526511016215,1,0,-0.0194484520235155,-0.0403073101337454,-0.00564444281392018,0,0.572588149707212,0.344,NA,NA,0,0,0,0.026,0,0,0,0,0.40834736555048,0.40834736555048,0.40834736555048,0,0
"No treatment effect",2000,464,0.809028420320404,1,0,0.00210498468426314,-0.00689397242599237,0.0322455692577516,0,0.525626649067105,0.33,NA,NA,0,0,1,0.678,0,0,0,0,0.406841005362266,0.406841005362266,0.406841005362266,0,0
"No treatment effect",2000,465,0.485544815806926,0.437534180073106,0,-0.0211400398472799,-0.0369790757373582,0.00140213663942862,0,0.632558837865805,0.042,NA,NA,0,0,1,0.45,0,0,0,0,0.406396461065122,0.406396461065122,0.406396461065122,0,0
"No treatment effect",2000,466,0.860575026272929,1,0,-0.02989144737841,-0.00895028771852669,-0.0460897908641766,0,0.671996068656511,0.07,NA,NA,0,0,1,0.668,0,0,0,0,0.406067059451062,0.406067059451062,0.406067059451062,0,0
"No treatment effect",2000,467,0.862197948104506,1,0,-0.00917461147393308,-0.0130407667854064,0.0171498489421121,0,0.533336374252665,0.412,NA,NA,0,0,1,0.974,0,0,0,0,0.407430378204385,0.407430378204385,0.407430378204385,0,0
"No treatment effect",2000,468,0.849109844108484,1,0,0.0100635640600985,0.0474241680419642,0.00200054834791297,0,0.489617061247865,0.508,NA,NA,0,0,0,0.01,0,0,0,0,0.407688870033339,0.407688870033339,0.407688870033339,0,0
"No treatment effect",2000,469,0.73292735902463,0.959158598586954,0,-0.000986112317199444,0.0456967925487032,0.0139281649044078,0,0.607393630656046,0.018,NA,NA,0,0,0,0.126,0,0,0,0,0.405751014791943,0.405751014791943,0.405751014791943,0,0
"No treatment effect",2000,470,0.92619761159137,1,0,0.0034615293684185,-0.00757066003065342,0.00366178712940851,0,0.553244688437583,0.178,NA,NA,0,0,0,0.35,0,0,0,0,0.407027499967484,0.407027499967484,0.407027499967484,0,0
"No treatment effect",2000,471,0.894713065783807,1,0,-0.00494231025300668,-0.00834890924417278,-0.0177843053591563,0,0.544063906481199,0.466,NA,NA,0,0,0,0.056,0,0,0,0,0.407797776944577,0.407797776944577,0.407797776944577,0,0
"No treatment effect",2000,472,0.100358785464016,0.2358990950494,0,-0.00647555764428168,-0.0102662954108897,0.0044099220269378,0,0.534037664168313,0.492,NA,NA,0,0,0,0.086,0,0,0,0,0.405416129106562,0.405416129106562,0.405416129106562,0,0
"No treatment effect",2000,473,0.754611335242033,1,0,-0.0256855215454173,-0.0645310036373872,-0.00154741212978704,0,0.571681008986911,0.454,NA,NA,0,0,0,0.002,0,0,0,0,0.406981867273101,0.406981867273101,0.406981867273101,0,0
"No treatment effect",2000,474,0.126242279356295,0.217035278385188,0,0.0273677215566872,0.0489911261389175,0.0285060540744999,0,0.506033135160154,0.462,NA,NA,0,0,1,0.846,0,0,0,0,0.406247063239963,0.406247063239963,0.406247063239963,0,0
"No treatment effect",2000,475,0.685106772422005,1,0,-0.00533123995654117,-0.0230941552132466,-0.0175087680910198,0,0.634524348515052,0.08,NA,NA,0,0,0,0.178,0,0,0,0,0.407569069186608,0.407569069186608,0.407569069186608,0,0
"No treatment effect",2000,476,0.287399295200907,0.283758550894851,0,0.00114275878419531,0.0242066021555816,-0.0018965101847484,0,0.507833750416987,0.402,NA,NA,0,0,1,0.752,0,0,0,0,0.407274142062307,0.407274142062307,0.407274142062307,0,0
"No treatment effect",2000,477,0.0365300991293575,0.0141712685735498,1,0.0179839910287308,0.0141165642535185,0.00196181509846072,0,0.536182793750328,0.43,NA,NA,0,0,0,0.854,0,0,0,0,0.405794727399339,0.405794727399339,0.405794727399339,0,0
"No treatment effect",2000,478,0.632150394892161,0.575019779962826,0,-0.00720298093377665,-0.00361923587693311,0.0180057719331968,0,0.532874083975116,0.498,NA,NA,0,0,0,0.368,0,0,0,0,0.406754889318749,0.406754889318749,0.406754889318749,0,0
"No treatment effect",2000,479,0.270673171412949,0.263541294829409,0,0.00654723268945798,0.0604161449062882,-0.0266161570228175,0,0.468489435434782,0.08,NA,NA,0,0,1,0.81,0,0,0,0,0.406609928372212,0.406609928372212,0.406609928372212,0,0
"No treatment effect",2000,480,0.657435249468943,0.896678606465937,0,0.00193003249436038,0.0148685351210107,0,0,0.529012728369856,0.494,NA,NA,0,0,1,1,0,0,0,0,0.405483544429737,0.405483544429737,0.405483544429737,0,0
"No treatment effect",2000,481,0.693645762825418,1,0,0.00986328701294267,0.0130007575045971,0.00879652564294747,0,0.536406453106703,0.394,NA,NA,0,0,1,0.928,0,0,0,0,0.405369602652478,0.405369602652478,0.405369602652478,0,0
"No treatment effect",2000,482,0.0841251904671974,0.051836267952984,0,0.00602277030403814,0.0158776689582283,0.027003806415635,0,0.518736871855397,0.296,NA,NA,0,0,0,0.37,0,0,0,0,0.406277063126526,0.406277063126526,0.406277063126526,0,0
"No treatment effect",2000,483,0.552848634708865,0.459306902876749,0,-0.00813537852841025,0.0145253936836592,-0.00395122253552715,0,0.523070490835609,0.476,NA,NA,0,0,0,0.004,0,0,0,0,0.407721669421094,0.407721669421094,0.407721669421094,0,0
"No treatment effect",2000,484,0.173112318045702,0.161932855542861,0,-0.0167492568323817,0.00639436397060674,0,0,0.514672495804986,0.51,NA,NA,0,0,0,0,0,0,0,0,0.407830164354316,0.407830164354316,0.407830164354316,0,0
"No treatment effect",2000,485,0.0697443237402625,0.0643724869878782,0,-0.00946859304225764,-0.0457373384683969,0.0180301985624296,0,0.602240487590402,0.248,NA,NA,0,0,1,0.788,0,0,0,0,0.407886164316057,0.407886164316057,0.407886164316057,0,0
"No treatment effect",2000,486,0.155456863882039,0.0985529141471853,0,-0.000625954948027857,0.0497160245421705,0.0115472791670927,0,0.491503521406709,0.324,NA,NA,0,0,0,0.032,0,0,0,0,0.407439825575395,0.407439825575395,0.407439825575395,0,0
"No treatment effect",2000,487,0.928826673771898,1,0,-0.00745439638640961,0.00535887257736685,-0.0167386802124728,0,0.545678896179527,0.342,NA,NA,0,0,1,0.686,0,0,0,0,0.406393482175617,0.406393482175617,0.406393482175617,0,0
"No treatment effect",2000,488,0.261238867083994,0.263300085712568,0,0.00572773083757101,0.00172545934835342,0.00872011029602471,0,0.535735055468257,0.442,NA,NA,0,0,0,0.454,0,0,0,0,0.407461750873741,0.407461750873741,0.407461750873741,0,0
"No treatment effect",2000,489,0.044273598556773,0.0557099890261071,1,-0.00694324148857897,-0.0135790478475689,0.00700435157485407,0,0.59978251527935,0.132,NA,NA,0,0,1,0.832,0,0,0,0,0.405677834369299,0.405677834369299,0.405677834369299,0,0
"No treatment effect",2000,490,0.650766824183649,0.608120933058306,0,-0.0232156672379258,-0.0512130277900949,-0.00381734216932639,0,0.556696449151571,0.478,NA,NA,0,0,1,0.966,0,0,0,0,0.406633275469341,0.406633275469341,0.406633275469341,0,0
"No treatment effect",2000,491,0.205201143767574,0.153606542241803,0,0.00679951422411565,-0.00804131779886818,0.0349834549915071,0,0.510314512281348,0.166,NA,NA,0,0,0,0.298,0,0,0,0,0.404990674008848,0.404990674008848,0.404990674008848,0,0
"No treatment effect",2000,492,0.302129657321273,0.46393277435488,0,0.0115632502839022,0.00245308783633327,0.00543074307024027,0,0.540001250347213,0.316,NA,NA,0,0,0,0.624,0,0,0,0,0.407342827482512,0.407342827482512,0.407342827482512,0,0
"No treatment effect",2000,493,0.255769726310893,0.325149307179203,0,0.01152314279505,0.0137335666643683,0.0045409233632393,0,0.541895734023355,0.254,NA,NA,0,0,1,0.498,0,0,0,0,0.406565434485128,0.406565434485128,0.406565434485128,0,0
"No treatment effect",2000,494,0.428210263051734,0.318757533300052,0,0.0232955087501877,0.0125009830144527,0.0470285826958957,0,0.501835400216361,0.048,NA,NA,0,0,1,0.228,0,0,0,0,0.404765805065554,0.404765805065554,0.404765805065554,0,0
"No treatment effect",2000,495,0.555831352516518,0.52393921575079,0,0.0129591648422432,0.0506249670865056,-0.00902183438878773,0,0.502653340542303,0.53,NA,NA,0,0,1,0.992,0,0,0,0,0.404928362186363,0.404928362186363,0.404928362186363,0,0
"No treatment effect",2000,496,0.0398437678131588,0.0626348841192735,1,-0.0035853140233301,-0.0186193003567992,0.00474465246899003,0,0.64714507307628,0.034,NA,NA,0,0,0,0.076,0,0,0,0,0.407126397583268,0.407126397583268,0.407126397583268,0,0
"No treatment effect",2000,497,0.469424332076367,0.711956106903744,0,-0.0209748547504178,-0.0073558495428126,-0.0201557398341717,0,0.565134453695298,0.222,NA,NA,0,0,1,0.892,0,0,0,0,0.406978590799734,0.406978590799734,0.406978590799734,0,0
"No treatment effect",2000,498,0.973493121479441,1,0,0.0171727231243165,0.036944229994229,0.00014161325601042,0,0.51616448012905,0.426,NA,NA,0,0,0,0.004,0,0,0,0,0.406818236916361,0.406818236916361,0.406818236916361,0,0
"No treatment effect",2000,499,0.0869820324936901,0.0737977520410948,0,0.00819677992310289,0.00986170819406724,-0.0100766988619432,0,0.543016212915837,0.406,NA,NA,0,0,1,0.906,0,0,0,0,0.407447643058111,0.407447643058111,0.407447643058111,0,0
"No treatment effect",2000,500,0.468504377704704,0.435743743377625,0,0.0092905493740096,0.00289740343784781,-0.00256827105600199,0,0.548144769252865,0.48,NA,NA,0,0,1,0.998,0,0,0,0,0.405384393662138,0.405384393662138,0.405384393662138,0,0
"No HTE",2000,1,0.326649744021816,0.524820358191999,0,0.00928071128710283,0.0347822442508896,-0.00226593892363985,0,0.497190201604494,0.218,NA,NA,-0.00352000000000002,-0.00352000000000002,1,0.912,0.04,0,1,0,0.40866494545617,0.44866494545617,0.44866494545617,0,1
"No HTE",2000,2,0.854441974413243,1,0,-0.0187949850704674,0.0291818121108387,0.0677594613854878,0,0.502034748971309,0.452,NA,NA,-0.00640000000000002,0.0336,0,0.84,0.04,0,1,0,0.408469144130111,0.448469144130111,0.448469144130111,0,1
"No HTE",2000,3,0.863049922483497,1,0,-0.0236262203998602,-0.0245226928565679,0.00494192910004354,0,0.616012645421651,0.086,NA,NA,-0.000639999999999974,-0.000639999999999974,1,0.984,0.04,0,1,0,0.406003656324879,0.446003656324879,0.446003656324879,0,1
"No HTE",2000,4,0.69852502062923,0.822300465203053,0,0.00434270854803569,0.0360597075565529,0.0129715083602235,0,0.498779491601889,0.304,NA,NA,-0.02832,0.01168,0,0.292,0.04,0,1,0,0.405978471146917,0.445978471146917,0.445978471146917,0,1
"No HTE",2000,5,0.480309507164038,0.38390726098021,0,-0.0104917455200661,0.0131742184206203,0.00366661657987649,0,0.513488565950694,0.496,NA,NA,-0.00272,-0.00272,1,0.932,0.04,0,1,0,0.407254476615598,0.447254476615598,0.447254476615598,0,1
"No HTE",2000,6,0.364482110463135,0.553801288060805,0,-0.00331606627916468,0.0194030693424134,-0.0408443376447836,0,0.569477406373211,0.092,NA,NA,-0.03288,-0.03288,1,0.178,0.04,0,1,0,0.409306625948972,0.449306625948972,0.449306625948972,0,1
"No HTE",2000,7,0.14507606482315,0.249535617702027,0,0.00437713380286104,0.0229290548786038,0.0230339379999073,0,0.530969390638967,0.1,NA,NA,-0.0328,0.00719999999999998,0,0.18,0.04,0,1,0,0.40474545995232,0.44474545995232,0.44474545995232,0,1
"No HTE",2000,8,0.680055041453124,0.928307313521819,0,0.00793983881972723,0.0455822910209973,-0.0258815495727081,0,0.51073844904085,0.25,NA,NA,-0.0156,-0.0156,1,0.61,0.04,0,1,0,0.405938265904854,0.445938265904854,0.445938265904854,0,1
"No HTE",2000,9,0.0677036740861962,0.13177702413864,0,0.00488948234757463,0.0377799210276333,-0.0309611326400331,0,0.517214577348399,0.404,NA,NA,-0.00895999999999997,-0.00895999999999997,1,0.776,0.04,0,1,0,0.407394705198917,0.447394705198917,0.447394705198917,0,1
"No HTE",2000,10,0.327145168265574,0.407567568532244,0,0.0171329295000376,0.00209512877742003,-0.0145267775854911,0,0.557324178819236,0.458,NA,NA,-0.00184000000000001,-0.00184000000000001,1,0.954,0.04,0,1,0,0.404884428613323,0.444884428613323,0.444884428613323,0,1
"No HTE",2000,11,0.295322066435263,0.262777198863699,0,0.0184201468401048,0.0464861029873112,-0.00361293354225556,0,0.680640531785649,0.026,NA,NA,-0.03776,0.00224000000000002,0,0.056,0.04,0,1,0,0.406309036235323,0.446309036235323,0.446309036235323,0,1
"No HTE",2000,12,0.832763229058835,1,0,0.0030845894955377,0.0493002001925473,-0.00703740989282264,0,0.491541143812954,0.502,NA,NA,-0.00327999999999995,-0.00327999999999995,1,0.918,0.04,0,1,0,0.407855601384384,0.447855601384384,0.447855601384384,0,1
"No HTE",2000,13,0.433353672432621,0.524709683054951,0,0.0243411726931497,0.0378821399609799,-0.00758818247958548,0,0.595098238537365,0.036,NA,NA,-0.000959999999999961,-0.000959999999999961,1,0.976,0.04,0,1,0,0.407000394888697,0.447000394888697,0.447000394888697,0,1
"No HTE",2000,14,0.970565543683545,1,0,0.00125214530911472,0.0478147154829368,-0.000343892090734765,0,0.474663462126697,0.428,NA,NA,-0.00984000000000002,-0.00984000000000002,1,0.754,0.04,0,1,0,0.406555438387057,0.446555438387057,0.446555438387057,0,1
"No HTE",2000,15,0.291178942755512,0.344661326185694,0,-0.00357394231584558,0.0195928932647685,0.0244425475141538,0,0.532734837049418,0.224,NA,NA,-0.02288,0.01712,0,0.428,0.04,0,1,0,0.405447511055424,0.445447511055424,0.445447511055424,0,1
"No HTE",2000,16,0.873338762501801,1,0,0.00366834441953513,0.0164955772284714,-0.00449067703548844,0,0.524785879207886,0.508,NA,NA,-0.000320000000000042,-0.000320000000000042,1,0.992,0.04,0,1,0,0.408268931355854,0.448268931355854,0.448268931355854,0,1
"No HTE",2000,17,0.243377356822173,0.294801628595768,0,-0.00707400667086746,0.0158294245270054,-0.00336188447775299,0,0.522334748536591,0.414,NA,NA,-0.00663999999999998,-0.00663999999999998,1,0.834,0.04,0,1,0,0.407864733488488,0.447864733488488,0.447864733488488,0,1
"No HTE",2000,18,0.897604442618034,1,0,0.026409182450638,0.0358616501907644,0.00362597516998042,0,0.491587040901131,0.036,NA,NA,-0.00224000000000002,-0.00224000000000002,1,0.944,0.04,0,1,0,0.406892019340816,0.446892019340816,0.446892019340816,0,1
"No HTE",2000,19,0.842959836496439,1,0,0.0231346355254437,0.0518214606855759,0,0,0.5763595316797,0.05,NA,NA,0,0,1,1,0.04,0,1,0,0.405417647085941,0.445417647085941,0.445417647085941,0,1
"No HTE",2000,20,0.466621941913212,0.511925035818638,0,0.00933708705559316,0.0158704541350441,0,0,0.519187614065294,0.03,NA,NA,0,0,1,1,0.04,0,1,0,0.407039632811055,0.447039632811055,0.447039632811055,0,1
"No HTE",2000,21,0.590000618777354,0.588372486749062,0,-0.0102118468523635,0.0102173023805234,-0.00253238810534573,0,0.625850554871103,0.04,NA,NA,-7.9999999999969e-05,-7.9999999999969e-05,1,0.998,0.04,0,1,0,0.407822881184454,0.447822881184454,0.447822881184454,0,1
"No HTE",2000,22,0.872392088168777,1,0,0.0169330318886306,0.0469594503459231,0.0030314118546596,0,0.597097843794366,0.078,NA,NA,-0.00184000000000001,-0.00184000000000001,1,0.954,0.04,0,1,0,0.406427636579267,0.446427636579267,0.446427636579267,0,1
"No HTE",2000,23,0.541032492917764,0.682240609432914,0,-0.0112041901262054,-0.0223788105789245,-0.00954987795066226,0,0.622704313747957,0.078,NA,NA,-0.03328,0.00672,0,0.168,0.04,0,1,0,0.407442201626903,0.447442201626903,0.447442201626903,0,1
"No HTE",2000,24,0.873381757535826,1,0,0.0123705204362377,0.0482884846657486,0,0,0.501543107006129,0.528,NA,NA,0,0,1,1,0.04,0,1,0,0.407199197768271,0.447199197768271,0.447199197768271,0,1
"No HTE",2000,25,0.753096649708636,0.865632367540646,0,-0.00774465716355374,0.0147691423291819,0.00748131908417698,0,0.507153823371127,0.35,NA,NA,-0.01296,-0.01296,1,0.676,0.04,0,1,0,0.406462754256139,0.446462754256139,0.446462754256139,0,1
"No HTE",2000,26,0.865621833368768,1,0,-0.00690002537141564,0.00772923887027651,-0.0253891765048174,0,0.595858506082564,0.08,NA,NA,-0.022,-0.022,1,0.45,0.04,0,1,0,0.407763734493694,0.447763734493694,0.447763734493694,0,1
"No HTE",2000,27,0.859131274357904,1,0,-0.0284732796354348,-0.0269154051854537,-0.0230490912462131,0,0.732038132875623,0.02,NA,NA,-0.01048,-0.01048,1,0.738,0.04,0,1,0,0.405961977551076,0.445961977551076,0.445961977551076,0,1
"No HTE",2000,28,0.919221193879429,1,0,-0.0151518769573753,0.00882107296049296,-0.0327614181503443,0,0.529998609624454,0.45,NA,NA,-0.00447999999999998,-0.00447999999999998,1,0.888,0.04,0,1,0,0.407695895235833,0.447695895235833,0.447695895235833,0,1
"No HTE",2000,29,0.274078893346007,0.291789441070882,0,0.00569201770198035,-0.0128099292844607,-0.00217918464927502,0,0.550422208641206,0.414,NA,NA,-0.03912,0.000879999999999992,0,0.022,0.04,0,1,0,0.408042732248025,0.448042732248025,0.448042732248025,0,1
"No HTE",2000,30,0.720955117725635,1,0,-0.0014526823222071,0.0284858534618196,-8.59698292965949e-05,0,0.511531844317805,0.508,NA,NA,-0.000159999999999993,-0.000159999999999993,1,0.996,0.04,0,1,0,0.405122795362285,0.445122795362285,0.445122795362285,0,1
"No HTE",2000,31,0.387890200019396,0.39222653459478,0,-0.00123601853330167,-0.0209958891637815,-0.00211258621482202,0,0.558647995502632,0.16,NA,NA,-0.00511999999999996,-0.00511999999999996,1,0.872,0.04,0,1,0,0.407860525997814,0.447860525997814,0.447860525997814,0,1
"No HTE",2000,32,0.640211158003149,0.6261698636027,0,-0.00778808156710772,0.0252295894670473,-0.0187230804893945,0,0.515296135734472,0.458,NA,NA,-0.00503999999999999,-0.00503999999999999,1,0.874,0.04,0,1,0,0.406709012613916,0.446709012613916,0.446709012613916,0,1
"No HTE",2000,33,0.997383683835818,1,0,0.00293530698472955,0.0178217616276142,-0.00764562358899862,0,0.520767155775072,0.512,NA,NA,-0.03888,0.00112000000000001,0,0.028,0.04,0,1,0,0.40720633524302,0.44720633524302,0.44720633524302,0,1
"No HTE",2000,34,0.396207696476761,0.255045256189956,0,-0.0187810421351572,0.0159655062024903,-0.0510374478401308,0,0.635421815078647,0.018,NA,NA,-0.01016,-0.01016,1,0.746,0.04,0,1,0,0.406764125655238,0.446764125655238,0.446764125655238,0,1
"No HTE",2000,35,0.820632192308118,1,0,0.00821964376831872,-0.000210632598447505,-0.00178820858434586,0,0.546846259398579,0.486,NA,NA,-8.00000000000245e-05,-8.00000000000245e-05,1,0.998,0.04,0,1,0,0.407323097802971,0.44732309780297,0.44732309780297,0,1
"No HTE",2000,36,0.228551928261449,0.311827516607168,0,-0.000185924629266072,0.0175462859325021,0.0180991080076067,0,0.525400464381496,0.204,NA,NA,-0.02472,0.01528,0,0.382,0.04,0,1,0,0.407147684319335,0.447147684319335,0.447147684319335,0,1
"No HTE",2000,37,0.537025404796972,0.656262208832933,0,0.00577900530610412,0.00910002291532375,0.00671575837399874,0,0.556288448340026,0.134,NA,NA,-0.0296,0.0104,0,0.26,0.04,0,1,0,0.406927169200197,0.446927169200197,0.446927169200197,0,1
"No HTE",2000,38,0.931822738302545,1,0,0.010380732058159,0.0184603496431204,0.0174758896326198,0,0.515372832976138,0.466,NA,NA,-0.00440000000000002,-0.00440000000000002,1,0.89,0.04,0,1,0,0.407945195907879,0.447945195907879,0.447945195907879,0,1
"No HTE",2000,39,0.672821994766288,0.688238806247853,0,0.00206783429532001,-0.00643550228614363,0.00622252635252557,0,0.679118805367749,0.03,NA,NA,-0.00112000000000001,-0.00112000000000001,1,0.972,0.04,0,1,0,0.407942197779643,0.447942197779643,0.447942197779643,0,1
"No HTE",2000,40,0.734666472235848,0.797794159999449,0,-0.0069914780069896,0.0271718248113114,-0.0413943555491391,0,0.509331510603582,0.182,NA,NA,-0.02104,-0.02104,1,0.474,0.04,0,1,0,0.406880790975544,0.446880790975544,0.446880790975544,0,1
"No HTE",2000,41,0.825826955573795,1,0,-0.00992216264387858,0.008899987909806,-0.00771474522501264,0,0.522794219713634,0.508,NA,NA,-0.000480000000000036,-0.000480000000000036,1,0.988,0.04,0,1,0,0.406428653560453,0.446428653560453,0.446428653560453,0,1
"No HTE",2000,42,0.418464000764353,0.277743563506517,0,-0.00496925341576392,0.0302958779263901,-0.0474889512923159,0,0.528027521966207,0.248,NA,NA,-0.00944,-0.00944,1,0.764,0.04,0,1,0,0.406537108084771,0.446537108084771,0.446537108084771,0,1
"No HTE",2000,43,0.680367142297069,0.99066603506153,0,-0.0252417289318181,-0.025533239721727,0.000378811085764208,0,0.676125094373294,0.056,NA,NA,-0.000639999999999974,-0.000639999999999974,1,0.984,0.04,0,1,0,0.406553597117427,0.446553597117427,0.446553597117427,0,1
"No HTE",2000,44,0.660590174070817,0.7833385935795,0,0.00617861579930706,0.0453521083494019,-0.0039303809826739,0,0.776948154111614,0.018,NA,NA,-0.00224000000000002,-0.00224000000000002,1,0.944,0.04,0,1,0,0.407081709634126,0.447081709634126,0.447081709634126,0,1
"No HTE",2000,45,0.808276765941306,1,0,-0.00981127494959374,-0.018755749607061,-0.000944348646230941,0,0.545860570968771,0.434,NA,NA,-0.00480000000000003,-0.00480000000000003,1,0.88,0.04,0,1,0,0.406468356063382,0.446468356063382,0.446468356063382,0,1
"No HTE",2000,46,0.399327015918309,0.344766699005248,0,0.00931586955798198,0.0373063439226862,-0.0136515929646215,0,0.511853096194136,0.46,NA,NA,-0.00512000000000001,-0.00512000000000001,1,0.872,0.04,0,1,0,0.405049327576606,0.445049327576606,0.445049327576606,0,1
"No HTE",2000,47,0.674818289054173,1,0,-0.00851002037643014,0.0465773915174533,-0.103192619739405,0,0.613731585740169,0.064,NA,NA,-0.03176,-0.03176,1,0.206,0.04,0,1,0,0.407487810481752,0.447487810481752,0.447487810481752,0,1
"No HTE",2000,48,0.217577821784869,0.353592024119348,0,-0.00656805617214685,0.0441080198373296,0,0,0.488770768452328,0.548,NA,NA,-0.04,0,0,0,0.04,0,1,0,0.406871950120727,0.446871950120727,0.446871950120727,0,1
"No HTE",2000,49,0.391166706445215,0.622764214899324,0,-0.0112436583190879,0.00923437028815404,-0.00873215480483869,0,0.539604015437512,0.07,NA,NA,-0.00351999999999997,-0.00351999999999997,1,0.912,0.04,0,1,0,0.405557796361725,0.445557796361725,0.445557796361725,0,1
"No HTE",2000,50,0.152988238244489,0.166441747418748,0,-0.000932462400179781,-0.00597154685953489,0.00838945719334255,0,0.743962564973454,0.018,NA,NA,-0.00144,-0.00144,1,0.964,0.04,0,1,0,0.409025461027555,0.449025461027555,0.449025461027555,0,1
"No HTE",2000,51,0.305736049978805,0.483689151487834,0,0.000178306179307539,0.0375495407293439,-0.00923838802458626,0,0.508643864979904,0.472,NA,NA,-0.00440000000000002,-0.00440000000000002,1,0.89,0.04,0,1,0,0.405886868180176,0.445886868180176,0.445886868180176,0,1
"No HTE",2000,52,0.947637247368616,1,0,-0.00609658934138891,0.0425063522525405,-0.0351066985359719,0,0.498687980009267,0.264,NA,NA,-0.00791999999999998,-0.00791999999999998,1,0.802,0.04,0,1,0,0.406953807707512,0.446953807707512,0.446953807707512,0,1
"No HTE",2000,53,0.118182466408175,0.228272644692585,0,-0.0134180204622964,-0.0139158582520842,0,0,0.534691409308862,0.502,NA,NA,0,0,1,1,0.04,0,1,0,0.406479365123019,0.446479365123019,0.446479365123019,0,1
"No HTE",2000,54,0.53820494230112,0.794361583441607,0,-0.0105951626644099,0.000593544865756353,0.0176297168126202,0,0.534196082155247,0.386,NA,NA,-0.0096,0.0304,0,0.76,0.04,0,1,0,0.407037954283986,0.447037954283986,0.447037954283986,0,1
"No HTE",2000,55,0.301634314829786,0.440235275085303,0,-0.00566792176928455,0.0401805803527591,0.0778775881725134,0,0.499608619306609,0.428,NA,NA,-0.00839999999999996,0.0316,0,0.79,0.04,0,1,0,0.405746327052397,0.445746327052397,0.445746327052397,0,1
"No HTE",2000,56,0.219930448659675,0.124741400717673,0,-0.0102383595883944,-0.0126574892032546,-0.00945948957648912,0,0.544626282881991,0.474,NA,NA,-0.01584,-0.01584,1,0.604,0.04,0,1,0,0.409156774670466,0.449156774670466,0.449156774670466,0,1
"No HTE",2000,57,0.48488570882398,0.852330592174515,0,-0.0235002749038085,0.0125332628582373,-0.0075522867910196,0,0.593181786298559,0.118,NA,NA,-0.000880000000000047,-0.000880000000000047,1,0.978,0.04,0,1,0,0.405839761158895,0.445839761158895,0.445839761158895,0,1
"No HTE",2000,58,0.103996415452772,0.0584498076504198,0,0.00897397825911176,0.0117796877777014,1.49731506804418e-06,0,0.531967391360652,0.458,NA,NA,-0.00368000000000002,-0.00368000000000002,1,0.908,0.04,0,1,0,0.408238380088092,0.448238380088092,0.448238380088092,0,1
"No HTE",2000,59,0.620564327722282,0.570871766488919,0,0.00419599793103795,0.0387525004346316,0.00192702895281449,0,0.500345846711521,0.322,NA,NA,-8.00000000000245e-05,-8.00000000000245e-05,1,0.998,0.04,0,1,0,0.406616664069531,0.446616664069531,0.446616664069531,0,1
"No HTE",2000,60,0.0797582974367936,0.197558562298813,0,0.0165095694571422,0.0290943517918849,0.00492533999780004,0,0.621782787999613,0.068,NA,NA,-0.00136000000000003,-0.00136000000000003,1,0.966,0.04,0,1,0,0.406099467285375,0.446099467285375,0.446099467285375,0,1
"No HTE",2000,61,0.165144191081465,0.133822370533185,0,0.00424031785546391,0.0479304270585348,-0.0843557961204188,0,0.615505713279994,0.03,NA,NA,-0.03776,-0.03776,1,0.056,0.04,0,1,0,0.407319216404284,0.447319216404284,0.447319216404284,0,1
"No HTE",2000,62,0.856367084505524,1,0,-0.0117686658408616,0.0105154943441446,-0.0234910035328186,0,0.51791340393033,0.344,NA,NA,-0.0128,-0.0128,1,0.68,0.04,0,1,0,0.406173348293785,0.446173348293785,0.446173348293785,0,1
"No HTE",2000,63,0.329271238281422,0.240115846060233,0,0.0142460741375387,0.0117934884367169,0.0139248047151207,0,0.524291135793308,0.032,NA,NA,-0.00456000000000001,-0.00456000000000001,1,0.886,0.04,0,1,0,0.407749540865297,0.447749540865297,0.447749540865297,0,1
"No HTE",2000,64,0.381160325119412,0.434905590086591,0,-0.0115672754121731,-0.0211429564541787,-0.028446456777792,0,0.712166083125989,0.024,NA,NA,-0.0332,0.00679999999999997,0,0.17,0.04,0,1,0,0.407087629536227,0.447087629536227,0.447087629536227,0,1
"No HTE",2000,65,0.625225381121584,0.954857932098808,0,0.00220678689951367,0.000935137735038348,0.0144126147996824,0,0.554829680068584,0.186,NA,NA,-0.01568,-0.01568,1,0.608,0.04,0,1,0,0.408430510238152,0.448430510238152,0.448430510238152,0,1
"No HTE",2000,66,0.499794969665663,0.512164239559773,0,0.00682141925142309,0.0234160795824402,-0.0011840314949918,0,0.541952671400953,0.108,NA,NA,-0.000240000000000018,-0.000240000000000018,1,0.994,0.04,0,1,0,0.407021919081888,0.447021919081888,0.447021919081888,0,1
"No HTE",2000,67,0.996854498385047,1,0,0.017342269402947,0.017961655001432,0.0366433483462232,0,0.524011200070554,0.272,NA,NA,-0.01936,-0.01936,1,0.516,0.04,0,1,0,0.407984832961713,0.447984832961713,0.447984832961713,0,1
"No HTE",2000,68,0.862437745541868,1,0,-0.00841241887880512,-0.00350319492538366,-0.00293328674599741,0,0.535499898912256,0.478,NA,NA,-0.00192000000000003,-0.00192000000000003,1,0.952,0.04,0,1,0,0.405795199933347,0.445795199933347,0.445795199933347,0,1
"No HTE",2000,69,0.892724695967926,1,0,-0.0248199190532212,-0.0247304475122851,-0.00387157141919164,0,0.53944568828446,0.456,NA,NA,-0.00344,-0.00344,1,0.914,0.04,0,1,0,0.409043361142761,0.449043361142761,0.449043361142761,0,1
"No HTE",2000,70,0.618108662117559,0.873120779519269,0,0.0123695834379274,0.0749071388127074,-0.0019197671699771,0,0.479672212631495,0.556,NA,NA,-7.9999999999969e-05,-7.9999999999969e-05,1,0.998,0.04,0,1,0,0.406832419681988,0.446832419681988,0.446832419681988,0,1
"No HTE",2000,71,0.917816400027713,1,0,0.00416676575371302,0.00405540350010742,-0.00417735879157016,0,0.543288332116251,0.38,NA,NA,-0.00952000000000003,-0.00952000000000003,1,0.762,0.04,0,1,0,0.40501739224603,0.44501739224603,0.44501739224603,0,1
"No HTE",2000,72,0.522276946689716,0.634341214611181,0,-0.00636592194816213,0.0124084723361471,-0.00245658287283251,0,0.549228991722586,0.236,NA,NA,-0.01192,-0.01192,1,0.702,0.04,0,1,0,0.406042829069677,0.446042829069677,0.446042829069677,0,1
"No HTE",2000,73,0.697866850718413,1,0,-0.0218197145692243,0.0322220588884612,-0.0989894943863233,0,0.497413214501165,0.482,NA,NA,-0.02776,-0.02776,1,0.306,0.04,0,1,0,0.406449938261837,0.446449938261837,0.446449938261837,0,1
"No HTE",2000,74,0.831954630847383,1,0,0.000327657538589469,-0.000366745734097071,-0.00875498426033405,0,0.573653259274374,0.168,NA,NA,-0.02608,-0.02608,1,0.348,0.04,0,1,0,0.40601807730261,0.44601807730261,0.44601807730261,0,1
"No HTE",2000,75,0.451748976874206,0.432360167741735,0,-0.0172500218515424,-0.0253602503580381,-0.00876573018562155,0,0.706184360704019,0.028,NA,NA,-0.02512,-0.02512,1,0.372,0.04,0,1,0,0.407370430675753,0.447370430675753,0.447370430675753,0,1
"No HTE",2000,76,0.161824501281603,0.378661935118479,0,-0.00782028470458915,0.00504359484089154,-0.0250066551934865,0,0.604171754816614,0.04,NA,NA,-0.01248,-0.01248,1,0.688,0.04,0,1,0,0.408167533409798,0.448167533409798,0.448167533409798,0,1
"No HTE",2000,77,0.557914856037697,0.51683322116597,0,0.0101308817120347,0.0412274641542362,0.0119617759184697,0,0.508189443757911,0.338,NA,NA,-0.000639999999999974,-0.000639999999999974,1,0.984,0.04,0,1,0,0.406366253310177,0.446366253310177,0.446366253310177,0,1
"No HTE",2000,78,0.007461028268966,0.0219625383472131,1,-0.00125611868738931,0.0504873371774425,-0.00428578129072826,0,0.559888087294008,0.134,NA,NA,-0.000319999999999987,-0.000319999999999987,1,0.992,0.04,0,1,0,0.407200645415819,0.447200645415819,0.447200645415819,0,1
"No HTE",2000,79,0.955603099660298,1,0,-0.00172528044377968,0.00596924794190842,0.00482749925367487,0,0.530531622605388,0.428,NA,NA,-0.00640000000000002,0.0336,0,0.84,0.04,0,1,0,0.407779490270836,0.447779490270836,0.447779490270836,0,1
"No HTE",2000,80,0.879118247333973,1,0,-0.00909927808401983,0.015763677148274,-0.0375760429506956,0,0.576247507859676,0.168,NA,NA,-0.02456,-0.02456,1,0.386,0.04,0,1,0,0.405843144865278,0.445843144865278,0.445843144865278,0,1
"No HTE",2000,81,0.468833550316603,0.465411979992475,0,-0.00598247006132378,-0.0166007697562101,0.00062065890568197,0,0.550422208641206,0.414,NA,NA,-0.00616,-0.00616,1,0.846,0.04,0,1,0,0.406203788299653,0.446203788299653,0.446203788299653,0,1
"No HTE",2000,82,0.0751098988555203,0.118811959529525,0,0.00510177662466655,0.0453504977417263,-0.0126062522612659,0,0.50051525998629,0.42,NA,NA,-0.00895999999999997,-0.00895999999999997,1,0.776,0.04,0,1,0,0.407481626123487,0.447481626123487,0.447481626123487,0,1
"No HTE",2000,83,0.701715909669936,1,0,-0.00495786701922166,0.0169199562287658,-0.00181123571630082,0,0.512768051276955,0.524,NA,NA,-0.00119999999999998,-0.00119999999999998,1,0.97,0.04,0,1,0,0.40584400801776,0.44584400801776,0.44584400801776,0,1
"No HTE",2000,84,0.943191155388309,1,0,-0.000238907929038086,0.044249958446496,-0.0302483611572041,0,0.510067858599544,0.386,NA,NA,-0.01104,-0.01104,1,0.724,0.04,0,1,0,0.407063877264177,0.447063877264177,0.447063877264177,0,1
"No HTE",2000,85,0.102155984189658,0.133837418791024,0,-0.000479306864959821,0.0230704478300128,0.00835578682455684,0,0.51138134894847,0.436,NA,NA,-0.004,-0.004,1,0.9,0.04,0,1,0,0.406604010829081,0.446604010829081,0.446604010829081,0,1
"No HTE",2000,86,0.440251647890191,0.356040862369758,0,-0.0304158879410071,0.0484644851894948,0.0220773815432549,0,0.524878249939629,0.186,NA,NA,-0.02616,0.01384,0,0.346,0.04,0,1,0,0.405889910034925,0.445889910034925,0.445889910034925,0,1
"No HTE",2000,87,0.286371100896308,0.29108086596317,0,0.0138783814173253,0.060259777170905,0,0,0.49677928218056,0.54,NA,NA,0,0,1,1,0.04,0,1,0,0.407097758934002,0.447097758934001,0.447097758934001,0,1
"No HTE",2000,88,0.37552449348545,0.542034481543053,0,-0.0119837639758781,-0.0369557489827319,0.00828836842116565,0,0.577622339011676,0.358,NA,NA,-0.00103999999999999,-0.00103999999999999,1,0.974,0.04,0,1,0,0.404968762916981,0.444968762916981,0.444968762916981,0,1
"No HTE",2000,89,0.369021399129636,0.502190236804247,0,0.0107647274172851,0.00891719471355027,0.00690954207728012,0,0.546074959674354,0.356,NA,NA,-0.01136,-0.01136,1,0.716,0.04,0,1,0,0.406944524086254,0.446944524086254,0.446944524086254,0,1
"No HTE",2000,90,0.712681657470565,0.787812030984178,0,0.00740769610501731,0.0330445991046069,-0.00926453444339492,0,0.518761982441902,0.496,NA,NA,-0.00175999999999998,-0.00175999999999998,1,0.956,0.04,0,1,0,0.407116321737205,0.447116321737205,0.447116321737205,0,1
"No HTE",2000,91,0.970826380735989,1,0,0.0116038098727163,0.0181386370157551,0,0,0.513538656541527,0.26,NA,NA,0,0,1,1,0.04,0,1,0,0.405744694013298,0.445744694013298,0.445744694013298,0,1
"No HTE",2000,92,0.81248063568976,1,0,0.0222163355244563,0.0449170834106779,0.00190790967189813,0,0.512602827211043,0.51,NA,NA,-0.000640000000000029,-0.000640000000000029,1,0.984,0.04,0,1,0,0.405623840342279,0.445623840342279,0.445623840342279,0,1
"No HTE",2000,93,0.396909744708505,0.353328453042507,0,0.013711964615942,0.044425681566057,-0.0283219207485808,0,0.518012880826028,0.268,NA,NA,-0.0192,-0.0192,1,0.52,0.04,0,1,0,0.406910975747544,0.446910975747544,0.446910975747544,0,1
"No HTE",2000,94,0.755219045040228,1,0,0.00930633484178161,-0.00749680650250145,-0.00923720731073563,0,0.545826796237188,0.47,NA,NA,-0.0264,0.0136,0,0.34,0.04,0,1,0,0.407591682113079,0.447591682113079,0.447591682113079,0,1
"No HTE",2000,95,0.34222489561416,0.502382288974791,0,0.00607755288908747,0.0318346786877186,0,0,0.518751790832556,0.476,NA,NA,0,0,1,1,0.04,0,1,0,0.4054166280633,0.4454166280633,0.4454166280633,0,1
"No HTE",2000,96,0.694101886699832,0.732197060010536,0,-0.00330137313972649,0.0350357528407433,-0.0123890144489099,0,0.506399307070943,0.474,NA,NA,-0.03928,0.000719999999999998,0,0.018,0.04,0,1,0,0.407547118112379,0.447547118112379,0.447547118112379,0,1
"No HTE",2000,97,0.374169149601013,0.356431495924725,0,-0.00343581188171739,-0.0287901934830364,0.0201249222483845,0,0.580263474614046,0.248,NA,NA,-0.01888,-0.01888,1,0.528,0.04,0,1,0,0.407108401363513,0.447108401363513,0.447108401363513,0,1
"No HTE",2000,98,0.672356389428036,0.775641620616373,0,0.005120974008371,-0.00267551319955131,-0.00192592192777852,0,0.628905213487869,0.038,NA,NA,-0.000240000000000018,-0.000240000000000018,1,0.994,0.04,0,1,0,0.409437300754985,0.449437300754985,0.449437300754985,0,1
"No HTE",2000,99,0.773752521542974,0.926910822011974,0,-0.0141135233191987,0.0100032877395313,-0.00195938836498022,0,0.547212468774924,0.152,NA,NA,-7.9999999999969e-05,-7.9999999999969e-05,1,0.998,0.04,0,1,0,0.406476821766746,0.446476821766746,0.446476821766746,0,1
"No HTE",2000,100,0.695071855263067,1,0,-0.0192921241918164,-0.0159996859443569,0.00869563406660634,0,0.547882006648758,0.402,NA,NA,-0.00231999999999999,-0.00231999999999999,1,0.942,0.04,0,1,0,0.40650893245104,0.44650893245104,0.44650893245104,0,1
"No HTE",2000,101,0.623731427643929,0.587152619455235,0,-0.0164934878568992,0.0111907200062595,-0.0230671879416152,0,0.527672587242935,0.456,NA,NA,-0.004,-0.004,1,0.9,0.04,0,1,0,0.407166956193921,0.447166956193921,0.447166956193921,0,1
"No HTE",2000,102,0.36576812443916,0.551570522112307,0,0.00458770626202236,0.0107316770307054,-0.00670617118932137,0,0.631471104500704,0.02,NA,NA,-0.01608,0.02392,0,0.598,0.04,0,1,0,0.407051033170567,0.447051033170567,0.447051033170567,0,1
"No HTE",2000,103,0.096738015432137,0.116838079262203,0,-0.0122151334384745,0.0298610203405838,-0.0512391938841951,0,0.553231169615516,0.236,NA,NA,-0.01144,-0.01144,1,0.714,0.04,0,1,0,0.407749678720446,0.447749678720446,0.447749678720446,0,1
"No HTE",2000,104,0.100202278492645,0.120898766502098,0,0.0102830200765441,0.0240457975041966,-0.00404722239979932,0,0.540532229923364,0.152,NA,NA,-0.000159999999999993,-0.000159999999999993,1,0.996,0.04,0,1,0,0.407678981288209,0.447678981288209,0.447678981288209,0,1
"No HTE",2000,105,0.873088081888913,1,0,-0.00509761924077112,0.0184211010762798,-0.0275267789344947,0,0.524290278884866,0.462,NA,NA,-0.00407999999999997,-0.00407999999999997,1,0.898,0.04,0,1,0,0.407714934494697,0.447714934494697,0.447714934494697,0,1
"No HTE",2000,106,0.377662017792205,0.300078800518535,0,0.00231891957786949,0.0539256240591008,-0.0370610767203778,0,0.77008108483183,0.016,NA,NA,-0.01592,-0.01592,1,0.602,0.04,0,1,0,0.406171690136313,0.446171690136313,0.446171690136313,0,1
"No HTE",2000,107,0.0371479922299898,0.048917302598362,1,0.0337714036796504,0.0720027555220802,-0.0046753328269073,0,0.426943898031012,0.042,NA,NA,-0.00047999999999998,-0.00047999999999998,1,0.988,0.04,0,1,0,0.405730544886009,0.445730544886009,0.445730544886009,0,1
"No HTE",2000,108,0.986104409238915,1,0,-0.0182641381680164,-0.000357813193763372,-0.00693184646609923,0,0.523748534416718,0.39,NA,NA,-0.00992000000000004,-0.00992000000000004,1,0.752,0.04,0,1,0,0.40628215623001,0.44628215623001,0.44628215623001,0,1
"No HTE",2000,109,0.600217698822889,0.830408823593664,0,0.00420778277092113,0.0350083205537801,-0.0178620204202747,0,0.50964936882008,0.334,NA,NA,-0.01512,-0.01512,1,0.622,0.04,0,1,0,0.404972141728363,0.444972141728363,0.444972141728363,0,1
"No HTE",2000,110,0.197489883862613,0.104576113481134,0,0.00412933688547133,0.0319874926218299,0.0123631954451358,0,0.503534964854992,0.37,NA,NA,-0.0112,-0.0112,1,0.72,0.04,0,1,0,0.40645078647983,0.44645078647983,0.44645078647983,0,1
"No HTE",2000,111,0.675580203293048,0.781872504051246,0,0.001770181968807,0.0333524338510385,0.020690447396522,0,0.532097395486548,0.252,NA,NA,-0.02064,0.01936,0,0.484,0.04,0,1,0,0.407089211795942,0.447089211795942,0.447089211795942,0,1
"No HTE",2000,112,0.0190536617889414,0.0437718399729095,1,0.0201707348693828,0.0697462253279481,-0.00116748858689852,0,0.489613710001491,0.526,NA,NA,-0.02032,-0.02032,1,0.492,0.04,0,1,0,0.407546180436032,0.447546180436032,0.447546180436032,0,1
"No HTE",2000,113,0.00379592879391883,0.054904333374639,1,0.0102050347991457,0.0217208393153128,0.0146982190209694,0,0.514309247598904,0.472,NA,NA,-0.00384000000000001,-0.00384000000000001,1,0.904,0.04,0,1,0,0.407756637319359,0.447756637319359,0.447756637319359,0,1
"No HTE",2000,114,0.67340660379777,0.815457337494198,0,-0.00973958759998529,0.00862390013325349,0.00554985418825443,0,0.547884223580221,0.272,NA,NA,-0.000560000000000005,-0.000560000000000005,1,0.986,0.04,0,1,0,0.40710232724495,0.44710232724495,0.44710232724495,0,1
"No HTE",2000,115,0.0389104621795998,0.083176838059295,1,0.00197264780399402,0.025016988864873,0.00529177628220517,0,0.509727382458741,0.42,NA,NA,-0.00840000000000002,-0.00840000000000002,1,0.79,0.04,0,1,0,0.405826186380439,0.445826186380439,0.445826186380439,0,1
"No HTE",2000,116,0.165417101281655,0.150283623872924,0,0.00754269752366624,0.00343101186712382,0.00276877173651663,0,0.555111128706729,0.284,NA,NA,-0.01696,-0.01696,1,0.576,0.04,0,1,0,0.405677477606089,0.445677477606089,0.445677477606089,0,1
"No HTE",2000,117,0.758040463154891,1,0,-0.0235732387965567,0.00763050986186435,-0.0347848175177334,0,0.579616626192243,0.104,NA,NA,-0.01312,-0.01312,1,0.672,0.04,0,1,0,0.407594874794396,0.447594874794396,0.447594874794396,0,1
"No HTE",2000,118,0.616102803297684,1,0,-0.000199269841582022,0.0212304289719848,-0.0130393349172521,0,0.523921306715789,0.496,NA,NA,-0.00136000000000003,-0.00136000000000003,1,0.966,0.04,0,1,0,0.407978757645409,0.447978757645409,0.447978757645409,0,1
"No HTE",2000,119,0.187822817188197,0.308657519695375,0,-0.00433486246488941,0.0416179078179538,-0.0127177627139365,0,0.488553535134489,0.458,NA,NA,-0.00680000000000003,-0.00680000000000003,1,0.83,0.04,0,1,0,0.404983005216814,0.444983005216814,0.444983005216814,0,1
"No HTE",2000,120,0.726729047465844,0.964271051294844,0,0.000124119764672228,0.0654543483072662,0,0,0.472725282356733,0.564,NA,NA,0,0,1,1,0.04,0,1,0,0.406723438334619,0.446723438334619,0.446723438334619,0,1
"No HTE",2000,121,0.120130900355726,0.264937797891598,0,0.0129146972294512,-0.0326372360667373,0.0568566101597822,0,0.667634048607735,0.026,NA,NA,-0.01688,-0.01688,1,0.578,0.04,0,1,0,0.406220269929416,0.446220269929416,0.446220269929416,0,1
"No HTE",2000,122,0.69269364783948,0.731558461681107,0,-0.00546301199199622,0.031835550788403,0.0026372119696717,0,0.491614065626069,0.542,NA,NA,-0.000240000000000018,-0.000240000000000018,1,0.994,0.04,0,1,0,0.405989079790836,0.445989079790836,0.445989079790836,0,1
"No HTE",2000,123,0.330845339884767,0.499484432010978,0,0.00171514053492859,0.0401384243926878,0.00200456924960613,0,0.490773783034475,0.546,NA,NA,-0.03848,0.00152000000000002,0,0.038,0.04,0,1,0,0.406474122047606,0.446474122047606,0.446474122047606,0,1
"No HTE",2000,124,0.733055234603695,1,0,-0.000494207156023323,0.0337273252563888,0.0100173097383419,0,0.523396429596927,0.158,NA,NA,-0.00407999999999997,-0.00407999999999997,1,0.898,0.04,0,1,0,0.406368518135207,0.446368518135207,0.446368518135207,0,1
"No HTE",2000,125,0.770591506391226,1,0,-0.0157480647077065,0.0146284752673176,-0.0656597072830791,0,0.557203315244159,0.204,NA,NA,-0.02368,-0.02368,1,0.408,0.04,0,1,0,0.406427555227105,0.446427555227105,0.446427555227105,0,1
"No HTE",2000,126,0.666003518092197,1,0,-0.0170609763696142,0.0420001498972691,-0.0172329234724122,0,0.539181676340207,0.068,NA,NA,-0.00535999999999998,-0.00535999999999998,1,0.866,0.04,0,1,0,0.406061511411702,0.446061511411702,0.446061511411702,0,1
"No HTE",2000,127,0.13455333006915,0.0561110369803257,0,0.00205085268874262,0.0190479300134281,0.0296624323118038,0,0.567383453912838,0.132,NA,NA,-0.02568,0.01432,0,0.358,0.04,0,1,0,0.40640795046852,0.44640795046852,0.44640795046852,0,1
"No HTE",2000,128,0.334164048151969,0.346729372053128,0,0.0162047312080689,0.00314380527946943,0.0441532018556153,0,0.537345775562035,0.34,NA,NA,-0.01264,-0.01264,1,0.684,0.04,0,1,0,0.406147325215734,0.446147325215734,0.446147325215734,0,1
"No HTE",2000,129,0.784635798109121,1,0,-0.0218997550128707,0.00804694815817286,-0.00584190313384558,0,0.507205296023244,0.504,NA,NA,-0.002,-0.002,1,0.95,0.04,0,1,0,0.40721651634254,0.44721651634254,0.44721651634254,0,1
"No HTE",2000,130,0.788207569460439,1,0,-0.00645963304927036,0.00939355171034427,-0.00784140023406699,0,0.529821347138045,0.408,NA,NA,-0.00840000000000002,-0.00840000000000002,1,0.79,0.04,0,1,0,0.40755228931353,0.44755228931353,0.44755228931353,0,1
"No HTE",2000,131,0.305911205264758,0.322103333458688,0,0.0160831671656724,0.0386285040015814,0.0226058792753556,0,0.534022643554049,0.054,NA,NA,-0.02584,-0.02584,1,0.354,0.04,0,1,0,0.40539528230178,0.44539528230178,0.44539528230178,0,1
"No HTE",2000,132,0.121258607852225,0.20962736204886,0,-0.00174599117545616,0.0365622913427477,-0.0278770600512209,0,0.598032512965373,0.032,NA,NA,-0.02728,-0.02728,1,0.318,0.04,0,1,0,0.407782015935821,0.447782015935821,0.447782015935821,0,1
"No HTE",2000,133,0.0189660271488685,0.0153812822712686,1,0.0109445704823662,0.0205239675602165,0.0245368286320531,0,0.514494663350942,0.202,NA,NA,-0.00424000000000002,-0.00424000000000002,1,0.894,0.04,0,1,0,0.408349704872622,0.448349704872622,0.448349704872622,0,1
"No HTE",2000,134,0.302438839916001,0.547028141535339,0,0.00564695125115108,-0.000449138904316288,0.000597189852556079,0,0.481780322075568,0.046,NA,NA,-0.000560000000000005,-0.000560000000000005,1,0.986,0.04,0,1,0,0.405420083876865,0.445420083876865,0.445420083876865,0,1
"No HTE",2000,135,0.150833683699149,0.0947546727648423,0,0.0264778834325377,0.00534920704178586,0.0286124733716497,0,0.653502118800334,0.026,NA,NA,-0.00520000000000004,-0.00520000000000004,1,0.87,0.04,0,1,0,0.406842050890217,0.446842050890217,0.446842050890217,0,1
"No HTE",2000,136,0.135852753408818,0.0774920500839564,0,-0.0203933104903169,0.0245800088250073,-0.0973826497373196,0,0.554407722739197,0.208,NA,NA,-0.01776,-0.01776,1,0.556,0.04,0,1,0,0.406528009576109,0.446528009576109,0.446528009576109,0,1
"No HTE",2000,137,0.721819830493767,0.77153818850351,0,-0.0110231901467399,-0.0413496570150295,0.034013536816402,0,0.563931889256134,0.448,NA,NA,-0.01424,-0.01424,1,0.644,0.04,0,1,0,0.405319454522122,0.445319454522122,0.445319454522122,0,1
"No HTE",2000,138,0.994898276068259,1,0,-0.0159357217662098,0.0133597687905461,-0.0651138152676849,0,0.546195734137185,0.248,NA,NA,-0.02032,-0.02032,1,0.492,0.04,0,1,0,0.40772446419854,0.44772446419854,0.44772446419854,0,1
"No HTE",2000,139,0.122883537549832,0.0944900377824268,0,-0.0042727929967149,0.0419602048138324,0.0111757466100985,0,0.500695956199837,0.398,NA,NA,-0.00391999999999998,-0.00391999999999998,1,0.902,0.04,0,1,0,0.407721981732006,0.447721981732006,0.447721981732006,0,1
"No HTE",2000,140,0.623959914945346,0.705848067135875,0,-0.0054359551823438,0.0178019542453722,0,0,0.512768051276955,0.524,NA,NA,0,0,1,1,0.04,0,1,0,0.406429761970123,0.446429761970123,0.446429761970123,0,1
"No HTE",2000,141,0.71061884808282,0.91463096336192,0,-0.0103003273879944,0.037464388393246,0.00345236753055006,0,0.484490930241957,0.548,NA,NA,-0.000319999999999987,-0.000319999999999987,1,0.992,0.04,0,1,0,0.404820987331279,0.444820987331279,0.444820987331279,0,1
"No HTE",2000,142,0.152095396167288,0.136032051875132,0,-0.00550829999458266,0.0319168991800574,0.00659128415828969,0,0.489581970416383,0.472,NA,NA,-0.00287999999999999,-0.00287999999999999,1,0.928,0.04,0,1,0,0.40729919884552,0.44729919884552,0.44729919884552,0,1
"No HTE",2000,143,0.741910392342744,1,0,0.00162819469338455,0.0140925988114183,0.000605781469799505,0,0.566439592485876,0.042,NA,NA,-0.000640000000000029,-0.000640000000000029,1,0.984,0.04,0,1,0,0.406862010822245,0.446862010822245,0.446862010822245,0,1
"No HTE",2000,144,0.914301617067719,1,0,-0.0145115044840779,0.0483246530874297,0.00189711432349193,0,0.476652114405042,0.546,NA,NA,-0.00103999999999999,-0.00103999999999999,1,0.974,0.04,0,1,0,0.407223144479766,0.447223144479766,0.447223144479766,0,1
"No HTE",2000,145,0.389069829173065,0.389692608448373,0,-0.00703029274912549,-0.0207561309444101,-0.0335190716272266,0,0.689501600258316,0.064,NA,NA,-0.02472,0.01528,0,0.382,0.04,0,1,0,0.405817955544913,0.445817955544913,0.445817955544913,0,1
"No HTE",2000,146,0.471900409114341,0.421926828094697,0,0.0120484469481018,0.0455839573185701,-2.12335580361822e-05,0,0.510740904652722,0.524,NA,NA,-0.000159999999999993,-0.000159999999999993,1,0.996,0.04,0,1,0,0.408298979999805,0.448298979999805,0.448298979999805,0,1
"No HTE",2000,147,0.387536129388931,0.249991306934711,0,0.0116359110814714,0.0552206073238122,0.00357111274004179,0,0.494683068282329,0.54,NA,NA,-0.000159999999999993,-0.000159999999999993,1,0.996,0.04,0,1,0,0.406765137029403,0.446765137029404,0.446765137029404,0,1
"No HTE",2000,148,0.597983685737822,0.5181361423049,0,-0.0159999339342761,-0.0148104048260689,0.00160633280015193,0,0.538233795690164,0.408,NA,NA,-0.00751999999999997,0.03248,0,0.812,0.04,0,1,0,0.405568113911307,0.445568113911307,0.445568113911307,0,1
"No HTE",2000,149,0.78004989800486,0.98818042784942,0,0.0205551375468706,0.0731158469986528,0.00216167563770092,0,0.480109059051931,0.386,NA,NA,-0.03992,8.00000000000245e-05,0,0.002,0.04,0,1,0,0.407305944371912,0.447305944371912,0.447305944371912,0,1
"No HTE",2000,150,0.939428265988092,1,0,-0.017155914647727,-0.0226256451728723,-0.00222265695849955,0,0.54379137537442,0.49,NA,NA,-0.000239999999999962,-0.000239999999999962,1,0.994,0.04,0,1,0,0.40426244597986,0.44426244597986,0.44426244597986,0,1
"No HTE",2000,151,0.438529991800714,0.961066647433216,0,-0.00546609586379957,-0.0146152504680218,0.00234875807431628,0,0.547359341948332,0.444,NA,NA,-0.00384000000000001,-0.00384000000000001,1,0.904,0.04,0,1,0,0.406865753875922,0.446865753875922,0.446865753875922,0,1
"No HTE",2000,152,0.242700888783464,0.394691389457943,0,0.00638472745397966,0.0167792573191435,0.0017226289950007,0,0.572726622062324,0.112,NA,NA,-8.00000000000245e-05,-8.00000000000245e-05,1,0.998,0.04,0,1,0,0.406193061768742,0.446193061768742,0.446193061768742,0,1
"No HTE",2000,153,0.913174336064655,1,0,-0.00721635821030237,0.0537984965270017,-0.0131417444846714,0,0.484608951264854,0.534,NA,NA,-0.00136000000000003,-0.00136000000000003,1,0.966,0.04,0,1,0,0.404640911278084,0.444640911278084,0.444640911278084,0,1
"No HTE",2000,154,0.395303433107243,0.334341956269555,0,0.00157483039097447,0.0179057648842118,0.00452789498641115,0,0.529280834894988,0.432,NA,NA,-0.000639999999999974,-0.000639999999999974,1,0.984,0.04,0,1,0,0.404548807947484,0.444548807947484,0.444548807947484,0,1
"No HTE",2000,155,0.728394632650884,0.947883839650697,0,-0.00617687922592251,0.0193980336632378,-0.0044377582901502,0,0.52847902943123,0.344,NA,NA,-0.03192,0.00807999999999998,0,0.202,0.04,0,1,0,0.407468439583435,0.447468439583435,0.447468439583435,0,1
"No HTE",2000,156,0.238269703434398,0.329994697400235,0,0.00750145018994238,0.025919021948842,0.00068708910531462,0,0.527418584085512,0.47,NA,NA,-0.000960000000000016,-0.000960000000000016,1,0.976,0.04,0,1,0,0.406832073348873,0.446832073348873,0.446832073348873,0,1
"No HTE",2000,157,0.551422827491017,0.970288124231192,0,-2.43317381593812e-05,0.0233545540667716,-0.00357211130566093,0,0.512527196374008,0.28,NA,NA,-0.0192,-0.0192,1,0.52,0.04,0,1,0,0.406973499981137,0.446973499981137,0.446973499981137,0,1
"No HTE",2000,158,0.116420255042872,0.0870704247847737,0,0.0249657464269556,0.0015669004224674,0.00271517474975708,0,0.522476217745551,0.054,NA,NA,-8.00000000000245e-05,-8.00000000000245e-05,1,0.998,0.04,0,1,0,0.407520310050823,0.447520310050823,0.447520310050823,0,1
"No HTE",2000,159,0.586207326697286,0.549569982457073,0,0.0168762467795783,0.0446283753961847,-0.00222747071968721,0,0.522196383594696,0.442,NA,NA,-0.0396,0.000400000000000011,0,0.01,0.04,0,1,0,0.406748429693532,0.446748429693532,0.446748429693532,0,1
"No HTE",2000,160,0.4881630827642,0.565253508404801,0,-0.0180908412103115,-0.0153728824701583,0.0197162816196148,0,0.524159710531294,0.474,NA,NA,-0.00312000000000001,-0.00312000000000001,1,0.922,0.04,0,1,0,0.407350010972759,0.447350010972759,0.447350010972759,0,1
"No HTE",2000,161,0.130890992153848,0.0853758486397023,0,-0.00381790958691424,0.0404149748270279,0.00198053571243517,0,0.49844262859485,0.504,NA,NA,-0.03992,8.00000000000245e-05,0,0.002,0.04,0,1,0,0.406587096980414,0.446587096980414,0.446587096980414,0,1
"No HTE",2000,162,0.0880339913361369,0.107505629419976,0,0.0104491648839128,0.0471311680326279,-0.00501526905583394,0,0.491035405246147,0.304,NA,NA,-0.00119999999999998,-0.00119999999999998,1,0.97,0.04,0,1,0,0.406874795797086,0.446874795797086,0.446874795797086,0,1
"No HTE",2000,163,0.0881111592910185,0.0353031452642758,0,-0.0122719479637016,0.00126292057688151,-0.0262393045459893,0,0.547374764275273,0.234,NA,NA,-0.02152,-0.02152,1,0.462,0.04,0,1,0,0.406132469884871,0.446132469884871,0.446132469884871,0,1
"No HTE",2000,164,0.32573901956544,0.662102634771434,0,-0.0143287988437038,-0.000809046284664613,-0.00317955110829599,0,0.548343162294464,0.412,NA,NA,-0.000799999999999967,-0.000799999999999967,1,0.98,0.04,0,1,0,0.406589637476446,0.446589637476446,0.446589637476446,0,1
"No HTE",2000,165,0.65075875908409,0.745023922084277,0,-0.0317225096937201,-0.0288121924259481,-6.55681439037936e-05,0,0.529783125732813,0.504,NA,NA,-0.03944,-0.03944,1,0.014,0.04,0,1,0,0.406051396685113,0.446051396685113,0.446051396685113,0,1
"No HTE",2000,166,0.670008058781131,0.688070191153875,0,0.00319938772328607,0.0170422465203207,0.00124380714700223,0,0.524099634295598,0.308,NA,NA,-0.01648,-0.01648,1,0.588,0.04,0,1,0,0.404590976662903,0.444590976662903,0.444590976662903,0,1
"No HTE",2000,167,0.989284368303231,1,0,0.00161534523622979,0.0324186808852602,-0.00875260825383534,0,0.506586841848278,0.522,NA,NA,-0.000639999999999974,-0.000639999999999974,1,0.984,0.04,0,1,0,0.405049159342801,0.445049159342801,0.445049159342801,0,1
"No HTE",2000,168,0.989709717640693,1,0,-0.02215195205924,-0.00913008975625823,0.00170573764217025,0,0.519759450390995,0.514,NA,NA,-0.000240000000000018,-0.000240000000000018,1,0.994,0.04,0,1,0,0.407297284035652,0.447297284035652,0.447297284035652,0,1
"No HTE",2000,169,0.50142056341571,0.452913283009724,0,-0.00435442308247016,0.00680082865412224,0.0229660905263707,0,0.662773493198797,0.032,NA,NA,-0.02976,0.01024,0,0.256,0.04,0,1,0,0.405143655137743,0.445143655137743,0.445143655137743,0,1
"No HTE",2000,170,0.291202084772462,0.336570715467765,0,0.00762723665858764,0.0544981767035642,0.00609595218978082,0,0.485434496778619,0.546,NA,NA,-0.000400000000000011,-0.000400000000000011,1,0.99,0.04,0,1,0,0.407924555487869,0.447924555487869,0.447924555487869,0,1
"No HTE",2000,171,0.323195751500729,0.605826285158657,0,0.00664586257467178,0.0337889767263671,0.0242594578388797,0,0.531723470178532,0.036,NA,NA,-0.00208000000000003,-0.00208000000000003,1,0.948,0.04,0,1,0,0.407940251361648,0.447940251361648,0.447940251361648,0,1
"No HTE",2000,172,0.377818140356096,0.620493067928124,0,0.00537412067376791,0.00734716444450737,-0.000800796463921838,0,0.512518196548815,0.036,NA,NA,-0.00352000000000002,-0.00352000000000002,1,0.912,0.04,0,1,0,0.407478965721357,0.447478965721357,0.447478965721357,0,1
"No HTE",2000,173,0.0874010089562164,0.169685070777169,0,-0.0228791069633323,0.016331011282143,-0.0827411393637511,0,0.769874639456909,0.03,NA,NA,-0.02288,-0.02288,1,0.428,0.04,0,1,0,0.405889728230375,0.445889728230375,0.445889728230375,0,1
"No HTE",2000,174,0.759273070603349,0.920922504998159,0,0.00670388548353165,0.0210406163208573,0.00126147590693892,0,0.517755583227389,0.518,NA,NA,-8.00000000000245e-05,-8.00000000000245e-05,1,0.998,0.04,0,1,0,0.406402276959175,0.446402276959175,0.446402276959175,0,1
"No HTE",2000,175,0.748874455012512,0.922205057869901,0,-0.00849101943417598,0.0121678919396206,0.000202424914618027,0,0.513577083343054,0.504,NA,NA,-0.00352000000000002,-0.00352000000000002,1,0.912,0.04,0,1,0,0.406829483385151,0.446829483385151,0.446829483385151,0,1
"No HTE",2000,176,0.479080387844942,0.40101609485577,0,0.00114083156632436,0.0147006840111586,0.011903141171254,0,0.554268880316662,0.046,NA,NA,-0.0368,0.00319999999999998,0,0.08,0.04,0,1,0,0.407410195484621,0.447410195484621,0.447410195484621,0,1
"No HTE",2000,177,0.334821356489546,0.23741702520884,0,0.0183451416708256,0.00104322292731667,0.0221504607600427,0,0.541965228000181,0.334,NA,NA,-0.01248,-0.01248,1,0.688,0.04,0,1,0,0.406470428418479,0.446470428418479,0.446470428418479,0,1
"No HTE",2000,178,0.600431613408429,0.858580450504774,0,-0.000945539046685426,-0.0195133628117437,-0.00132653179726649,0,0.550591285414494,0.486,NA,NA,-0.03888,0.00112000000000001,0,0.028,0.04,0,1,0,0.406280763573378,0.446280763573378,0.446280763573378,0,1
"No HTE",2000,179,0.632161612387465,1,0,-0.00912604798236904,-0.00497507062992654,-0.00783114312447347,0,0.525547114677174,0.45,NA,NA,-0.00496000000000002,-0.00496000000000002,1,0.876,0.04,0,1,0,0.406322345683668,0.446322345683668,0.446322345683668,0,1
"No HTE",2000,180,0.487892493866547,0.465008281368101,0,0.00665731651279815,0.0558733745110607,-0.0114547721064018,0,0.491239281743916,0.516,NA,NA,-0.00224000000000002,-0.00224000000000002,1,0.944,0.04,0,1,0,0.405014298801873,0.445014298801873,0.445014298801873,0,1
"No HTE",2000,181,0.925279856888674,1,0,-0.013127158075314,0.00475975088983609,-0.0151913140792388,0,0.521935375202146,0.486,NA,NA,-0.01216,-0.01216,1,0.696,0.04,0,1,0,0.40614045006585,0.446140450065849,0.446140450065849,0,1
"No HTE",2000,182,0.64844690775279,1,0,6.59533571837324e-05,0.0222080330619237,-0.00424449153742912,0,0.626686984882807,0.046,NA,NA,-0.004,-0.004,1,0.9,0.04,0,1,0,0.40694460061607,0.44694460061607,0.44694460061607,0,1
"No HTE",2000,183,0.98571196737764,1,0,-0.00737945007251644,0.00717176542919724,-0.00090519318868082,0,0.578165044058457,0.108,NA,NA,-0.00047999999999998,-0.00047999999999998,1,0.988,0.04,0,1,0,0.407837658519475,0.447837658519475,0.447837658519475,0,1
"No HTE",2000,184,0.0387035438880029,0.0198820637495649,1,0.0139310501610444,0.0536169305255613,0.0486740400696191,0,0.481687601164879,0.224,NA,NA,-0.01848,0.02152,0,0.538,0.04,0,1,0,0.407022931845998,0.447022931845998,0.447022931845998,0,1
"No HTE",2000,185,0.870743293431689,1,0,-0.0133183625034216,0.0468100205744163,-0.00265474981045466,0,0.479672212631495,0.556,NA,NA,-8.00000000000245e-05,-8.00000000000245e-05,1,0.998,0.04,0,1,0,0.407463490535857,0.447463490535857,0.447463490535857,0,1
"No HTE",2000,186,0.00120209219214147,0.00113728743882251,1,0.00829412759786148,0.0224684873708462,-0.00552961573298827,0,0.560711591401697,0.148,NA,NA,-0.01184,-0.01184,1,0.704,0.04,0,1,0,0.407179151245037,0.447179151245037,0.447179151245037,0,1
"No HTE",2000,187,0.0565030273142896,0.022929384953382,0,0.00396343867441147,0.0188206594496722,0.0100689493571167,0,0.515426533173415,0.472,NA,NA,-0.00391999999999998,-0.00391999999999998,1,0.902,0.04,0,1,0,0.405942159124651,0.445942159124651,0.445942159124651,0,1
"No HTE",2000,188,0.512429083448955,0.447281124370245,0,0.0135720220273731,0.0444440655387258,-0.0078523584497388,0,0.490450460868796,0.226,NA,NA,-0.02408,-0.02408,1,0.398,0.04,0,1,0,0.405649779938822,0.445649779938822,0.445649779938822,0,1
"No HTE",2000,189,0.853748518948846,1,0,-0.0049137214146436,0.0230449018844358,-0.0110867047469409,0,0.514605790285446,0.502,NA,NA,-0.00159999999999999,-0.00159999999999999,1,0.96,0.04,0,1,0,0.406815626845191,0.446815626845191,0.446815626845191,0,1
"No HTE",2000,190,0.621010221804562,0.580805891029581,0,-0.0191276564757588,0.000505031922884361,-0.0481267276289198,0,0.542086525542243,0.356,NA,NA,-0.02464,-0.02464,1,0.384,0.04,0,1,0,0.405431076433554,0.445431076433554,0.445431076433554,0,1
"No HTE",2000,191,0.0299531487920794,0.0815629581638687,1,0.0152861933035701,0.0623708383288836,0.0159385783585596,0,0.476681430935869,0.47,NA,NA,-0.03704,0.00296000000000002,0,0.074,0.04,0,1,0,0.40705120559156,0.44705120559156,0.44705120559156,0,1
"No HTE",2000,192,0.0674136529534194,0.055699668113996,0,-0.00509638648808822,0.00592810400863971,-0.0242603556155768,0,0.672596232114844,0.02,NA,NA,-0.0236,-0.0236,1,0.41,0.04,0,1,0,0.406353399663581,0.446353399663581,0.446353399663581,0,1
"No HTE",2000,193,0.538209691418784,0.690744239915369,0,-0.00232151192920468,-0.00429944601465113,-0.0107448914446381,0,0.564627985260445,0.2,NA,NA,-0.0148,-0.0148,1,0.63,0.04,0,1,0,0.405148751801533,0.445148751801533,0.445148751801533,0,1
"No HTE",2000,194,0.813780849689009,1,0,-0.0198208218849126,0.0330815191087314,0.0336971360774815,0,0.609057778407077,0.062,NA,NA,-0.01312,0.02688,0,0.672,0.04,0,1,0,0.406228867736856,0.446228867736856,0.446228867736856,0,1
"No HTE",2000,195,0.389185029066287,0.53090882364026,0,0.00089326856671411,0.0160883959013714,-0.00806709982818254,0,0.511399493632279,0.296,NA,NA,-0.01024,-0.01024,1,0.744,0.04,0,1,0,0.406484356566467,0.446484356566467,0.446484356566467,0,1
"No HTE",2000,196,0.0295191261577226,0.0568032595365354,1,0.0192164777346459,0.0476973468964539,0.0046532526602846,0,0.508468461875041,0.344,NA,NA,-0.00231999999999999,-0.00231999999999999,1,0.942,0.04,0,1,0,0.408093259771395,0.448093259771395,0.448093259771395,0,1
"No HTE",2000,197,0.742677746479325,0.861969396548441,0,-0.0124746912646434,-0.0297667341537812,-0.0073180786180882,0,0.572343041308132,0.292,NA,NA,-0.01536,-0.01536,1,0.616,0.04,0,1,0,0.405905112864196,0.445905112864196,0.445905112864196,0,1
"No HTE",2000,198,0.393429666787475,0.375087747517268,0,-0.00658439182544165,0.0064933585330095,-0.0150802420636441,0,0.540176136552426,0.16,NA,NA,-0.002,-0.002,1,0.95,0.04,0,1,0,0.406869838605221,0.446869838605221,0.446869838605221,0,1
"No HTE",2000,199,0.670810955453656,0.816183654861935,0,-0.0152189373197757,0.010839709021815,-0.0164829262318471,0,0.513571152246068,0.42,NA,NA,-0.00816,-0.00816,1,0.796,0.04,0,1,0,0.404939610237178,0.444939610237178,0.444939610237178,0,1
"No HTE",2000,200,0.254459481275935,0.208492769328309,0,-0.00366846120354277,-0.0124481549593113,-0.0155968320706235,0,0.551630208726419,0.336,NA,NA,-0.0236,0.0164,0,0.41,0.04,0,1,0,0.405921534135195,0.445921534135195,0.445921534135195,0,1
"No HTE",2000,201,0.456496675711321,0.382427648134998,0,-0.0060508001434327,-0.0017837445305774,0.00249670973186822,0,0.844393641110263,0.012,NA,NA,-7.9999999999969e-05,-7.9999999999969e-05,1,0.998,0.04,0,1,0,0.405387298788766,0.445387298788766,0.445387298788766,0,1
"No HTE",2000,202,0.056293652955155,0.0576157615681539,0,0.0159023347638589,0.0157324903279988,0.0405446270633623,0,0.555947088395685,0.11,NA,NA,-0.0188,-0.0188,1,0.53,0.04,0,1,0,0.407324611547141,0.447324611547141,0.447324611547141,0,1
"No HTE",2000,203,0.0130790971764835,0.00378967490563442,1,-0.0143369164778915,0.0192884257917852,0.0270399387046644,0,0.44708456319865,0.032,NA,NA,-0.01384,0.02616,0,0.654,0.04,0,1,0,0.406032607516099,0.446032607516099,0.446032607516099,0,1
"No HTE",2000,204,0.350240441692138,0.239232891234509,0,-0.0103600110672394,-0.0324481908787565,0.000978328798664885,0,0.601771992236024,0.194,NA,NA,-0.00768000000000002,-0.00768000000000002,1,0.808,0.04,0,1,0,0.407438647325169,0.447438647325169,0.447438647325169,0,1
"No HTE",2000,205,0.444073574142178,0.75182288640797,0,-0.00667647789502428,-0.04249359293127,-0.00129109173371483,0,0.598264966239686,0.308,NA,NA,-0.01296,-0.01296,1,0.676,0.04,0,1,0,0.406313342703369,0.446313342703369,0.446313342703369,0,1
"No HTE",2000,206,0.908557364816472,1,0,0.00463434985273619,-0.0208910650009606,0.0430053693742029,0,0.566446520668211,0.19,NA,NA,-0.02456,-0.02456,1,0.386,0.04,0,1,0,0.407867306383095,0.447867306383095,0.447867306383095,0,1
"No HTE",2000,207,0.216301092482713,0.371628794981369,0,-0.0105865279883416,0.00835358200681006,-0.00166288796787939,0,0.543288332116251,0.38,NA,NA,-0.00951999999999997,0.03048,0,0.762,0.04,0,1,0,0.40757884263226,0.44757884263226,0.44757884263226,0,1
"No HTE",2000,208,0.846144325649778,1,0,-0.000727951195298211,0.0320681030371828,0.00144863307046206,0,0.500343271990157,0.496,NA,NA,-0.00312000000000001,-0.00312000000000001,1,0.922,0.04,0,1,0,0.406481096776897,0.446481096776897,0.446481096776897,0,1
"No HTE",2000,209,0.0237225029212438,0.162500730500648,1,0.00530165524668053,-0.00188443970429193,0.0100486105185437,0,0.538185568465858,0.486,NA,NA,-0.00103999999999999,-0.00103999999999999,1,0.974,0.04,0,1,0,0.406153778084004,0.446153778084004,0.446153778084004,0,1
"No HTE",2000,210,0.157257723394182,0.219512232752403,0,-0.00511520395183281,-0.00979847128984734,-0.018179417472643,0,0.569453231930289,0.282,NA,NA,-0.0164,-0.0164,1,0.59,0.04,0,1,0,0.407145244736207,0.447145244736206,0.447145244736206,0,1
"No HTE",2000,211,0.27674620545477,0.277204398405526,0,0.000873517071936189,-0.0156860777938619,0.00846788973221169,0,0.563354700802219,0.392,NA,NA,-0.00711999999999996,-0.00711999999999996,1,0.822,0.04,0,1,0,0.405727900932296,0.445727900932296,0.445727900932296,0,1
"No HTE",2000,212,0.654169867096005,1,0,0.0369280126575098,0.0384956124226625,0.019543935330961,0,0.530732712047787,0.42,NA,NA,-0.00551999999999997,-0.00551999999999997,1,0.862,0.04,0,1,0,0.405947037668153,0.445947037668153,0.445947037668153,0,1
"No HTE",2000,213,0.141430188485259,0.0746443347859021,0,-0.0241779504569805,-0.0261224370408276,-0.0255837618383101,0,0.814289463619515,0.022,NA,NA,-0.0156,-0.0156,1,0.61,0.04,0,1,0,0.407146209196777,0.447146209196777,0.447146209196777,0,1
"No HTE",2000,214,0.423480005398237,0.596676400116059,0,-0.0169960054161587,-0.00723018575270241,-0.0358739297018847,0,0.548849263068327,0.388,NA,NA,-0.00847999999999999,-0.00847999999999999,1,0.788,0.04,0,1,0,0.40695160850874,0.44695160850874,0.44695160850874,0,1
"No HTE",2000,215,0.469999580619857,0.993733534286163,0,3.51087754649998e-05,0.00977026203760237,-0.00099191685772293,0,0.549818536950732,0.158,NA,NA,-0.000159999999999993,-0.000159999999999993,1,0.996,0.04,0,1,0,0.407765269369234,0.447765269369233,0.447765269369233,0,1
"No HTE",2000,216,0.963407420669668,1,0,-0.0122210871799245,0.0313960920110518,0,0,0.490773783034475,0.546,NA,NA,0,0,1,1,0.04,0,1,0,0.408206665570962,0.448206665570962,0.448206665570962,0,1
"No HTE",2000,217,0.833622519856251,1,0,-0.00752736587474193,-0.0290787854476776,0.00817685623962072,0,0.559299991446842,0.376,NA,NA,-0.00775999999999999,-0.00775999999999999,1,0.806,0.04,0,1,0,0.407256303123325,0.447256303123325,0.447256303123325,0,1
"No HTE",2000,218,0.131218422293062,0.119327385451176,0,-0.0137397577782397,-0.00947677247375843,0,0,0.593223435423265,0.162,NA,NA,0,0,1,1,0.04,0,1,0,0.405895952661518,0.445895952661518,0.445895952661518,0,1
"No HTE",2000,219,0.324828562738885,0.254158188363838,0,-0.0106533585662327,0.0200404239474426,-0.0585376766364843,0,0.654559851657801,0.044,NA,NA,-0.01928,-0.01928,1,0.518,0.04,0,1,0,0.408087374907151,0.448087374907151,0.448087374907151,0,1
"No HTE",2000,220,0.885853776878026,1,0,0.0132276385953935,0.058234708500893,-0.0596603003736292,0,0.502524546071759,0.526,NA,NA,-0.02792,-0.02792,1,0.302,0.04,0,1,0,0.405381265612169,0.445381265612169,0.445381265612169,0,1
"No HTE",2000,221,0.648374190012162,0.979442853624411,0,0.00638690960627307,0.0175322848682132,0.00695468823370549,0,0.547947842082722,0.144,NA,NA,-0.01784,-0.01784,1,0.554,0.04,0,1,0,0.406825283371916,0.446825283371916,0.446825283371916,0,1
"No HTE",2000,222,0.981140285231006,1,0,-0.00578727664856061,-0.00499733566080613,4.12978590781377e-05,0,0.535854185290692,0.468,NA,NA,-0.00272,-0.00272,1,0.932,0.04,0,1,0,0.40563369943266,0.44563369943266,0.44563369943266,0,1
"No HTE",2000,223,0.225682334537681,0.438400966406909,0,0.00841135138226927,0.0410629211201059,0.00164939500586292,0,0.440015827827245,0.04,NA,NA,-0.000719999999999998,-0.000719999999999998,1,0.982,0.04,0,1,0,0.405753862014121,0.445753862014121,0.445753862014121,0,1
"No HTE",2000,224,0.778073609918914,0.912202221110549,0,-0.00913695363960625,-0.00699436792534496,-0.0339319747218042,0,0.567430058173593,0.306,NA,NA,-0.00919999999999999,-0.00919999999999999,1,0.77,0.04,0,1,0,0.405879894232325,0.445879894232325,0.445879894232325,0,1
"No HTE",2000,225,0.418040235119618,0.574180951133306,0,-0.00502963151672496,0.0322114437581726,-0.033476444476775,0,0.672092108377008,0.036,NA,NA,-0.02856,-0.02856,1,0.286,0.04,0,1,0,0.406412354647445,0.446412354647445,0.446412354647445,0,1
"No HTE",2000,226,0.584322696760709,0.543107590535487,0,0.0143272030035719,0.0426704031670955,-0.00277077658383457,0,0.527334537991139,0.082,NA,NA,-8.00000000000245e-05,-8.00000000000245e-05,1,0.998,0.04,0,1,0,0.405038113251241,0.445038113251241,0.445038113251241,0,1
"No HTE",2000,227,0.775827568823688,1,0,0.000646369959184429,0.00810056643038171,0.00169893503541185,0,0.522759402184999,0.512,NA,NA,-0.03936,0.000640000000000029,0,0.016,0.04,0,1,0,0.406347319475619,0.446347319475619,0.446347319475619,0,1
"No HTE",2000,228,0.0712264794622444,0.224947503696305,0,0.00773571241327856,0.0253073039881768,-0.0164198067340504,0,0.526552528959673,0.152,NA,NA,-0.01304,-0.01304,1,0.674,0.04,0,1,0,0.404888024798866,0.444888024798866,0.444888024798866,0,1
"No HTE",2000,229,0.964156862856562,1,0,0.00866308973367713,0.0322959672892898,0.0509893868670899,0,0.479772166383446,0.164,NA,NA,-0.02888,0.01112,0,0.278,0.04,0,1,0,0.406887253054222,0.446887253054222,0.446887253054222,0,1
"No HTE",2000,230,0.1710719388211,0.334204523015145,0,0.0162045854746688,0.0516863544969459,-0.00942184141874425,0,0.475424360232653,0.202,NA,NA,-0.00184000000000001,-0.00184000000000001,1,0.954,0.04,0,1,0,0.406212682928584,0.446212682928584,0.446212682928584,0,1
"No HTE",2000,231,0.874607503432996,1,0,-0.0281198713614875,0.0118156990274369,0,0,0.612529344082337,0.072,NA,NA,0,0,1,1,0.04,0,1,0,0.405286354875374,0.445286354875374,0.445286354875374,0,1
"No HTE",2000,232,0.22054566613013,0.2994211888478,0,0.0165830048769536,0.0327750462738714,-0.00370345116001947,0,0.547046296740776,0.064,NA,NA,-0.000159999999999993,-0.000159999999999993,1,0.996,0.04,0,1,0,0.408180872908827,0.448180872908827,0.448180872908827,0,1
"No HTE",2000,233,0.156297341360676,0.439705582038106,0,-0.00180913820022861,0.0190257113451469,-0.0341654944039813,0,0.554283092098462,0.17,NA,NA,-0.0116,-0.0116,1,0.71,0.04,0,1,0,0.406249418457842,0.446249418457842,0.446249418457842,0,1
"No HTE",2000,234,0.0177715178130803,0.0128240609252204,1,0.0157969781393349,0.0629892273535495,-0.0204142732251209,0,0.566357244510947,0.04,NA,NA,-0.02072,-0.02072,1,0.482,0.04,0,1,0,0.406112017565705,0.446112017565705,0.446112017565705,0,1
"No HTE",2000,235,0.630540875569574,0.929431831134439,0,-0.00384625816300974,0.0132137631635997,-0.0377454943859691,0,0.593141481718824,0.102,NA,NA,-0.0312,-0.0312,1,0.22,0.04,0,1,0,0.407701040309986,0.447701040309986,0.447701040309986,0,1
"No HTE",2000,236,0.365472211228904,0.227267615910241,0,-0.0158249457202597,0.0118416991415496,-0.049125376090648,0,0.566077122130344,0.166,NA,NA,-0.0184,-0.0184,1,0.54,0.04,0,1,0,0.407278729013046,0.447278729013046,0.447278729013046,0,1
"No HTE",2000,237,0.347065396382595,0.217889842798856,0,-0.00645801196354187,-0.00732428231000771,0.00711059871993136,0,0.600537449974295,0.168,NA,NA,-0.00672,-0.00672,1,0.832,0.04,0,1,0,0.405269090050664,0.445269090050664,0.445269090050664,0,1
"No HTE",2000,238,0.738525091077318,1,0,0.0152574863335316,0.0944465430075932,-0.071828041778199,0,0.47030313634277,0.17,NA,NA,-0.02296,-0.02296,1,0.426,0.04,0,1,0,0.40715278246694,0.44715278246694,0.44715278246694,0,1
"No HTE",2000,239,0.227977135329498,0.158884983785192,0,0.00525166751819529,0.0253713175399666,-0.00656363347623179,0,0.659618822806768,0.018,NA,NA,-0.02624,-0.02624,1,0.344,0.04,0,1,0,0.405609271878752,0.445609271878752,0.445609271878752,0,1
"No HTE",2000,240,0.645475575968478,0.668998057058142,0,-0.00963340493215845,-0.000739041678930816,-0.025767631651499,0,0.595731808237223,0.188,NA,NA,-0.02368,0.01632,0,0.408,0.04,0,1,0,0.4054453332637,0.445445333263699,0.445445333263699,0,1
"No HTE",2000,241,0.831023246921511,1,0,0.0037195518038536,0.0525735723320676,0.0541151344822045,0,0.48758363619315,0.056,NA,NA,-0.02744,0.01256,0,0.314,0.04,0,1,0,0.407205790450725,0.447205790450725,0.447205790450725,0,1
"No HTE",2000,242,0.322867323317936,0.243908882228164,0,0.00669046528459532,0.0398977749828047,0.0218601884568774,0,0.503562265993988,0.492,NA,NA,-0.03832,0.00168000000000001,0,0.042,0.04,0,1,0,0.405997355508497,0.445997355508497,0.445997355508497,0,1
"No HTE",2000,243,0.216424851595869,0.342391576654513,0,-0.0138760736632406,-0.0243500253296505,-0.0427190106230405,0,0.589287247674522,0.092,NA,NA,-0.01144,0.02856,0,0.714,0.04,0,1,0,0.406276453181049,0.446276453181049,0.446276453181049,0,1
"No HTE",2000,244,0.198883935505722,0.195263049451431,0,0.000360989311774425,0.0345755432388765,-0.00392215112277378,0,0.506337173973456,0.512,NA,NA,-0.00144,-0.00144,1,0.964,0.04,0,1,0,0.406011090337691,0.446011090337691,0.446011090337691,0,1
"No HTE",2000,245,0.950915021713088,1,0,-0.00174849725602695,-0.000833417915203618,-0.0169136655022159,0,0.564172520510004,0.062,NA,NA,-0.00263999999999998,-0.00263999999999998,1,0.934,0.04,0,1,0,0.406124371813282,0.446124371813282,0.446124371813282,0,1
"No HTE",2000,246,0.730264990638121,1,0,0.011811300763822,0.0512642873262343,-0.0652006983509145,0,0.709370149703827,0.022,NA,NA,-0.03528,-0.03528,1,0.118,0.04,0,1,0,0.407307587935226,0.447307587935226,0.447307587935226,0,1
"No HTE",2000,247,0.669354909320615,1,0,0.0116704145256795,0.0436114662372073,-0.00682875546110928,0,0.654559851657801,0.044,NA,NA,-0.00192000000000003,-0.00192000000000003,1,0.952,0.04,0,1,0,0.406188909846652,0.446188909846652,0.446188909846652,0,1
"No HTE",2000,248,0.614701294572252,1,0,-0.0119011771393657,-0.00104213173275604,-0.00325581899041893,0,0.577295971139376,0.164,NA,NA,-0.00184000000000001,-0.00184000000000001,1,0.954,0.04,0,1,0,0.407525148124994,0.447525148124994,0.447525148124994,0,1
"No HTE",2000,249,0.773894015072872,1,0,-0.0114373575779292,0.0266916108282749,-0.0386491971378068,0,0.50730957209355,0.388,NA,NA,-0.01104,-0.01104,1,0.724,0.04,0,1,0,0.406305780278748,0.446305780278748,0.446305780278748,0,1
"No HTE",2000,250,0.414621056623551,0.695574208493167,0,-0.0212756541129852,0.00393296009883476,0.0157145566063716,0,0.509755763565338,0.526,NA,NA,-0.03848,0.00152000000000002,0,0.038,0.04,0,1,0,0.406458953179231,0.446458953179231,0.446458953179231,0,1
"No HTE",2000,251,0.2395872512198,0.205197196411566,0,0.0192749611122086,0.0371440319748461,0.00994252380166594,0,0.516486902540789,0.464,NA,NA,-0.03912,0.000879999999999992,0,0.022,0.04,0,1,0,0.407037033655139,0.447037033655139,0.447037033655139,0,1
"No HTE",2000,252,0.376719702193414,0.582537079497706,0,-0.00392671874867721,0.0381721343295283,0.0071384503292854,0,0.559166199110332,0.09,NA,NA,-0.0332,0.00680000000000003,0,0.17,0.04,0,1,0,0.406869612355432,0.446869612355432,0.446869612355432,0,1
"No HTE",2000,253,0.8708894739248,1,0,0.00388841586903662,0.0661570683535296,-0.0324400392095809,0,0.522203207926785,0.088,NA,NA,-0.00999999999999995,-0.00999999999999995,1,0.75,0.04,0,1,0,0.408143813229203,0.448143813229203,0.448143813229203,0,1
"No HTE",2000,254,0.297936208824537,0.168057968928799,0,0.00882588484553573,0.0366152526599818,-0.000383291639241334,0,0.502248537972733,0.374,NA,NA,-0.0124,-0.0124,1,0.69,0.04,0,1,0,0.407060596375898,0.447060596375898,0.447060596375898,0,1
"No HTE",2000,255,0.398849391263057,0.420246783891698,0,-0.00168755230797772,0.0522822662150587,0.0216751282745962,0,0.606167703523544,0.038,NA,NA,-0.0342399999999999,0.00576000000000004,0,0.144,0.04,0,1,0,0.407372343000493,0.447372343000493,0.447372343000493,0,1
"No HTE",2000,256,0.99480849354504,1,0,-0.00595558877517333,0.00427224884451852,-0.00365961319845309,0,0.52679434673938,0.506,NA,NA,-0.000319999999999987,-0.000319999999999987,1,0.992,0.04,0,1,0,0.405177346052971,0.445177346052971,0.445177346052971,0,1
"No HTE",2000,257,0.87121552961903,1,0,0.00607556573496497,0.0436340100607134,0.100049792790125,0,0.48678229590884,0.468,NA,NA,-0.00616,0.03384,0,0.846,0.04,0,1,0,0.407078443843308,0.447078443843308,0.447078443843308,0,1
"No HTE",2000,258,0.796392522537739,1,0,-0.00664733111932792,-0.000182231059997735,0.011064859223229,0,0.529012728369856,0.494,NA,NA,-0.03888,0.00112000000000001,0,0.028,0.04,0,1,0,0.40647650112661,0.44647650112661,0.44647650112661,0,1
"No HTE",2000,259,0.808833340893815,1,0,0.00787382549481267,0.0180781160208722,0,0,0.526861716731069,0.502,NA,NA,0,0,1,1,0.04,0,1,0,0.407151386053673,0.447151386053673,0.447151386053673,0,1
"No HTE",2000,260,0.752572288900894,1,0,0.0206463978770891,0.0406624915474925,0.0252278703888675,0,0.524770104647017,0.13,NA,NA,-0.01328,-0.01328,1,0.668,0.04,0,1,0,0.405115689548679,0.445115689548679,0.445115689548679,0,1
"No HTE",2000,261,0.767394805584832,1,0,0.0145043812847299,0.0115661494286947,-0.00518520535095984,0,0.545327568215011,0.406,NA,NA,-0.000640000000000029,-0.000640000000000029,1,0.984,0.04,0,1,0,0.406423369742762,0.446423369742762,0.446423369742762,0,1
"No HTE",2000,262,0.149270493226739,0.330576009934024,0,0.0068286799739322,-0.00338886462234226,-0.00904638880060249,0,0.554646541530805,0.468,NA,NA,-0.00119999999999998,-0.00119999999999998,1,0.97,0.04,0,1,0,0.406771900402313,0.446771900402313,0.446771900402313,0,1
"No HTE",2000,263,0.707018068822357,1,0,-0.00719597801976419,0.0164190946732405,0.0139476874737184,0,0.494399013801187,0.45,NA,NA,-0.00704000000000005,-0.00704000000000005,1,0.824,0.04,0,1,0,0.403259084629343,0.443259084629343,0.443259084629343,0,1
"No HTE",2000,264,0.276044629984532,0.367136416900538,0,-0.0148530072632673,-0.00848558085582942,-0.0202918257893725,0,0.569115975959555,0.304,NA,NA,-0.01448,0.02552,0,0.638,0.04,0,1,0,0.4068706065761,0.4468706065761,0.4468706065761,0,1
"No HTE",2000,265,0.661712171306828,0.921676562001455,0,-0.0207770906740861,0.0272211028393971,-0.0180156048522491,0,0.498514757513148,0.456,NA,NA,-0.00631999999999999,-0.00631999999999999,1,0.842,0.04,0,1,0,0.405925528802725,0.445925528802725,0.445925528802725,0,1
"No HTE",2000,266,0.265202482028007,0.179043864194689,0,-0.018749499933771,-0.00407539852121898,-0.00256278811645672,0,0.520748364361228,0.516,NA,NA,-0.03856,0.00144,0,0.036,0.04,0,1,0,0.406137551149581,0.446137551149581,0.446137551149581,0,1
"No HTE",2000,267,0.77831108810952,1,0,0.0110007478251072,0.0381298095947288,0,0,0.508774381418524,0.528,NA,NA,0,0,1,1,0.04,0,1,0,0.406667223331801,0.446667223331801,0.446667223331801,0,1
"No HTE",2000,268,0.504456759516259,0.420514849310867,0,0.00660043333732996,0.0450610159576454,0.0111265414664879,0,0.500110074757862,0.388,NA,NA,-0.03856,0.00144,0,0.036,0.04,0,1,0,0.407074821778409,0.447074821778409,0.447074821778409,0,1
"No HTE",2000,269,0.279750165916323,0.160744697644581,0,-0.0214335534986289,-0.0252627888266987,-0.00388818186380541,0,0.537714002468824,0.498,NA,NA,-0.01304,-0.01304,1,0.674,0.04,0,1,0,0.408582673819663,0.448582673819663,0.448582673819663,0,1
"No HTE",2000,270,0.0405363960286414,0.0187568737104494,1,0.00794122138845537,0.0107815582006717,0.0105590784988719,0,0.547761339332334,0.146,NA,NA,-0.00616,-0.00616,1,0.846,0.04,0,1,0,0.405982476911687,0.445982476911687,0.445982476911687,0,1
"No HTE",2000,271,0.459955171077629,0.590097940546338,0,-0.00076564542835091,0.0140576596488434,0,0,0.535824196915264,0.092,NA,NA,0,0,1,1,0.04,0,1,0,0.40677461101798,0.44677461101798,0.44677461101798,0,1
"No HTE",2000,272,0.666557158334191,1,0,-0.00130483648758377,0.0408744135541416,0,0,0.533181037616006,0.202,NA,NA,0,0,1,1,0.04,0,1,0,0.406341223484803,0.446341223484803,0.446341223484803,0,1
"No HTE",2000,273,0.716454089233324,0.898035055853494,0,-0.0102666982794525,-0.0166836016833133,-0.0097777289246066,0,0.565467544077997,0.22,NA,NA,-0.01616,-0.01616,1,0.596,0.04,0,1,0,0.405949494389565,0.445949494389565,0.445949494389565,0,1
"No HTE",2000,274,0.322236990841991,0.440086355390837,0,0.00930241246491099,0.00147337940810887,0.00779432586987222,0,0.539791981288411,0.494,NA,NA,-0.0372,0.00279999999999997,0,0.07,0.04,0,1,0,0.406602272205029,0.446602272205029,0.446602272205029,0,1
"No HTE",2000,275,0.50356379441395,0.525818704602872,0,0.0143463315543394,0.0304843609431717,-2.63639752577371e-05,0,0.512250861430602,0.18,NA,NA,-0.000320000000000042,-0.000320000000000042,1,0.992,0.04,0,1,0,0.40748420601355,0.44748420601355,0.44748420601355,0,1
"No HTE",2000,276,0.660928583947764,0.64998144549233,0,0.0159965686800898,0.0212922404395163,0.038231220038119,0,0.511999856714049,0.27,NA,NA,-0.02,0.02,0,0.5,0.04,0,1,0,0.405770414340746,0.445770414340746,0.445770414340746,0,1
"No HTE",2000,277,0.641693683254261,0.987107363392313,0,-0.000993889298799066,0.0212236871142684,0.00398417519191474,0,0.506075714861497,0.36,NA,NA,-0.0124,-0.0124,1,0.69,0.04,0,1,0,0.405590646930535,0.445590646930535,0.445590646930535,0,1
"No HTE",2000,278,0.250836704687572,0.404654511058856,0,0.00197193244114554,0.0451102939708003,-0.0151840106554486,0,0.46786588461468,0.066,NA,NA,-0.00136000000000003,-0.00136000000000003,1,0.966,0.04,0,1,0,0.407967145723382,0.447967145723382,0.447967145723382,0,1
"No HTE",2000,279,0.445045840541888,0.751760855994453,0,-0.00622132928825185,0.0307130222611355,0.0628631237637696,0,0.506399307070943,0.474,NA,NA,-0.00439999999999996,0.0356,0,0.89,0.04,0,1,0,0.407360242396099,0.447360242396099,0.447360242396099,0,1
"No HTE",2000,280,0.934596838211987,1,0,-0.025761555917131,0.00911768904149481,-0.00928396856904484,0,0.609776524577606,0.082,NA,NA,-0.02976,0.01024,0,0.256,0.04,0,1,0,0.407666206472085,0.447666206472085,0.447666206472085,0,1
"No HTE",2000,281,0.636546818501825,0.696716376708829,0,-0.00254046107032419,-0.0201110249756523,0.00509351140178493,0,0.557784247272531,0.392,NA,NA,-0.00735999999999998,-0.00735999999999998,1,0.816,0.04,0,1,0,0.406941612216597,0.446941612216597,0.446941612216597,0,1
"No HTE",2000,282,0.694917006654736,0.941100246951877,0,0.00751980957099602,0.0164345083683026,0,0,0.505426872018487,0.11,NA,NA,0,0,1,1,0.04,0,1,0,0.407004654635478,0.447004654635478,0.447004654635478,0,1
"No HTE",2000,283,0.648081648309834,0.920129802669922,0,-0.0198217184977271,-0.00578815584800358,0,0,0.579353510787774,0.202,NA,NA,0,0,1,1,0.04,0,1,0,0.407432962251122,0.447432962251122,0.447432962251122,0,1
"No HTE",2000,284,0.892948332213331,1,0,-0.0248677761127103,-0.0233720072635997,-0.00390060404417913,0,0.536754122739793,0.498,NA,NA,-0.000159999999999993,-0.000159999999999993,1,0.996,0.04,0,1,0,0.406277593747545,0.446277593747545,0.446277593747545,0,1
"No HTE",2000,285,0.661393927845046,0.655200795747064,0,-0.00685233423767282,-0.0159003254926011,-0.000343934196337825,0,0.546201930631474,0.446,NA,NA,-0.00375999999999999,-0.00375999999999999,1,0.906,0.04,0,1,0,0.405927882941943,0.445927882941943,0.445927882941943,0,1
"No HTE",2000,286,0.82399571704595,1,0,0.00188410411418046,0.00706520052231533,-0.00129908703834369,0,0.521095298310106,0.406,NA,NA,-0.03928,0.000719999999999998,0,0.018,0.04,0,1,0,0.40767093690116,0.44767093690116,0.44767093690116,0,1
"No HTE",2000,287,0.996656423812758,1,0,-0.00190064488786154,0.0209495907323082,0.00787861173995258,0,0.509873123758359,0.476,NA,NA,-0.004,-0.004,1,0.9,0.04,0,1,0,0.406429395972563,0.446429395972562,0.446429395972562,0,1
"No HTE",2000,288,0.586677103199918,0.890580846492327,0,-0.0113162404252106,-0.0193354092980146,0.00148168279204897,0,0.543929215480952,0.39,NA,NA,-0.00864000000000004,-0.00864000000000004,1,0.784,0.04,0,1,0,0.406661089774402,0.446661089774401,0.446661089774401,0,1
"No HTE",2000,289,0.592398667269775,0.83900922702891,0,0.000741060742429776,0.0235309802320644,0.0116335033769472,0,0.503272631013922,0.422,NA,NA,-0.00863999999999998,-0.00863999999999998,1,0.784,0.04,0,1,0,0.408150397204547,0.448150397204547,0.448150397204547,0,1
"No HTE",2000,290,0.76576552619133,1,0,0.00102179491743558,0.0187754748649287,-0.0189943267906904,0,0.542854851417104,0.268,NA,NA,-0.01888,-0.01888,1,0.528,0.04,0,1,0,0.405505858296812,0.445505858296812,0.445505858296812,0,1
"No HTE",2000,291,0.0357758520207112,0.0423981201707333,1,0.0178293703432323,0.0179512506716003,0.00226689561737869,0,0.525852126419159,0.236,NA,NA,-0.00456000000000001,-0.00456000000000001,1,0.886,0.04,0,1,0,0.407282358976432,0.447282358976431,0.447282358976431,0,1
"No HTE",2000,292,0.687824510481868,0.813128573183896,0,0.00103426592813733,0.0004086235797609,-0.0153178396068167,0,0.586280363801981,0.176,NA,NA,-0.02512,-0.02512,1,0.372,0.04,0,1,0,0.405380241640444,0.445380241640444,0.445380241640444,0,1
"No HTE",2000,293,0.888331928749948,1,0,0.0055058919493041,0.0264485398703083,0,0,0.508774381418524,0.528,NA,NA,0,0,1,1,0.04,0,1,0,0.406692259169253,0.446692259169253,0.446692259169253,0,1
"No HTE",2000,294,0.512271231493563,0.71789118976523,0,-0.0101237147372992,0.00451170026083415,0.00152253145480041,0,0.519754067578031,0.516,NA,NA,-8.00000000000245e-05,-8.00000000000245e-05,1,0.998,0.04,0,1,0,0.406389297166696,0.446389297166696,0.446389297166696,0,1
"No HTE",2000,295,0.263111064527077,0.438269075515039,0,0.0121039334174748,0.0135268508556212,0.00663273732421876,0,0.654433899256066,0.052,NA,NA,-0.00047999999999998,-0.00047999999999998,1,0.988,0.04,0,1,0,0.405528852361025,0.445528852361025,0.445528852361025,0,1
"No HTE",2000,296,0.67990922434216,1,0,-0.0167480031884797,-0.0242013280366102,-0.0122687233039682,0,0.552476701659754,0.458,NA,NA,-0.00224000000000002,-0.00224000000000002,1,0.944,0.04,0,1,0,0.404590440953254,0.444590440953254,0.444590440953254,0,1
"No HTE",2000,297,0.468223616495735,0.755328698601058,0,-0.00877443729125597,0.0263857682464478,0.00375525605812649,0,0.515443737681632,0.474,NA,NA,-0.000159999999999993,-0.000159999999999993,1,0.996,0.04,0,1,0,0.405817807370543,0.445817807370543,0.445817807370543,0,1
"No HTE",2000,298,0.112256870157738,0.0434572926839182,0,-0.00176414596861925,-0.00450720845384089,-0.0077208785879751,0,0.481780322075568,0.046,NA,NA,-0.01168,-0.01168,1,0.708,0.04,0,1,0,0.406581320398498,0.446581320398498,0.446581320398498,0,1
"No HTE",2000,299,0.998076491144181,1,0,-0.010744604766452,0.0155058173452071,0.00166634934796372,0,0.567442503304617,0.146,NA,NA,-0.02832,0.01168,0,0.292,0.04,0,1,0,0.40874812906951,0.44874812906951,0.44874812906951,0,1
"No HTE",2000,300,0.18738897520734,0.232488797271387,0,0.0205411542598489,0.0629862447725357,0.0106569632648856,0,0.443429180690592,0.036,NA,NA,-0.0384,0.00159999999999999,0,0.04,0.04,0,1,0,0.407034470053356,0.447034470053356,0.447034470053356,0,1
"No HTE",2000,301,0.981182310059119,1,0,0.00568819947165428,0.0428332469544527,-0.00261984235069945,0,0.500116115505731,0.518,NA,NA,-7.9999999999969e-05,-7.9999999999969e-05,1,0.998,0.04,0,1,0,0.405784153877523,0.445784153877523,0.445784153877523,0,1
"No HTE",2000,302,0.618076034835193,0.955902296745926,0,0.0110556289304132,0.0895740184891776,-0.0467416096819734,0,0.465723792823521,0.388,NA,NA,-0.0132,-0.0132,1,0.67,0.04,0,1,0,0.407581266965246,0.447581266965246,0.447581266965246,0,1
"No HTE",2000,303,0.12760186995866,0.349656452756088,0,0.0318055994782036,0.0337289911285787,0.02470423360151,0,0.522500531878619,0.348,NA,NA,-0.01336,0.02664,0,0.666,0.04,0,1,0,0.408420151833529,0.448420151833529,0.448420151833529,0,1
"No HTE",2000,304,0.610353137464994,0.999653424395095,0,-0.0125900474210085,0.0319463908365683,0.0203875911499373,0,0.532791950840705,0.12,NA,NA,-0.0312,0.00880000000000003,0,0.22,0.04,0,1,0,0.407101342230629,0.447101342230629,0.447101342230629,0,1
"No HTE",2000,305,0.235990945897196,0.122009497147475,0,0.0105308632084671,0.038021101244993,0.00177372960081235,0,0.511934100024777,0.096,NA,NA,-8.00000000000245e-05,-8.00000000000245e-05,1,0.998,0.04,0,1,0,0.407517929131243,0.447517929131243,0.447517929131243,0,1
"No HTE",2000,306,0.55751187834614,0.848489506244469,0,-0.00142084246254083,0.000849231163938034,-0.010841451011858,0,0.540211705071433,0.462,NA,NA,-0.00191999999999998,-0.00191999999999998,1,0.952,0.04,0,1,0,0.406484336359235,0.446484336359235,0.446484336359235,0,1
"No HTE",2000,307,0.49464493498465,0.395056902363984,0,0.010957296621426,0.00676663716047494,0.0368889902406694,0,0.644199767915636,0.05,NA,NA,-0.014,-0.014,1,0.65,0.04,0,1,0,0.40832426315042,0.44832426315042,0.44832426315042,0,1
"No HTE",2000,308,0.765688943560861,1,0,-0.00850119190697939,0.0217967050787259,-0.0274100517959574,0,0.598032512965373,0.032,NA,NA,-0.01512,-0.01512,1,0.622,0.04,0,1,0,0.40602648609154,0.44602648609154,0.44602648609154,0,1
"No HTE",2000,309,0.57683931176359,1,0,-0.00710147329462292,-0.0433944335533487,0.00405034990119213,0,0.575354469794703,0.422,NA,NA,-0.00104000000000004,-0.00104000000000004,1,0.974,0.04,0,1,0,0.406893677075181,0.446893677075181,0.446893677075181,0,1
"No HTE",2000,310,0.890712487773624,1,0,0.00175724786029295,-0.00982059027485746,0.00567489799328458,0,0.556957423609051,0.222,NA,NA,-0.00120000000000003,-0.00120000000000003,1,0.97,0.04,0,1,0,0.407120390902119,0.447120390902119,0.447120390902119,0,1
"No HTE",2000,311,0.448242841062762,0.750711894515543,0,-0.00316562344368246,0.00894369589969263,-0.00327145257779726,0,0.52496565585715,0.494,NA,NA,-0.00144,-0.00144,1,0.964,0.04,0,1,0,0.405210909039807,0.445210909039807,0.445210909039807,0,1
"No HTE",2000,312,0.392970066584783,0.54711417808093,0,-0.00261239267669283,0.07133958456518,-0.00163866000969004,0,0.465957701156335,0.542,NA,NA,-0.000480000000000036,-0.000480000000000036,1,0.988,0.04,0,1,0,0.405574040169822,0.445574040169822,0.445574040169822,0,1
"No HTE",2000,313,0.945090669378632,1,0,0.011343966264032,0.0460331309553862,0.00673420006178355,0,0.496426510750505,0.532,NA,NA,-0.000640000000000029,-0.000640000000000029,1,0.984,0.04,0,1,0,0.407165781608067,0.447165781608067,0.447165781608067,0,1
"No HTE",2000,314,0.512086545348781,0.43952823779929,0,0.00569170962185311,0.00701116398861865,0.0301117552285377,0,0.55058400963166,0.442,NA,NA,-0.01736,0.02264,0,0.566,0.04,0,1,0,0.405688224107326,0.445688224107326,0.445688224107326,0,1
"No HTE",2000,315,0.543697701039759,0.63880221359484,0,-0.0174908818855346,0.0266944982368579,-0.00262459676949034,0,0.493727811299742,0.542,NA,NA,-7.9999999999969e-05,-7.9999999999969e-05,1,0.998,0.04,0,1,0,0.406852632044147,0.446852632044147,0.446852632044147,0,1
"No HTE",2000,316,0.294074896897797,0.506272357384981,0,0.0105240229213622,0.040774816686988,-0.0258180732142846,0,0.509329196255018,0.206,NA,NA,-0.02504,-0.02504,1,0.374,0.04,0,1,0,0.402833464437176,0.442833464437176,0.442833464437176,0,1
"No HTE",2000,317,0.111292097642516,0.131923791921578,0,-0.000990496630134649,0.0510244245721715,-0.0210067100288971,0,0.496103624176055,0.502,NA,NA,-0.00431999999999999,-0.00431999999999999,1,0.892,0.04,0,1,0,0.405948488717875,0.445948488717875,0.445948488717875,0,1
"No HTE",2000,318,0.976567328290895,1,0,0.00292123732737726,0.0411552858462668,0.0431078246370122,0,0.494490363652472,0.536,NA,NA,-0.02088,0.01912,0,0.478,0.04,0,1,0,0.405108943332175,0.445108943332175,0.445108943332175,0,1
"No HTE",2000,319,0.69860335508289,0.703540578997052,0,-0.00238657921414152,0.0469481200199766,-0.0259084365522219,0,0.503629715351117,0.494,NA,NA,-0.00303999999999999,-0.00303999999999999,1,0.924,0.04,0,1,0,0.408533273339695,0.448533273339695,0.448533273339695,0,1
"No HTE",2000,320,0.534339388093096,0.656760293707998,0,-0.0126699320552123,0.0468276736544035,0.00149752249757207,0,0.473458590733594,0.56,NA,NA,-0.000240000000000018,-0.000240000000000018,1,0.994,0.04,0,1,0,0.406815041451337,0.446815041451337,0.446815041451337,0,1
"No HTE",2000,321,0.705133891704546,0.93806026436301,0,-0.0219303461789727,0.0111001601512138,-0.0695897858410008,0,0.698274994162557,0.038,NA,NA,-0.0224,-0.0224,1,0.44,0.04,0,1,0,0.407280045039747,0.447280045039747,0.447280045039747,0,1
"No HTE",2000,322,0.711837519833436,0.884016745173621,0,0.0151512357267804,0.00142319346723492,0.00419431080635929,0,0.548845291976243,0.354,NA,NA,-0.03968,0.000319999999999987,0,0.008,0.04,0,1,0,0.407002875410683,0.447002875410683,0.447002875410683,0,1
"No HTE",2000,323,0.366181005507392,0.24188823496632,0,0.00713579895546641,0.0151032732767371,0.0189200042454248,0,0.521857990274964,0.498,NA,NA,-0.00136000000000003,-0.00136000000000003,1,0.966,0.04,0,1,0,0.405941546480541,0.44594154648054,0.44594154648054,0,1
"No HTE",2000,324,0.26798507414116,0.481060817061497,0,-0.0216392303617782,0.0110908295511053,-0.0723176719213229,0,0.544544448920416,0.184,NA,NA,-0.01352,-0.01352,1,0.662,0.04,0,1,0,0.40623121262459,0.44623121262459,0.44623121262459,0,1
"No HTE",2000,325,0.563934805829877,0.575311188973439,0,-0.0135338285779363,-0.0197109128665198,-0.0114268239776572,0,0.567342049278964,0.286,NA,NA,-0.01616,-0.01616,1,0.596,0.04,0,1,0,0.405637818105053,0.445637818105053,0.445637818105053,0,1
"No HTE",2000,326,0.0789546605531563,0.249727612127418,0,0.00023411085965853,0.0391980137916473,-0.0187646613590631,0,0.472696634025626,0.062,NA,NA,-0.01024,-0.01024,1,0.744,0.04,0,1,0,0.404334976365854,0.444334976365854,0.444334976365854,0,1
"No HTE",2000,327,0.757263619161708,0.832348557410846,0,0.00343696076701314,0.0500555288491929,-0.000463558432621636,0,0.484627569303131,0.55,NA,NA,-0.0395199999999999,0.000480000000000036,0,0.012,0.04,0,1,0,0.405500725248522,0.445500725248522,0.445500725248522,0,1
"No HTE",2000,328,0.982116444696752,1,0,-0.00732955734970519,0.0117575150700484,-0.00595409553255749,0,0.5267000641145,0.448,NA,NA,-0.000240000000000018,-0.000240000000000018,1,0.994,0.04,0,1,0,0.406367768125152,0.446367768125152,0.446367768125152,0,1
"No HTE",2000,329,0.381119889127734,0.653914397628299,0,-0.00497145439953196,0.0064571029095289,0,0,0.540740610765205,0.428,NA,NA,0,0,1,1,0.04,0,1,0,0.406073980353821,0.446073980353821,0.446073980353821,0,1
"No HTE",2000,330,0.468767765014119,0.764453305515999,0,-0.00340881136398513,0.0248024882280891,-0.00317619595387003,0,0.498530348705033,0.506,NA,NA,-0.00247999999999998,-0.00247999999999998,1,0.938,0.04,0,1,0,0.406804329330161,0.446804329330161,0.446804329330161,0,1
"No HTE",2000,331,0.749621317330533,0.998599992757669,0,-0.0191083901653197,0.0189234956919424,-0.00446848670899541,0,0.49723134511009,0.502,NA,NA,-0.000159999999999993,-0.000159999999999993,1,0.996,0.04,0,1,0,0.407681506006396,0.447681506006396,0.447681506006396,0,1
"No HTE",2000,332,0.985108707855988,1,0,0.00029516812396659,0.00630227320104599,0.0145588997350727,0,0.535785575371872,0.41,NA,NA,-0.00752000000000003,0.03248,0,0.812,0.04,0,1,0,0.405822948116267,0.445822948116267,0.445822948116267,0,1
"No HTE",2000,333,0.779895208283273,1,0,-0.0107081677652206,0.000545825039304986,0.00520947796911392,0,0.519779899734199,0.506,NA,NA,-0.000879999999999992,-0.000879999999999992,1,0.978,0.04,0,1,0,0.407503873145949,0.447503873145949,0.447503873145949,0,1
"No HTE",2000,334,0.0180257550400974,0.0117991176019818,1,-0.00543105663116849,0.0727878538259773,-0.123344476250036,0,0.464252910633708,0.568,NA,NA,-0.02416,-0.02416,1,0.396,0.04,0,1,0,0.408103872934635,0.448103872934635,0.448103872934635,0,1
"No HTE",2000,335,0.45399120601972,0.571032830516037,0,-7.97637940163063e-05,0.0130805483874064,-0.00269342230821501,0,0.554052288429567,0.192,NA,NA,-0.00944,-0.00944,1,0.764,0.04,0,1,0,0.407854044067666,0.447854044067666,0.447854044067666,0,1
"No HTE",2000,336,0.5291283223248,0.821630354442286,0,-0.0107284050057497,0.00120924337672599,-0.00956826715545878,0,0.603180761333073,0.112,NA,NA,-0.00807999999999998,-0.00807999999999998,1,0.798,0.04,0,1,0,0.408265027158175,0.448265027158176,0.448265027158176,0,1
"No HTE",2000,337,0.836332004790932,1,0,-0.0101962259045735,-0.0329134576630144,-0.00564340893427917,0,0.554943856268274,0.464,NA,NA,-0.00456000000000001,-0.00456000000000001,1,0.886,0.04,0,1,0,0.406457075389326,0.446457075389326,0.446457075389326,0,1
"No HTE",2000,338,0.42848015139603,0.490176859272458,0,-0.00877982084727434,-0.0192023057090186,0.0106429757115338,0,0.583948845501306,0.208,NA,NA,-0.0164,-0.0164,1,0.59,0.04,0,1,0,0.407475268843786,0.447475268843786,0.447475268843786,0,1
"No HTE",2000,339,0.881986466700538,1,0,-0.00978845860713791,-0.0258499985520832,-0.00884661156983374,0,0.615322448076022,0.04,NA,NA,-0.00263999999999998,-0.00263999999999998,1,0.934,0.04,0,1,0,0.407540802103829,0.447540802103829,0.447540802103829,0,1
"No HTE",2000,340,0.993260896534613,1,0,-0.0142821414226753,0.0124192471347595,-0.00127737935816391,0,0.509577240846078,0.516,NA,NA,-0.000879999999999992,-0.000879999999999992,1,0.978,0.04,0,1,0,0.406831373601377,0.446831373601377,0.446831373601377,0,1
"No HTE",2000,341,0.479972630931526,0.476013307526144,0,0.000416045069451111,0.0313232307328073,0.0233234533780721,0,0.553710944101889,0.088,NA,NA,-0.0251999999999999,0.0148,0,0.37,0.04,0,1,0,0.405529731491564,0.445529731491564,0.445529731491564,0,1
"No HTE",2000,342,0.472817531453787,0.616815044659444,0,-0.00438844922217021,-0.0143315880034792,-0.00257013390932326,0,0.617881255564804,0.038,NA,NA,-0.000239999999999962,-0.000239999999999962,1,0.994,0.04,0,1,0,0.405521001153527,0.445521001153527,0.445521001153527,0,1
"No HTE",2000,343,0.220173387611401,0.244475238345127,0,-0.00298710176479348,0.0275899262715303,-0.017431038533352,0,0.502439426954225,0.492,NA,NA,-0.00328,-0.00328,1,0.918,0.04,0,1,0,0.406115776811715,0.446115776811715,0.446115776811715,0,1
"No HTE",2000,344,0.769886352710241,1,0,-0.0256636403343347,0.0250544921751811,0.00881388315284232,0,0.577049987142193,0.048,NA,NA,-0.03632,0.00368000000000002,0,0.092,0.04,0,1,0,0.406780902555604,0.446780902555604,0.446780902555604,0,1
"No HTE",2000,345,0.964057875924383,1,0,-0.00941614754043688,0.0102629776690203,0.00721313007508073,0,0.548117166271978,0.346,NA,NA,-0.01256,0.02744,0,0.686,0.04,0,1,0,0.407617894180003,0.447617894180003,0.447617894180003,0,1
"No HTE",2000,346,0.849000852034472,1,0,-0.0111476042090448,-0.000471504844133565,0.00732622149242335,0,0.528802218369405,0.504,NA,NA,-0.03864,0.00136000000000003,0,0.034,0.04,0,1,0,0.40674565261276,0.44674565261276,0.44674565261276,0,1
"No HTE",2000,347,0.802877837414075,1,0,-0.0030934250657628,0.00602826468695783,-0.00860980765204328,0,0.526014134678348,0.492,NA,NA,-0.0384,0.00159999999999999,0,0.04,0.04,0,1,0,0.406688238922617,0.446688238922617,0.446688238922617,0,1
"No HTE",2000,348,0.48148142207718,0.667064174630756,0,0.0160459967655481,0.033486068987753,0.0512675833277726,0,0.512699296774405,0.518,NA,NA,-0.022,0.018,0,0.45,0.04,0,1,0,0.408566063949381,0.448566063949381,0.448566063949381,0,1
"No HTE",2000,349,0.627856759708758,1,0,0.0164808936730735,0.0598568060363754,-0.0293888674118979,0,0.563167448088889,0.03,NA,NA,-0.02032,-0.02032,1,0.492,0.04,0,1,0,0.405909910990801,0.4459099109908,0.4459099109908,0,1
"No HTE",2000,350,0.101847417282439,0.0547615453879028,0,0.0157630086742522,0.0342363124642442,0.027420472510796,0,0.505046260578096,0.14,NA,NA,-0.03016,0.00984000000000002,0,0.246,0.04,0,1,0,0.407948664340008,0.447948664340008,0.447948664340008,0,1
"No HTE",2000,351,0.69673552803103,0.732866652125485,0,0.00448212885938168,0.00774560470205916,-0.00625416073472018,0,0.531253338102445,0.35,NA,NA,-0.01152,-0.01152,1,0.712,0.04,0,1,0,0.404448378262016,0.444448378262016,0.444448378262016,0,1
"No HTE",2000,352,0.897409064367155,1,0,0.0105727417658777,-0.00418976717134578,0,0,0.555953280214533,0.4,NA,NA,0,0,1,1,0.04,0,1,0,0.408298252868881,0.448298252868881,0.448298252868881,0,1
"No HTE",2000,353,0.714775458921825,1,0,-0.00329195227544032,0.0177024253977853,0.00468302974565843,0,0.513465546381532,0.494,NA,NA,-0.00231999999999999,-0.00231999999999999,1,0.942,0.04,0,1,0,0.40839997167442,0.44839997167442,0.44839997167442,0,1
"No HTE",2000,354,0.824946972972541,1,0,-0.00168638592729366,0.0287039797362828,-0.0257879314643647,0,0.507804362456776,0.242,NA,NA,-0.02232,-0.02232,1,0.442,0.04,0,1,0,0.406011761024276,0.446011761024276,0.446011761024276,0,1
"No HTE",2000,355,0.298842240783532,0.331587989556322,0,0.0173832540944146,0.076951547161376,-0.00968723184982517,0,0.476566789411178,0.494,NA,NA,-0.00488,-0.00488,1,0.878,0.04,0,1,0,0.40544243198272,0.44544243198272,0.44544243198272,0,1
"No HTE",2000,356,0.380924549229932,0.417640491136577,0,-0.00649788593107105,-0.0179958217756164,0.00255002942363397,0,0.546010868058819,0.484,NA,NA,-8.00000000000245e-05,-8.00000000000245e-05,1,0.998,0.04,0,1,0,0.407607408479613,0.447607408479613,0.447607408479613,0,1
"No HTE",2000,357,0.533190865672304,0.880196281693122,0,-0.0238085860478351,0.0124076456988027,0.00798619338659234,0,0.49458718043476,0.538,NA,NA,-0.000320000000000042,-0.000320000000000042,1,0.992,0.04,0,1,0,0.405234401341818,0.445234401341818,0.445234401341818,0,1
"No HTE",2000,358,0.629639125491963,0.834981212573337,0,0.00769893709231545,-0.000406211281106019,-0.00182035816440329,0,0.553638484885761,0.482,NA,NA,-8.00000000000245e-05,-8.00000000000245e-05,1,0.998,0.04,0,1,0,0.407264327458573,0.447264327458573,0.447264327458573,0,1
"No HTE",2000,359,0.706491547325372,0.774672598325042,0,-0.00185676928383269,0.0225565331456604,-0.0100833009225897,0,0.527293091611505,0.412,NA,NA,-0.00119999999999998,-0.00119999999999998,1,0.97,0.04,0,1,0,0.406040601258421,0.446040601258421,0.446040601258421,0,1
"No HTE",2000,360,0.101519187422795,0.312812246100179,0,0.0112794470230359,-0.00191454424892284,0.0269246611213975,0,0.667634048607735,0.026,NA,NA,-0.01952,-0.01952,1,0.512,0.04,0,1,0,0.406325977200971,0.446325977200971,0.446325977200971,0,1
"No HTE",2000,361,0.138119047925295,0.0622513439292028,0,0.00816147165926589,0.0715991728679801,0.0519846966273725,0,0.501835400216361,0.048,NA,NA,-0.03144,0.00856000000000001,0,0.214,0.04,0,1,0,0.408240582552859,0.448240582552859,0.448240582552859,0,1
"No HTE",2000,362,0.76466294368286,1,0,0.0210550987684515,0.0185853879627735,0.0194842485143892,0,0.535561084541489,0.416,NA,NA,-0.00688,-0.00688,1,0.828,0.04,0,1,0,0.406616462661234,0.446616462661234,0.446616462661234,0,1
"No HTE",2000,363,0.451307751442049,0.384040258168827,0,0.015862542063411,0.0314632075621726,-0.00539353066664344,0,0.524760417667048,0.51,NA,NA,-0.000159999999999993,-0.000159999999999993,1,0.996,0.04,0,1,0,0.409948724969315,0.449948724969315,0.449948724969315,0,1
"No HTE",2000,364,0.434656664744082,0.438648319421127,0,0.010816505386672,0.045230505054433,0.0168285914913411,0,0.488610671030946,0.442,NA,NA,-0.00744,-0.00744,1,0.814,0.04,0,1,0,0.406064369123022,0.446064369123022,0.446064369123022,0,1
"No HTE",2000,365,0.395772052350489,0.369450410455245,0,-0.0126236989149348,0.0142384852541005,-0.00146911079624618,0,0.518759948874078,0.508,NA,NA,-0.03848,0.00152000000000002,0,0.038,0.04,0,1,0,0.405940992276548,0.445940992276548,0.445940992276548,0,1
"No HTE",2000,366,0.935256485706953,1,0,-0.0135583175230141,0.0117050575393136,0.00375615301724969,0,0.529324797213177,0.43,NA,NA,-0.000160000000000049,-0.000160000000000049,1,0.996,0.04,0,1,0,0.408371014578941,0.448371014578941,0.448371014578941,0,1
"No HTE",2000,367,0.623994192143922,0.592156170695346,0,-0.0279810362055312,-0.0239264381523509,-0.0160631857897621,0,0.582202117158949,0.262,NA,NA,-0.0076,-0.0076,1,0.81,0.04,0,1,0,0.40742989781735,0.44742989781735,0.44742989781735,0,1
"No HTE",2000,368,0.654632965575604,0.770196628473484,0,0.0031473030671938,0.0507897612873251,0.0872316727446897,0,0.491690964102274,0.448,NA,NA,-0.00871999999999995,0.03128,0,0.782,0.04,0,1,0,0.407519357420933,0.447519357420933,0.447519357420933,0,1
"No HTE",2000,369,0.423319556480786,0.436057467762446,0,-0.0102023062084944,0.0354843334063398,0,0,0.487583733520606,0.546,NA,NA,0,0,1,1,0.04,0,1,0,0.406039593203883,0.446039593203883,0.446039593203883,0,1
"No HTE",2000,370,0.475070282577915,0.614034244278052,0,-0.0031705736723075,0.0162692609134081,-0.0150055276973907,0,0.525941542902757,0.258,NA,NA,-0.00567999999999996,-0.00567999999999996,1,0.858,0.04,0,1,0,0.406625417469883,0.446625417469883,0.446625417469883,0,1
"No HTE",2000,371,0.980221257363668,1,0,-0.0124493130976126,0.0096489398654702,-0.019529463205797,0,0.577231062104609,0.174,NA,NA,-0.0256,0.0144,0,0.36,0.04,0,1,0,0.405899250167175,0.445899250167175,0.445899250167175,0,1
"No HTE",2000,372,0.565436270835594,0.643973739659691,0,-0.00631823839222022,0.00250850933294929,-0.0100370368493684,0,0.540494750653647,0.478,NA,NA,-0.00152000000000002,-0.00152000000000002,1,0.962,0.04,0,1,0,0.406961954763937,0.446961954763937,0.446961954763937,0,1
"No HTE",2000,373,0.443652723118734,0.838412061000229,0,0.0165582125825908,0.0102349158359463,0.00201660637198847,0,0.5498096444287,0.23,NA,NA,-0.00351999999999997,-0.00351999999999997,1,0.912,0.04,0,1,0,0.406798741904121,0.446798741904121,0.446798741904121,0,1
"No HTE",2000,374,0.259111290313255,0.400589774009769,0,-0.00578031365917733,0.0130945255187727,-0.0156925980196462,0,0.535022723990103,0.398,NA,NA,-0.00856000000000001,-0.00856000000000001,1,0.786,0.04,0,1,0,0.405617597919389,0.445617597919388,0.445617597919388,0,1
"No HTE",2000,375,0.304064991870751,0.18180777453783,0,0.00266025380167755,0.0468464087584786,-0.0204789676526029,0,0.486787334077449,0.302,NA,NA,-0.0168,-0.0168,1,0.58,0.04,0,1,0,0.40543834846865,0.44543834846865,0.44543834846865,0,1
"No HTE",2000,376,0.934223141568759,1,0,-0.010753864291499,-0.0263930426559862,-0.0218057798089319,0,0.57617306667831,0.336,NA,NA,-0.0112,-0.0112,1,0.72,0.04,0,1,0,0.405504574570978,0.445504574570978,0.445504574570978,0,1
"No HTE",2000,377,0.440306737445182,0.522797935279057,0,0.0167510863896779,0.0329959109261913,0.00300471280811859,0,0.520748364361228,0.516,NA,NA,-0.03872,0.00128,0,0.032,0.04,0,1,0,0.407727939589294,0.447727939589294,0.447727939589294,0,1
"No HTE",2000,378,0.905578584805937,1,0,0.0173577995100935,0.0367727589266033,0,0,0.501746515648861,0.534,NA,NA,0,0,1,1,0.04,0,1,0,0.408929593262811,0.448929593262811,0.448929593262811,0,1
"No HTE",2000,379,0.206946694225526,0.109888559872709,0,-0.00935256327510167,0.0428756433202605,-0.00398744937048939,0,0.541968156333332,0.106,NA,NA,-0.00047999999999998,-0.00047999999999998,1,0.988,0.04,0,1,0,0.404530400866649,0.444530400866649,0.444530400866649,0,1
"No HTE",2000,380,0.0643923197824978,0.0218933491964052,0,0.0126125553848306,-0.000389867412993326,0.0347124609708602,0,0.629526100057805,0.044,NA,NA,-0.01624,-0.01624,1,0.594,0.04,0,1,0,0.407527063287353,0.447527063287353,0.447527063287353,0,1
"No HTE",2000,381,0.395239625782756,0.493074037566265,0,-0.00411180720178321,-0.00138763807157626,-0.00500332718969249,0,0.566148356233205,0.216,NA,NA,-0.00896000000000002,-0.00896000000000002,1,0.776,0.04,0,1,0,0.409060693542345,0.449060693542345,0.449060693542345,0,1
"No HTE",2000,382,0.482389835387816,0.843106330581875,0,-0.0214073547624614,0.00765316718804003,-0.0008274826108714,0,0.514656262424314,0.508,NA,NA,-0.00112000000000001,-0.00112000000000001,1,0.972,0.04,0,1,0,0.407276154651026,0.447276154651026,0.447276154651026,0,1
"No HTE",2000,383,0.766454809991723,1,0,0.00822952734999339,0.0388642719464782,0.0148764070860831,0,0.502779476936722,0.534,NA,NA,-0.03936,0.000639999999999974,0,0.016,0.04,0,1,0,0.407184411753965,0.447184411753965,0.447184411753965,0,1
"No HTE",2000,384,0.0194244517336037,0.045795470749755,1,0.0166393221759675,0.034965794049322,-0.000574120157644464,0,0.508735751630964,0.526,NA,NA,-0.000159999999999993,-0.000159999999999993,1,0.996,0.04,0,1,0,0.406992576829201,0.446992576829201,0.446992576829201,0,1
"No HTE",2000,385,0.436594324096165,0.677126772572046,0,0.0152807066347145,0.0505103951638393,-0.00400138005847839,0,0.502716736538226,0.532,NA,NA,-0.000159999999999993,-0.000159999999999993,1,0.996,0.04,0,1,0,0.408008958397585,0.448008958397585,0.448008958397585,0,1
"No HTE",2000,386,0.975957853556291,1,0,-0.00270630204495707,0.0180009001835725,-0.0140367570372336,0,0.525943485450027,0.26,NA,NA,-0.02024,-0.02024,1,0.494,0.04,0,1,0,0.407761398152462,0.447761398152462,0.447761398152462,0,1
"No HTE",2000,387,0.353960968349285,0.287261611456796,0,0.0183510991780439,0.0170487074354787,-0.00165444168622597,0,0.595178794807745,0.062,NA,NA,-0.0108,-0.0108,1,0.73,0.04,0,1,0,0.408511281740721,0.448511281740721,0.448511281740721,0,1
"No HTE",2000,388,0.530303347884767,0.779408763711163,0,0.0101461634229627,0.0420766984027319,0.00407935361830408,0,0.496809117493963,0.404,NA,NA,-0.00280000000000002,-0.00280000000000002,1,0.93,0.04,0,1,0,0.406505870495297,0.446505870495297,0.446505870495297,0,1
"No HTE",2000,389,0.0064998593711584,0.0477093089003657,1,-0.000587607062814094,0.0143387774166857,-0.00133437846339507,0,0.520345359753021,0.284,NA,NA,-0.000240000000000018,-0.000240000000000018,1,0.994,0.04,0,1,0,0.404739735443778,0.444739735443778,0.444739735443778,0,1
"No HTE",2000,390,0.701466729608892,0.856673333094671,0,-0.0135488487458689,0.0327839558262292,0.00188245870118398,0,0.497007208964297,0.474,NA,NA,-8.00000000000245e-05,-8.00000000000245e-05,1,0.998,0.04,0,1,0,0.406550358800521,0.446550358800521,0.446550358800521,0,1
"No HTE",2000,391,0.363518685730617,0.249083100976254,0,0.00695276085620565,0.0160265808350723,-0.00844389289916653,0,0.552319220683953,0.374,NA,NA,-0.00344,-0.00344,1,0.914,0.04,0,1,0,0.407125252970353,0.447125252970353,0.447125252970353,0,1
"No HTE",2000,392,0.260832484676807,0.247114825404374,0,-0.0202940959464528,-0.00474275770268981,-0.0218851437858923,0,0.537670327306216,0.448,NA,NA,-0.00424000000000002,-0.00424000000000002,1,0.894,0.04,0,1,0,0.407754718949432,0.447754718949432,0.447754718949432,0,1
"No HTE",2000,393,0.571839319695007,0.519599641900953,0,-0.0109733626088935,0.0368264164981256,0.0090384443608188,0,0.541745820512413,0.224,NA,NA,-0.02256,0.01744,0,0.436,0.04,0,1,0,0.406919955894472,0.446919955894472,0.446919955894472,0,1
"No HTE",2000,394,0.56284418049847,0.467620163095651,0,-0.00611494948008783,-0.0375858354343633,-0.0134440165034572,0,0.574160255733931,0.44,NA,NA,-0.002,-0.002,1,0.95,0.04,0,1,0,0.407269294225129,0.447269294225129,0.447269294225129,0,1
"No HTE",2000,395,0.839157352899279,1,0,-0.00761538641988837,0.037724216782019,0.00391848350222623,0,0.49870109193918,0.536,NA,NA,-0.03968,0.000319999999999987,0,0.008,0.04,0,1,0,0.407677011457416,0.447677011457416,0.447677011457416,0,1
"No HTE",2000,396,0.397593147671424,0.336808754314278,0,-0.0149841471418327,0.0345736237977266,-0.088848036421814,0,0.624533606454633,0.096,NA,NA,-0.02224,-0.02224,1,0.444,0.04,0,1,0,0.407156157994518,0.447156157994518,0.447156157994518,0,1
"No HTE",2000,397,0.419556308129421,0.577993591336295,0,0.00167032195650858,0.0143678695803563,0,0,0.518754163666708,0.518,NA,NA,0,0,1,1,0.04,0,1,0,0.408985911629364,0.448985911629364,0.448985911629364,0,1
"No HTE",2000,398,0.834598728651408,1,0,-0.0214779615851723,-0.0199180047272317,0.000232239521630706,0,0.541017929422255,0.488,NA,NA,-0.000640000000000029,-0.000640000000000029,1,0.984,0.04,0,1,0,0.407195968552211,0.447195968552211,0.447195968552211,0,1
"No HTE",2000,399,0.266106568291473,0.356998142566244,0,0.0050790349655864,0.0361037988555887,-0.00572859222879363,0,0.516675498512216,0.498,NA,NA,-0.000400000000000011,-0.000400000000000011,1,0.99,0.04,0,1,0,0.406798253868961,0.446798253868961,0.446798253868961,0,1
"No HTE",2000,400,0.852844583612956,1,0,-0.0146402176717403,0.00936685400144958,-0.0398012973793356,0,0.797739959943239,0.014,NA,NA,-0.01864,-0.01864,1,0.534,0.04,0,1,0,0.407576590545688,0.447576590545688,0.447576590545688,0,1
"No HTE",2000,401,0.973861109619671,1,0,0.0140923216741914,0.0430881274234642,0.000257971319871542,0,0.579966586653366,0.078,NA,NA,-0.000159999999999993,-0.000159999999999993,1,0.996,0.04,0,1,0,0.404513067431993,0.444513067431993,0.444513067431993,0,1
"No HTE",2000,402,0.45768242599186,0.347547748756862,0,-0.00265470503781758,0.0052343686574544,0.0105646373179575,0,0.533788864863986,0.434,NA,NA,-0.002,-0.002,1,0.95,0.04,0,1,0,0.408081504169265,0.448081504169265,0.448081504169265,0,1
"No HTE",2000,403,0.173387090464542,0.16868034058326,0,0.00770760403689915,0.0651597705089576,0.0494189868263053,0,0.490540730651421,0.094,NA,NA,-0.03064,0.00935999999999998,0,0.234,0.04,0,1,0,0.407399775282521,0.447399775282521,0.447399775282521,0,1
"No HTE",2000,404,0.977318770697806,1,0,-0.0278100511146904,0.00808285673647947,-0.0760751816176615,0,0.570572501484135,0.17,NA,NA,-0.02616,-0.02616,1,0.346,0.04,0,1,0,0.405281827020822,0.445281827020822,0.445281827020822,0,1
"No HTE",2000,405,0.744651386693157,1,0,-0.00254775111827912,0.00794918972401785,-0.0239000184678369,0,0.536976335841303,0.492,NA,NA,-0.03904,-0.03904,1,0.024,0.04,0,1,0,0.406479815202703,0.446479815202703,0.446479815202703,0,1
"No HTE",2000,406,0.122804197937833,0.140166263762112,0,0.0189886044847872,0.0320025326966647,-0.00120462050943226,0,0.516970543178413,0.382,NA,NA,-0.03712,0.00287999999999999,0,0.072,0.04,0,1,0,0.406144730657365,0.446144730657365,0.446144730657365,0,1
"No HTE",2000,407,0.479750306805217,0.677021424729952,0,-0.0126327999999544,-0.00541797523344726,-0.0040148462960668,0,0.535303967908039,0.454,NA,NA,-0.00391999999999998,-0.00391999999999998,1,0.902,0.04,0,1,0,0.406765528937891,0.446765528937891,0.446765528937891,0,1
"No HTE",2000,408,0.751850743221841,0.827507965788375,0,0.0180724552615639,0.0577962796113135,0.00733682711780981,0,0.556600681675124,0.132,NA,NA,-0.000560000000000005,-0.000560000000000005,1,0.986,0.04,0,1,0,0.407127474670564,0.447127474670564,0.447127474670564,0,1
"No HTE",2000,409,0.843907545873134,1,0,-0.00966826569739839,0.0384399713192317,-0.0275878755316858,0,0.547047130774811,0.186,NA,NA,-0.00831999999999999,-0.00831999999999999,1,0.792,0.04,0,1,0,0.40629038396145,0.44629038396145,0.44629038396145,0,1
"No HTE",2000,410,0.632104226802821,1,0,-0.0136446312583821,0.00164924852626351,0.0232474399022548,0,0.536943876603569,0.16,NA,NA,-0.02496,0.01504,0,0.376,0.04,0,1,0,0.408665868671408,0.448665868671408,0.448665868671408,0,1
"No HTE",2000,411,0.560923300157669,0.81414018669254,0,0.000622225532958778,-0.0016657068819903,0.00456190288979752,0,0.543568210925158,0.308,NA,NA,-0.01552,-0.01552,1,0.612,0.04,0,1,0,0.405691083393776,0.445691083393776,0.445691083393776,0,1
"No HTE",2000,412,0.478883994493642,0.646729101012937,0,0.00942887103493876,0.0549861066095238,0.0265072850028514,0,0.515420402837169,0.214,NA,NA,-0.02656,0.01344,0,0.336,0.04,0,1,0,0.406829488619108,0.446829488619108,0.446829488619108,0,1
"No HTE",2000,413,0.31041371842343,0.312449957019123,0,-0.0103253216619755,0.0038027897538278,-0.0234592242369873,0,0.631418803904408,0.054,NA,NA,-0.00863999999999998,-0.00863999999999998,1,0.784,0.04,0,1,0,0.405857301046597,0.445857301046597,0.445857301046597,0,1
"No HTE",2000,414,0.886822346685942,1,0,0.0150144275150854,0.0408185836663041,0.00129096952097957,0,0.517949042309774,0.266,NA,NA,-0.00856000000000001,-0.00856000000000001,1,0.786,0.04,0,1,0,0.406491780353482,0.446491780353482,0.446491780353482,0,1
"No HTE",2000,415,0.175957533670136,0.200106622008118,0,0.00187025578075652,0.0265251567652462,0.00941150213581976,0,0.803122249750201,0.02,NA,NA,-0.00359999999999999,-0.00359999999999999,1,0.91,0.04,0,1,0,0.407708002939417,0.447708002939417,0.447708002939417,0,1
"No HTE",2000,416,0.48802395110003,0.363204480377205,0,0.0208665190293677,0.0586421821468017,0,0,0.500742317993689,0.478,NA,NA,0,0,1,1,0.04,0,1,0,0.407520393397564,0.447520393397563,0.447520393397563,0,1
"No HTE",2000,417,0.967214954219294,1,0,-0.00389325795678723,0.00451121216320183,0.0112375515341416,0,0.53383534424397,0.314,NA,NA,-0.01552,0.0244799999999999,0,0.612,0.04,0,1,0,0.406817505601957,0.446817505601957,0.446817505601957,0,1
"No HTE",2000,418,0.0701770064756255,0.107315336763741,0,-5.779091699789e-05,0.0322294119897669,0,0,0.507754336459227,0.528,NA,NA,0,0,1,1,0.04,0,1,0,0.408480614023435,0.448480614023435,0.448480614023435,0,1
"No HTE",2000,419,0.832113448004289,1,0,-0.00689632136251038,0.0535054939407693,-0.0569359250987465,0,0.481681943903847,0.554,NA,NA,-0.01936,-0.01936,1,0.516,0.04,0,1,0,0.406587048811056,0.446587048811056,0.446587048811056,0,1
"No HTE",2000,420,0.892615660727399,1,0,0.0123429575026626,0.00796969928909628,-0.0108864806656038,0,0.54253041125221,0.212,NA,NA,-0.00663999999999998,-0.00663999999999998,1,0.834,0.04,0,1,0,0.407189623240845,0.447189623240845,0.447189623240845,0,1
"No HTE",2000,421,0.165107528641021,0.452770061902316,0,0.036687181764322,0.0551494311314688,0.0281660665502699,0,0.50558837790274,0.414,NA,NA,-0.00912000000000002,-0.00912000000000002,1,0.772,0.04,0,1,0,0.406382225249448,0.446382225249448,0.446382225249448,0,1
"No HTE",2000,422,0.452831282633606,0.365436613473917,0,0.00786494199571234,0.0171422154104046,-0.021504454431014,0,0.641951736831459,0.056,NA,NA,-0.03512,-0.03512,1,0.122,0.04,0,1,0,0.405210653224739,0.445210653224739,0.445210653224739,0,1
"No HTE",2000,423,0.639059936725428,0.692652515587459,0,-0.0146874169532374,0.0521444706143183,-0.0276512618064048,0,0.527887498815411,0.062,NA,NA,-0.00456000000000001,-0.00456000000000001,1,0.886,0.04,0,1,0,0.406477597518081,0.446477597518081,0.446477597518081,0,1
"No HTE",2000,424,0.371525134512231,0.605133180756731,0,0.0284893487815016,0.086389426386658,0,0,0.480752784400351,0.556,NA,NA,0,0,1,1,0.04,0,1,0,0.407007786815546,0.447007786815545,0.447007786815545,0,1
"No HTE",2000,425,0.923490984615503,1,0,-0.0105183039655902,0.00100741841258481,-0.0332336522807351,0,0.556186665813905,0.228,NA,NA,-0.00895999999999997,-0.00895999999999997,1,0.776,0.04,0,1,0,0.40735922076244,0.44735922076244,0.44735922076244,0,1
"No HTE",2000,426,0.98528582047281,1,0,0.00309403591985936,0.016549504848532,0,0,0.518739429499296,0.466,NA,NA,0,0,1,1,0.04,0,1,0,0.40777845247363,0.44777845247363,0.44777845247363,0,1
"No HTE",2000,427,0.192149569753282,0.178964207467455,0,0.000608682487247833,0.0161767530632659,-0.00177169044201836,0,0.516891951341195,0.376,NA,NA,-0.0392,0.000800000000000023,0,0.02,0.04,0,1,0,0.407362060176664,0.447362060176664,0.447362060176664,0,1
"No HTE",2000,428,0.807144751187765,1,0,0.00445208965245933,0.0203366848781664,0.0396643795781246,0,0.516596651887215,0.482,NA,NA,-0.00304000000000004,0.03696,0,0.924,0.04,0,1,0,0.407625109664639,0.447625109664639,0.447625109664639,0,1
"No HTE",2000,429,0.885493344036042,1,0,-0.00170019237394948,0.000917672332124509,-0.0059446275743798,0,0.581930431550516,0.148,NA,NA,-0.00152000000000002,-0.00152000000000002,1,0.962,0.04,0,1,0,0.406732137227416,0.446732137227416,0.446732137227416,0,1
"No HTE",2000,430,0.0626975046023132,0.170094670227139,0,0.00565345815182416,0.00979503095677773,-0.00460960898980112,0,0.589395137936344,0.11,NA,NA,-0.02584,-0.02584,1,0.354,0.04,0,1,0,0.407686703795814,0.447686703795814,0.447686703795814,0,1
"No HTE",2000,431,0.725987243218342,0.872508328003344,0,-0.00771319683058565,0.0162731014316439,-0.000301332552990918,0,0.530448693363466,0.322,NA,NA,-0.00424000000000002,-0.00424000000000002,1,0.894,0.04,0,1,0,0.405621731960237,0.445621731960237,0.445621731960237,0,1
"No HTE",2000,432,0.0449378186202736,0.140738011899861,1,0.00135507815329744,0.0227737205952648,0.014182000531489,0,0.531362342895524,0.44,NA,NA,-0.01552,0.02448,0,0.612,0.04,0,1,0,0.407327693459353,0.447327693459353,0.447327693459353,0,1
"No HTE",2000,433,0.32119751917163,0.444554071401318,0,-0.0120342423418503,0.0233754557439383,-0.0553842654727929,0,0.567900660498891,0.144,NA,NA,-0.02072,-0.02072,1,0.482,0.04,0,1,0,0.407832913342389,0.447832913342389,0.447832913342389,0,1
"No HTE",2000,434,0.192224330308232,0.36864120081104,0,-0.0146071377282944,0.0333334422593363,-0.0150123247636202,0,0.493249793353917,0.452,NA,NA,-0.00456000000000001,-0.00456000000000001,1,0.886,0.04,0,1,0,0.406105183554234,0.446105183554234,0.446105183554234,0,1
"No HTE",2000,435,0.867097119883346,1,0,-0.0120721704886287,-0.00759092549640223,-0.0228362653361588,0,0.590950124659222,0.154,NA,NA,-0.01664,-0.01664,1,0.584,0.04,0,1,0,0.40586056018561,0.44586056018561,0.44586056018561,0,1
"No HTE",2000,436,0.466880360120965,0.501963460750567,0,-0.0108015071625853,0.00174787000160939,-0.0309994566749249,0,0.571578869960322,0.154,NA,NA,-0.0268,-0.0268,1,0.33,0.04,0,1,0,0.406543982293074,0.446543982293074,0.446543982293074,0,1
"No HTE",2000,437,0.768299698352402,0.892150378687747,0,-0.00324797703661806,-0.0204401176587854,-0.00183352931914893,0,0.557005439614558,0.462,NA,NA,-0.000239999999999962,-0.000239999999999962,1,0.994,0.04,0,1,0,0.406607709943735,0.446607709943735,0.446607709943735,0,1
"No HTE",2000,438,0.438376314677183,0.344268550740582,0,0.0284692093586562,0.0699078947065481,0.00941159030106253,0,0.489965321008091,0.266,NA,NA,-0.00175999999999998,-0.00175999999999998,1,0.956,0.04,0,1,0,0.408948460595074,0.448948460595073,0.448948460595073,0,1
"No HTE",2000,439,0.289588271683178,0.227092557420647,0,0.00194155125848012,0.0328725818007155,0,0,0.552444052892326,0.1,NA,NA,0,0,1,1,0.04,0,1,0,0.407066541488147,0.447066541488147,0.447066541488147,0,1
"No HTE",2000,440,0.149099280487326,0.181821559370139,0,0.00532003218106094,0.0187327546487327,0.0269200952852873,0,0.537173906249965,0.272,NA,NA,-0.0188,0.0212,0,0.53,0.04,0,1,0,0.408488686296282,0.448488686296282,0.448488686296282,0,1
"No HTE",2000,441,0.837636247960225,1,0,-0.00876662434253875,0.0385313700651554,-0.00151885041406125,0,0.491614065626069,0.542,NA,NA,-0.000240000000000018,-0.000240000000000018,1,0.994,0.04,0,1,0,0.405629213187763,0.445629213187763,0.445629213187763,0,1
"No HTE",2000,442,0.686157993164311,0.89863669599125,0,-0.0117293337237535,0.0368815175680461,-0.0489191663250106,0,0.515127842837762,0.358,NA,NA,-0.01128,-0.01128,1,0.718,0.04,0,1,0,0.405984297937205,0.445984297937205,0.445984297937205,0,1
"No HTE",2000,443,0.40476996807072,0.27496866141867,0,0.000817897131308975,0.0245250575893446,0.00221470258217354,0,0.466801745360681,0.072,NA,NA,-8.00000000000245e-05,-8.00000000000245e-05,1,0.998,0.04,0,1,0,0.406175585176942,0.446175585176942,0.446175585176942,0,1
"No HTE",2000,444,0.970986572414902,1,0,-0.0195540044170861,-0.0060739876272409,-0.00507539777927152,0,0.523189203346611,0.462,NA,NA,-0.000640000000000029,-0.000640000000000029,1,0.984,0.04,0,1,0,0.406123062859988,0.446123062859988,0.446123062859988,0,1
"No HTE",2000,445,0.809139292645712,1,0,0.00679315607582549,0.00636930118832033,0.00329005222962941,0,0.535316557215279,0.39,NA,NA,-0.00919999999999999,-0.00919999999999999,1,0.77,0.04,0,1,0,0.405910994403601,0.445910994403601,0.445910994403601,0,1
"No HTE",2000,446,0.31411487742946,0.253460284874153,0,-0.0141633307754785,0.0141858212479281,-0.0161727370907094,0,0.504981476417331,0.466,NA,NA,-0.00440000000000002,-0.00440000000000002,1,0.89,0.04,0,1,0,0.409566318613239,0.449566318613239,0.449566318613239,0,1
"No HTE",2000,447,0.0198485920586481,0.073905014496671,1,-0.00836677080823548,0.0226273886691385,-0.0601969986792162,0,0.565783317645281,0.206,NA,NA,-0.0232,-0.0232,1,0.42,0.04,0,1,0,0.407432062060657,0.447432062060657,0.447432062060657,0,1
"No HTE",2000,448,0.0679578596337253,0.179894337671719,0,-0.00364693416976354,-0.00590189593959133,0.00173224907808134,0,0.573959485723669,0.108,NA,NA,-0.000879999999999992,-0.000879999999999992,1,0.978,0.04,0,1,0,0.405191038170416,0.445191038170416,0.445191038170416,0,1
"No HTE",2000,449,0.702597053609215,0.822767134978658,0,0.0202728935164417,0.0585460996498695,-0.0107368584043488,0,0.487378659447901,0.278,NA,NA,-0.002,-0.002,1,0.95,0.04,0,1,0,0.407324535355613,0.447324535355613,0.447324535355613,0,1
"No HTE",2000,450,0.70686671538856,0.723676128297858,0,-0.00388937577967295,-0.00906644531055493,-0.00210463050205223,0,0.564491717192181,0.25,NA,NA,-7.9999999999969e-05,-7.9999999999969e-05,1,0.998,0.04,0,1,0,0.406934833136786,0.446934833136786,0.446934833136786,0,1
"No HTE",2000,451,0.676187970059931,0.954803365574395,0,-0.0096345277282056,-0.00169307715401099,-0.0112622347656222,0,0.571399826669535,0.102,NA,NA,-0.00135999999999997,-0.00135999999999997,1,0.966,0.04,0,1,0,0.406479884105736,0.446479884105736,0.446479884105736,0,1
"No HTE",2000,452,0.0444365400608742,0.118736397094515,1,0.00457587121730021,-0.0109281703967083,0.000213571453304751,0,0.554098240712248,0.324,NA,NA,-0.00144,-0.00144,1,0.964,0.04,0,1,0,0.407628948476256,0.447628948476256,0.447628948476256,0,1
"No HTE",2000,453,0.723868724979396,0.785951142525073,0,-0.00267330325261569,0.0302474093623001,0.0570983940887649,0,0.512536245196989,0.432,NA,NA,-0.0076,0.0324,0,0.81,0.04,0,1,0,0.405149179098052,0.445149179098052,0.445149179098052,0,1
"No HTE",2000,454,0.0522374851036224,0.118681827368969,0,-0.00895074806989164,0.0118642340890666,-0.0288437526062146,0,0.546332754867859,0.162,NA,NA,-0.02752,-0.02752,1,0.312,0.04,0,1,0,0.405686168447553,0.445686168447553,0.445686168447553,0,1
"No HTE",2000,455,0.205577700190011,0.295084255644612,0,0.00601460155323115,0.0106807336305678,-0.00770003858723844,0,0.536444226351792,0.452,NA,NA,-0.00256000000000001,-0.00256000000000001,1,0.936,0.04,0,1,0,0.404640641800505,0.444640641800505,0.444640641800505,0,1
"No HTE",2000,456,0.562993376685689,0.671153467190558,0,0.00584435803233892,0.0190870442920208,-0.0128019208217683,0,0.5266725372879,0.368,NA,NA,-0.00936000000000003,-0.00936000000000003,1,0.766,0.04,0,1,0,0.406259441521472,0.446259441521472,0.446259441521472,0,1
"No HTE",2000,457,0.359094958258446,0.260013824157711,0,0.0217700812707614,0.0947797236485408,-0.112016717713362,0,0.628905213487869,0.038,NA,NA,-0.0312,-0.0312,1,0.22,0.04,0,1,0,0.407385741373315,0.447385741373315,0.447385741373315,0,1
"No HTE",2000,458,0.901051012338125,1,0,-0.000782886049072588,0.067335097150788,-0.0176859560325446,0,0.508758572236886,0.178,NA,NA,-0.00567999999999996,-0.00567999999999996,1,0.858,0.04,0,1,0,0.405978740699575,0.445978740699575,0.445978740699575,0,1
"No HTE",2000,459,0.868894891386592,1,0,-0.00411001684611173,0.0340394151687776,-0.00970943124689927,0,0.64714507307628,0.034,NA,NA,-0.03864,0.00136000000000003,0,0.034,0.04,0,1,0,0.407527476327822,0.447527476327822,0.447527476327822,0,1
"No HTE",2000,460,0.799777465321656,1,0,-0.0143011419862796,-0.0142750812571445,-0.00349244579290903,0,0.540494750653647,0.478,NA,NA,-0.00152000000000002,-0.00152000000000002,1,0.962,0.04,0,1,0,0.407932059184511,0.447932059184511,0.447932059184511,0,1
"No HTE",2000,461,0.469369330793547,0.895507686671,0,0.00843849963803652,0.0348024993673372,-0.0134207236952031,0,0.519471596554647,0.346,NA,NA,-0.0132,-0.0132,1,0.67,0.04,0,1,0,0.409163294058839,0.449163294058839,0.449163294058839,0,1
"No HTE",2000,462,0.762773814793597,0.874749902004159,0,-0.00768783429222367,0.0313035381283353,0.00233782678120598,0,0.494392605650749,0.534,NA,NA,-7.9999999999969e-05,-7.9999999999969e-05,1,0.998,0.04,0,1,0,0.406150298644304,0.446150298644304,0.446150298644304,0,1
"No HTE",2000,463,0.414250177979266,0.386820660942248,0,0.0102725888624714,0.0344487746415872,-0.00428361642361558,0,0.511204019003285,0.428,NA,NA,-0.00383999999999995,-0.00383999999999995,1,0.904,0.04,0,1,0,0.405997710706516,0.445997710706516,0.445997710706516,0,1
"No HTE",2000,464,0.760070888771998,1,0,-0.000375653492527473,0.0356190448553594,-0.0071793629296128,0,0.505616497479067,0.486,NA,NA,-0.00351999999999997,-0.00351999999999997,1,0.912,0.04,0,1,0,0.406536141433859,0.446536141433859,0.446536141433859,0,1
"No HTE",2000,465,0.705211427043352,1,0,-0.00461103419964792,0.013494427935456,-0.00470838092638254,0,0.525493313151436,0.454,NA,NA,-0.00463999999999998,-0.00463999999999998,1,0.884,0.04,0,1,0,0.405714133877594,0.445714133877594,0.445714133877594,0,1
"No HTE",2000,466,0.208772458464725,0.224338207535597,0,0.000789932900374999,0.00321864871291898,-0.00673235407266037,0,0.537791395330437,0.496,NA,NA,-0.00824000000000003,-0.00824000000000003,1,0.794,0.04,0,1,0,0.409294220460722,0.449294220460722,0.449294220460722,0,1
"No HTE",2000,467,0.875028445328336,1,0,0.0366253288973695,0.0652291534964009,0.044258486509423,0,0.561490435790486,0.028,NA,NA,-0.00688,-0.00688,1,0.828,0.04,0,1,0,0.407218420115062,0.447218420115062,0.447218420115062,0,1
"No HTE",2000,468,0.655954370794155,0.925589894770901,0,-0.00925269630074493,0.00263204477074172,0.0119413620873466,0,0.648418783279639,0.028,NA,NA,-0.03736,0.00263999999999998,0,0.066,0.04,0,1,0,0.406613177274867,0.446613177274867,0.446613177274867,0,1
"No HTE",2000,469,0.090190563955017,0.0542283135403887,0,0.00558639732764434,0.0275638546967356,-0.00250254106475811,0,0.512155277231413,0.478,NA,NA,-0.03832,0.00168000000000001,0,0.042,0.04,0,1,0,0.409392703540835,0.449392703540835,0.449392703540835,0,1
"No HTE",2000,470,0.685126021609032,1,0,0.0148011481688733,-0.0280140203695318,-0.00808955992075538,0,0.582952482817887,0.442,NA,NA,-0.00103999999999999,-0.00103999999999999,1,0.974,0.04,0,1,0,0.406395756389984,0.446395756389984,0.446395756389984,0,1
"No HTE",2000,471,0.887490080628307,1,0,0.013542803009312,0.0527342621672715,0.00229710106042441,0,0.484173734933389,0.38,NA,NA,-0.00120000000000003,-0.00120000000000003,1,0.97,0.04,0,1,0,0.406448488061275,0.446448488061275,0.446448488061275,0,1
"No HTE",2000,472,0.356167711686782,0.439171929280629,0,0.015784381984775,0.0704923139422739,-0.0019455476112647,0,0.485706704377786,0.242,NA,NA,-8.00000000000245e-05,-8.00000000000245e-05,1,0.998,0.04,0,1,0,0.407641586871241,0.447641586871241,0.447641586871241,0,1
"No HTE",2000,473,0.999381328293101,1,0,-0.0155793990839169,0.0152640142414671,-0.00886877422560545,0,0.706184360704019,0.028,NA,NA,-0.00392000000000003,-0.00392000000000003,1,0.902,0.04,0,1,0,0.407638522144636,0.447638522144636,0.447638522144636,0,1
"No HTE",2000,474,0.077338871621218,0.0663388530905265,0,0.00262816598674259,-0.00524791223379644,0.0065972891087257,0,0.536360646648712,0.482,NA,NA,-0.00152000000000002,-0.00152000000000002,1,0.962,0.04,0,1,0,0.406106083693005,0.446106083693005,0.446106083693005,0,1
"No HTE",2000,475,0.951895231198541,1,0,0.00139408700346702,0.0130014115215235,-0.00845266012093021,0,0.601747499080362,0.094,NA,NA,-0.03216,0.00784000000000001,0,0.196,0.04,0,1,0,0.405894551355081,0.445894551355081,0.445894551355081,0,1
"No HTE",2000,476,0.921903505581303,1,0,-0.00745686947355857,0.01154279509655,-0.00478981038101034,0,0.550932309808347,0.294,NA,NA,-0.00416,-0.00416,1,0.896,0.04,0,1,0,0.4076006322425,0.4476006322425,0.4476006322425,0,1
"No HTE",2000,477,0.638080745170315,0.76082314927461,0,-0.0129248264950303,0.00399126557117137,0.00521593020922312,0,0.523748534416718,0.39,NA,NA,-0.00104000000000004,-0.00104000000000004,1,0.974,0.04,0,1,0,0.405447671793155,0.445447671793155,0.445447671793155,0,1
"No HTE",2000,478,0.4545443097511,0.541924411094666,0,0.00908437510520642,0.016993904827661,0.0134427263812282,0,0.559159955363431,0.026,NA,NA,-0.03736,0.00264000000000003,0,0.066,0.04,0,1,0,0.405854912375864,0.445854912375864,0.445854912375864,0,1
"No HTE",2000,479,0.111554151187423,0.086858304457809,0,0.011385684290234,0.0183780900368078,0.00577589553259861,0,0.529783125732813,0.504,NA,NA,-0.03856,0.00144000000000005,0,0.036,0.04,0,1,0,0.408290129597991,0.448290129597991,0.448290129597991,0,1
"No HTE",2000,480,0.234386922012206,0.211508125694198,0,0.00354052823083474,0.0127309909820526,-0.00572024263419996,0,0.483980923365461,0.054,NA,NA,-0.000240000000000018,-0.000240000000000018,1,0.994,0.04,0,1,0,0.408085597590505,0.448085597590505,0.448085597590505,0,1
"No HTE",2000,481,0.309137895677825,0.244638306326956,0,-0.000336092129784972,0.0307436168354447,-0.0196140824358774,0,0.504441158665186,0.52,NA,NA,-0.01168,-0.01168,1,0.708,0.04,0,1,0,0.406998544764151,0.446998544764151,0.446998544764151,0,1
"No HTE",2000,482,0.107083347044468,0.0692912499748784,0,0.00300738828112134,-0.021395004935535,0.0104002734316029,0,0.554353437141525,0.472,NA,NA,-0.000560000000000005,-0.000560000000000005,1,0.986,0.04,0,1,0,0.405651345638525,0.445651345638525,0.445651345638525,0,1
"No HTE",2000,483,0.630624948150813,0.734394434863059,0,-0.00518974074977193,0.00707858676541898,0.00209830787194054,0,0.5494327115788,0.212,NA,NA,-8.00000000000245e-05,-8.00000000000245e-05,1,0.998,0.04,0,1,0,0.406722629616123,0.446722629616123,0.446722629616123,0,1
"No HTE",2000,484,0.43266487432809,0.422902401287902,0,-0.00608359277048633,0.005771709125064,-0.0154621085201204,0,0.535976757310509,0.3,NA,NA,-0.01656,-0.01656,1,0.586,0.04,0,1,0,0.405386412097573,0.445386412097573,0.445386412097573,0,1
"No HTE",2000,485,0.273241875069247,0.181552009217769,0,0.0103225283981233,0.0587263434407859,0.00584557489009085,0,0.478453868430638,0.398,NA,NA,-0.00287999999999999,-0.00287999999999999,1,0.928,0.04,0,1,0,0.405043219523508,0.445043219523508,0.445043219523508,0,1
"No HTE",2000,486,0.58873401021602,0.859152223442682,0,-0.0108569354806797,-0.00763435260389833,-0.0326042284810434,0,0.555120237313237,0.436,NA,NA,-0.00384000000000001,-0.00384000000000001,1,0.904,0.04,0,1,0,0.403901122585197,0.443901122585197,0.443901122585197,0,1
"No HTE",2000,487,0.16791217290561,0.185405688018686,0,0.00139019221667488,0.0128389194943302,-0.00609922556773657,0,0.528046881679303,0.436,NA,NA,-0.00592000000000004,-0.00592000000000004,1,0.852,0.04,0,1,0,0.406896767968076,0.446896767968076,0.446896767968076,0,1
"No HTE",2000,488,0.27439060025004,0.279816247358629,0,0.0221089021883964,0.0739104959317488,0.000631646540186437,0,0.483788481256246,0.538,NA,NA,-0.03984,0.000159999999999993,0,0.004,0.04,0,1,0,0.407237792951787,0.447237792951787,0.447237792951787,0,1
"No HTE",2000,489,0.77278114395104,1,0,-0.00742428779081198,0.0262983364006608,-0.0603310211532072,0,0.700620576648951,0.042,NA,NA,-0.03096,-0.03096,1,0.226,0.04,0,1,0,0.405764438840114,0.445764438840114,0.445764438840114,0,1
"No HTE",2000,490,0.279319887363745,0.40146380813522,0,-0.00240192158122469,0.0288495029502891,-0.0269880376227221,0,0.521040542825097,0.358,NA,NA,-0.01264,-0.01264,1,0.684,0.04,0,1,0,0.406291246421843,0.446291246421843,0.446291246421843,0,1
"No HTE",2000,491,0.0215570771176798,0.00711999618692538,1,0.00334290400581452,0.0147929004114645,-0.0111541439139658,0,0.568368283574675,0.142,NA,NA,-0.01648,-0.01648,1,0.588,0.04,0,1,0,0.406503414399915,0.446503414399915,0.446503414399915,0,1
"No HTE",2000,492,0.812026416354368,1,0,0.00386767630173016,-0.00077501311987781,-0.00461517720629484,0,0.609057778407077,0.062,NA,NA,-0.000159999999999993,-0.000159999999999993,1,0.996,0.04,0,1,0,0.407588613839311,0.447588613839311,0.447588613839311,0,1
"No HTE",2000,493,0.720790555047929,0.936516866008705,0,-0.00484994137312629,-0.00601748337354653,0,0,0.670782322796894,0.04,NA,NA,0,0,1,1,0.04,0,1,0,0.406432916039125,0.446432916039125,0.446432916039125,0,1
"No HTE",2000,494,0.160895539007448,0.178341739293862,0,-0.000233907694471682,0.0226873722991415,-0.0147587829841696,0,0.525560743458031,0.212,NA,NA,-0.01344,-0.01344,1,0.664,0.04,0,1,0,0.406405604608237,0.446405604608237,0.446405604608237,0,1
"No HTE",2000,495,0.100121374468295,0.146165430991582,0,0.0194393664133313,0.00573887282658176,0.0176277951642304,0,0.546555903503407,0.368,NA,NA,-0.01032,-0.01032,1,0.742,0.04,0,1,0,0.406765658141471,0.446765658141471,0.446765658141471,0,1
"No HTE",2000,496,0.202870244593002,0.244090190215534,0,0.0262034727062243,0.0408208595673495,-0.00640019258060026,0,0.514223124738715,0.384,NA,NA,-0.03976,0.000239999999999962,0,0.006,0.04,0,1,0,0.404797821777903,0.444797821777903,0.444797821777903,0,1
"No HTE",2000,497,0.905847498891363,1,0,0.0091024300625175,0.0269351148205046,0.02692848400404,0,0.554268880316662,0.046,NA,NA,-0.02736,0.01264,0,0.316,0.04,0,1,0,0.407464708293414,0.447464708293414,0.447464708293414,0,1
"No HTE",2000,498,0.991817424037549,1,0,-0.0225607132757829,-0.0154604600045194,-0.00583772524842291,0,0.70831295590532,0.052,NA,NA,-0.000560000000000005,-0.000560000000000005,1,0.986,0.04,0,1,0,0.405669939503397,0.445669939503397,0.445669939503397,0,1
"No HTE",2000,499,0.0227844857171841,0.0331794680914683,1,0.00211232964188838,0.0193725375276934,-0.0247424493193977,0,0.534736219154573,0.084,NA,NA,-0.02272,-0.02272,1,0.432,0.04,0,1,0,0.407193274981477,0.447193274981477,0.447193274981477,0,1
"No HTE",2000,500,0.476257929583738,0.786009328915501,0,-0.0180721225258991,-0.0213745752553939,-0.017013025792567,0,0.561448008173095,0.332,NA,NA,-0.03416,0.00584000000000001,0,0.146,0.04,0,1,0,0.406847318058473,0.446847318058473,0.446847318058473,0,1
"Weak quantitative HTE",2000,1,0.868293748370493,1,0,-0.00318791723613205,0.0620836016027852,-0.0200275101775982,0,0.488340821981319,0.472,0.665293801642322,0.908693996884028,-0.00563318297669341,-0.00563318297669341,1,0.856,0.0395363281031178,0.00863231411450015,0.822,0,0.405321787642725,0.444858115745843,0.444858115745843,0,1
"Weak quantitative HTE",2000,2,0.627875432403113,0.799103684120418,0,-0.0130851900906071,-0.00915145045664969,-0.0141878886298311,0,0.525499916453431,0.058,0.599730998168498,0.900757354201443,-0.00593437686190118,-0.00593437686190118,1,0.86,0.0400413689484794,0.00861717147656104,0.832,0,0.406706312854009,0.446747681802489,0.446747681802489,0,1
"Weak quantitative HTE",2000,3,0.461685066271557,0.382033616387353,0,0.00214376653493214,0.0374801256663343,0.0155378395778386,0,0.489869690773777,0.512,0.557835294117647,0.861141705075558,-0.00231304622941025,-0.00231304622941025,1,0.934,0.039888025429299,0.00858556314928184,0.8345,0,0.406002534866201,0.4458905602955,0.4458905602955,0,1
"Weak quantitative HTE",2000,4,0.722969508362483,0.760713996795153,0,0.0121246861762815,0.033198166974501,0.023363660709049,0,0.526964151802229,0.16,0.665820829655781,0.92165469321339,-0.0259167440392901,0.0141117034267783,0,0.296,0.0399900872101007,0.00866162618966758,0.8285,0,0.406330481915303,0.446320569125404,0.446320569125404,0,1
"Weak quantitative HTE",2000,5,0.813619110007486,1,0,0.00923135286527732,-0.0175962267103343,0.00277214351741906,0,0.559284424864402,0.302,0.692928477756481,0.931222649533919,-0.00113252289778426,-0.00113252289778426,1,0.966,0.0398056431872909,0.00853011178461046,0.829,0,0.405638314732197,0.445443957919487,0.445443957919487,0,1
"Weak quantitative HTE",2000,6,0.940342473898241,1,0,0.0135627875972971,-0.0221358768193468,-0.00113319734086886,0,0.57104029787323,0.46,0.491643772893773,0.871086310677555,-0.000459659217995401,-0.000459659217995401,1,0.988,0.0400997730109056,0.00855536621698927,0.8335,0,0.405656170353937,0.445755943364842,0.445755943364842,0,1
"Weak quantitative HTE",2000,7,0.530217683662678,0.594414710032871,0,-0.0121635633691707,-0.00618947778405901,-0.0254285495863161,0,0.550513662898035,0.316,0.574666263156125,0.875836319950839,-0.0051504265355341,-0.0051504265355341,1,0.838,0.0400295192185017,0.00855057036001268,0.838,0,0.406874253209949,0.446903772428451,0.446903772428451,0,1
"Weak quantitative HTE",2000,8,0.0158402089799318,0.0178437045781397,1,0.0065634327540373,0.0148715431835098,0.0109882135950388,0,0.518318419969499,0.078,0.574100359021459,0.843148818396039,-0.0212032822267217,0.0189082026023115,0,0.452,0.0398402019792241,0.0087152598185862,0.826,0,0.406065480727413,0.445905682706637,0.445905682706637,0,1
"Weak quantitative HTE",2000,9,0.872114958206967,1,0,0.00394787946650663,0.0444430260361838,-0.022946279397616,0,0.546045954766109,0.058,0.606001383084278,0.899094077916405,-0.0193092568759767,-0.0193092568759767,1,0.532,0.0400843668962436,0.00862172796711056,0.8295,0,0.407153549835856,0.4472379167321,0.4472379167321,0,1
"Weak quantitative HTE",2000,10,0.260350816978125,0.149403446132864,0,0.00543298980541903,0.0276764907170111,-0.0036602708812945,0,0.515638587315422,0.5,0.46395692200799,0.76283554232649,-0.00189497640721781,-0.00189497640721781,1,0.958,0.0399053750463383,0.00863577275711954,0.83,0,0.405902536980278,0.445807912026616,0.445807912026616,0,1
"Weak quantitative HTE",2000,11,0.870116683758209,1,0,-0.0102513379331854,-0.00360817855571524,-0.00477963375991064,0,0.539098244428753,0.27,0.639078667611623,0.778219916586516,-0.00101108192915367,-0.00101108192915367,1,0.98,0.0398040181445599,0.00855192623408159,0.836,0,0.404847849582644,0.444651867727204,0.444651867727204,0,1
"Weak quantitative HTE",2000,12,0.627227352933346,0.946689687514694,0,0.0167003045780618,0.0391961443006694,-0.00668625574554899,0,0.504326136318559,0.254,0.755266802203954,0.733503300735193,-0.0225841773476778,-0.0225841773476778,1,0.462,0.0401825489339148,0.00852263050368326,0.8425,0,0.407496247476964,0.447678796410878,0.447678796410878,0,1
"Weak quantitative HTE",2000,13,0.0631662534147103,0.0448148497429061,0,-0.0100985794120164,0.0245748994964912,-0.0810619293125499,0,0.57783550368052,0.162,0.947544642857142,0.989528965549004,-0.0251866822826217,-0.0251866822826217,1,0.334,0.0400079828552886,0.0086973528268133,0.827,0,0.406498245325735,0.446506228181024,0.446506228181024,0,1
"Weak quantitative HTE",2000,14,0.431855879976429,0.407519152063515,0,-0.00953633106014995,-0.0426177742287744,0.00820763385240264,0,0.591803285442109,0.234,0.68987819692045,0.770821105802096,-0.0168534289280324,-0.0168534289280324,1,0.59,0.0401381741976118,0.00841117845177456,0.8455,0,0.407485634893206,0.447623809090818,0.447623809090818,0,1
"Weak quantitative HTE",2000,15,0.269724897331563,0.196223175184045,0,-0.000430287941136474,0.00205107418804766,0.00208665802230579,0,0.543929215480952,0.39,0.839634355763388,0.946630539049316,-0.00313764359700242,-0.00313764359700242,1,0.89,0.0395070554604261,0.00877330387780944,0.8205,0,0.405821237894245,0.445328293354671,0.445328293354671,0,1
"Weak quantitative HTE",2000,16,0.902212064650934,1,0,-0.013760286082728,0.0110219031497362,0.00218771940685308,0,0.512821618049137,0.448,0.592516874350986,0.826975416487463,-7.6662656350146e-05,-7.6662656350146e-05,1,0.998,0.0404595655611937,0.00860620745753962,0.8415,0,0.40910046541737,0.449560030978563,0.449560030978563,0,1
"Weak quantitative HTE",2000,17,0.235287969415398,0.22952794740954,0,0.00145502947119305,0.038493648106663,-0.0386576679636074,0,0.529647577481699,0.14,0.89113582743512,0.976118409297126,-0.00400910234781648,-0.00400910234781648,1,0.87,0.0399311797198108,0.00853370244639989,0.846,0,0.40735439736285,0.44728557708266,0.44728557708266,0,1
"Weak quantitative HTE",2000,18,0.608247739508382,0.739718166553793,0,-0.0223009993294201,0.0212673711240418,0.0386129924838153,0,0.513100314198578,0.396,0.759598552923328,0.941747768758338,-0.00824045725932154,0.031513358033056,0,0.748,0.0400950107780943,0.00865237858200013,0.8405,0,0.408025284297097,0.448120295075192,0.448120295075192,0,1
"Weak quantitative HTE",2000,19,0.182235132970155,0.134204328999903,0,0.0106967530286512,0.0459863405106108,0.0132255386860732,0,0.487002501428223,0.392,0.522362305530044,0.82000625105613,-0.0106915322095357,-0.0106915322095357,1,0.704,0.0399515643227426,0.00846290340545938,0.8405,0,0.405678082294953,0.445629646617695,0.445629646617695,0,1
"Weak quantitative HTE",2000,20,0.351552442962911,0.370886846881187,0,-0.0150352113575246,0.0147912858433272,-0.00226942835496174,0,0.584510994197652,0.174,0.70352493380406,0.900904444555472,-0.000681473497071317,-0.000681473497071317,1,0.976,0.0399215964128549,0.00852562587942744,0.834,0,0.406498237964971,0.446419834377826,0.446419834377826,0,1
"Weak quantitative HTE",2000,21,0.193573647009512,0.175679922911722,0,0.0023539744211393,0.0674293205275952,-0.0979594424448674,0,0.509176398993059,0.064,0.600156019762503,0.830089196164506,-0.0260535609398093,-0.0260535609398093,1,0.354,0.0400765729170008,0.00858004733425541,0.837,0,0.406573577891719,0.44665015080872,0.44665015080872,0,1
"Weak quantitative HTE",2000,22,0.511540721294895,0.42147221303664,0,0.014265249092827,0.081814987551616,0.0269777458794583,0,0.44472745633488,0.056,0.561706549825862,0.868424326623804,-0.0374149912812205,0.00303731971509363,0,0.082,0.0398878754819393,0.00861127975938177,0.833,0,0.406585906500041,0.446473781981981,0.446473781981981,0,1
"Weak quantitative HTE",2000,23,0.49867689011198,0.554689178126721,0,0.00896289468234077,0.0314683216454509,0.00543817735359192,0,0.486588171186674,0.08,0.733583664349553,0.938736709255697,-0.0159601789094598,-0.0159601789094598,1,0.576,0.0401717545000662,0.00839172796031072,0.847,0,0.40643016652741,0.446601921027476,0.446601921027476,0,1
"Weak quantitative HTE",2000,24,0.888034825643168,1,0,0.000210274205713099,0.0536767382925246,0.0941481928904616,0,0.484412768778426,0.47,0.482127845589966,0.882977298162317,-0.00665920288526461,0.0336631961985748,0,0.846,0.0400893480370509,0.00860858951271349,0.8365,0,0.407299549213848,0.447388897250899,0.447388897250899,0,1
"Weak quantitative HTE",2000,25,0.861830190434243,1,0,0.0051584133960105,0.0196913662753709,0.0161179567294469,0,0.742138774853013,0.024,0.638009642595116,0.881291956180064,-0.0250686104876819,0.0144403565203276,0,0.35,0.0399342424461233,0.0086653567057554,0.8305,0,0.406052178857476,0.445986421303599,0.445986421303599,0,1
"Weak quantitative HTE",2000,26,0.484908777078003,0.427527944650316,0,0.00888172147224875,0.0121826906628781,0.0192511075809027,0,0.533737927341018,0.264,0.534010840108401,0.868871084063397,-0.0186772173750561,0.0208343007605795,0,0.51,0.0400096892573577,0.00845603712769134,0.8435,0,0.407093706994063,0.44710339625142,0.44710339625142,0,1
"Weak quantitative HTE",2000,27,0.548214249871595,0.587972279787184,0,-0.0185805466904498,0.0336198593395522,0.004609042491449,0,0.556493934820071,0.174,0.65471199416697,0.911773221212945,-0.0254384916075238,0.0148186791806234,0,0.344,0.0401439936854531,0.0085325694355909,0.841,0,0.406148692729212,0.446292686414665,0.446292686414665,0,1
"Weak quantitative HTE",2000,28,0.2414114958599,0.49379738587745,0,-0.0179084326234387,0.0612793476095423,0.00409848562896281,0,0.464629511209633,0.49,0.708739987424479,0.739766188800311,-0.0396242768753615,0.000132110285256171,0,0.004,0.0400066272561843,0.00839695797393951,0.8435,0,0.406725134271114,0.446731761527299,0.446731761527299,0,1
"Weak quantitative HTE",2000,29,0.676662892757541,1,0,0.0151518607378664,0.0416622836999621,-0.0110112707603405,0,0.528397080351762,0.086,0.836290494458653,0.961759608867825,-0.00842346736579913,-0.00842346736579913,1,0.744,0.0400806099325784,0.00858557538206794,0.826,0,0.406706125434903,0.446786735367482,0.446786735367482,0,1
"Weak quantitative HTE",2000,30,0.0823203309192052,0.0374643476455983,0,0.00780466018570506,0.0350021470805393,-0.00452816886894236,0,0.649119285436115,0.038,0.569212100199359,0.833713316930139,-0.0113848012166363,-0.0113848012166363,1,0.684,0.0396189039556769,0.00861241805783735,0.8265,0,0.405820072610171,0.445438976565848,0.445438976565848,0,1
"Weak quantitative HTE",2000,31,0.873887864905236,1,0,-0.00825282903081516,-0.00855062211229812,-0.00704746919869798,0,0.645381005458193,0.074,0.763798901008775,0.746469521883228,-0.00950525043742095,-0.00950525043742095,1,0.788,0.0399403015175983,0.00870856016711343,0.829,0,0.405729693126359,0.445669994643958,0.445669994643958,0,1
"Weak quantitative HTE",2000,32,0.54737506513927,0.595014287595438,0,-0.0208036276805973,-0.0225733368823501,-0.035204784568704,0,0.648968240297999,0.082,0.54186320754717,0.844354294621673,-0.0066861702218432,-0.0066861702218432,1,0.83,0.0399901355524328,0.00866362954565948,0.825,0,0.405585237199314,0.445575372751747,0.445575372751747,0,1
"Weak quantitative HTE",2000,33,0.0886736971502598,0.0507715561946418,0,0.010486783101427,0.0364049948984699,0.0137743247926124,0,0.492033589886467,0.398,0.674407748862178,0.905247206713499,-0.00998213920662477,-0.00998213920662477,1,0.722,0.0397562689331783,0.00849295932411208,0.8335,0,0.406412448999831,0.44616871793301,0.44616871793301,0,1
"Weak quantitative HTE",2000,34,0.750573164935289,0.840166157926258,0,0.013097281959094,-0.00114310142953636,0.0225172649332703,0,0.546348005647326,0.408,0.660761639191886,0.876382158391787,-0.00642318968153516,-0.00642318968153516,1,0.826,0.0395852265129828,0.00849360998987088,0.8225,0,0.404319170715988,0.443904397228971,0.443904397228971,0,1
"Weak quantitative HTE",2000,35,0.4791993505532,0.50613043678457,0,-0.00201284844087485,0.0338383015816413,-0.00234974407746513,0,0.495456561445038,0.534,0.567832704929479,0.907856982805675,-0.000727116834403851,-0.000727116834403851,1,0.986,0.040055477261087,0.00846786859304613,0.8465,0,0.406560247524269,0.446615724785356,0.446615724785356,0,1
"Weak quantitative HTE",2000,36,0.300849725278158,0.20071359783538,0,-0.00379165187839505,0.0793920305737667,-0.148581086943362,0,0.707983093655954,0.03,0.691632340118464,0.918360923477019,-0.0277077521923286,-0.0277077521923286,1,0.286,0.0400861315225111,0.00853853857679378,0.8535,0,0.407202398059725,0.447288529582236,0.447288529582236,0,1
"Weak quantitative HTE",2000,37,0.590932143671786,0.635399742869675,0,-0.00783584932273723,-0.000996770744226288,-0.00613758858096575,0,0.560460856136062,0.24,0.814039408866995,0.693451242031471,-0.0090347792975809,-0.0090347792975809,1,0.818,0.0396778604176589,0.00849738687936262,0.83,0,0.40542051787184,0.445098378289499,0.445098378289499,0,1
"Weak quantitative HTE",2000,38,0.140617977778702,0.191853856349618,0,0.036629420263295,0.0579280805046496,0.0411919681474531,0,0.47030313634277,0.17,0.537081233978609,0.861169822667724,-0.0135272314296709,-0.0135272314296709,1,0.67,0.0399080399072522,0.00863104280608525,0.833,0,0.407067199295086,0.446975239202338,0.446975239202338,0,1
"Weak quantitative HTE",2000,39,0.792251204590584,1,0,-0.0113490061397188,-0.00519341576370315,-0.00905779358711439,0,0.634013940779414,0.106,0.459557913351017,0.886331816716885,-0.0209116246331049,0.0196614541348337,0,0.478,0.0403208549179194,0.00866728325648616,0.8405,0,0.40687344549632,0.44719430041424,0.44719430041424,0,1
"Weak quantitative HTE",2000,40,0.0331775264372677,0.0705371816902505,1,-0.000685797792976992,0.0475643490089144,-0.03813689143362,0,0.565159359442362,0.088,0.671405044638988,0.923437980991058,-0.0120074648207687,-0.0120074648207687,1,0.664,0.0400776506517294,0.00857472485175154,0.8285,0,0.406141146226918,0.446218796878648,0.446218796878648,0,1
"Weak quantitative HTE",2000,41,0.425701148470833,0.751116450822033,0,0.0124968678143197,0.0601981088830184,0.0199755249840451,0,0.487467917219261,0.336,0.774761904761905,0.950913810838206,-0.0377977373937128,0.0026481135517164,0,0.052,0.0400852476572092,0.00863116168695304,0.833,0,0.407139241637777,0.447224489294986,0.447224489294986,0,1
"Weak quantitative HTE",2000,42,0.587414756835332,0.885915164289117,0,0.0172058509915283,0.00440344137696322,0.00671729268627319,0,0.545790183359255,0.488,0.767884697462162,0.77240548859803,-0.0377361134918581,0.00258747249384828,0,0.074,0.0401289542401444,0.00851707054189492,0.835,0,0.407387529713934,0.447516483954078,0.447516483954078,0,1
"Weak quantitative HTE",2000,43,0.492200824441016,0.511335306414069,0,0.0124868933555175,0.00577165710947562,0.0202494316924239,0,0.555947088395685,0.11,0.592197533517827,0.83755948026477,-0.0316149784978978,-0.0316149784978978,1,0.226,0.0399593600962412,0.00865362094854066,0.8285,0,0.407242555576352,0.447201915672593,0.447201915672593,0,1
"Weak quantitative HTE",2000,44,0.174582422215806,0.188020320149892,0,0.00157967743248461,0.04789509152295,0.00444723813578657,0,0.505649844991227,0.526,0.430272108843537,0.877983268313505,-0.000455205621063159,-0.000455205621063159,1,0.99,0.0397418472312304,0.00863264045319995,0.8205,0,0.405744076361034,0.445485923592264,0.445485923592264,0,1
"Weak quantitative HTE",2000,45,0.638483086247653,0.894571560432173,0,0.0255274972725959,0.0235616482765111,0,0,0.451659625396805,0.1,0.711983052408584,0.796567331848063,0,0,1,1,0.0401446444268691,0.0084793674427745,0.844,0,0.406890937308589,0.447035581735458,0.447035581735458,0,1
"Weak quantitative HTE",2000,46,0.827915262221968,1,0,-0.00140289819479204,-0.0268367459100187,-0.0364961098868826,0,0.557822299654844,0.44,0.488425220834603,0.848706263295653,-0.0040517809248336,0.0353650124985846,0,0.898,0.0397305186630412,0.0085878607419714,0.832,0,0.405659462873464,0.445389981536505,0.445389981536505,0,1
"Weak quantitative HTE",2000,47,0.100213318206826,0.151666654181255,0,-0.00280279429093103,-0.000933620036495966,-0.000266257358384536,0,0.536360646648712,0.482,0.601574464655149,0.903180536904861,-0.00222378124748074,-0.00222378124748074,1,0.942,0.0399591072599949,0.00875007465949392,0.817,0,0.406623344334694,0.446582451594689,0.446582451594689,0,1
"Weak quantitative HTE",2000,48,0.464438148541682,0.495026835242518,0,0.00332277790149192,0.0356376545467754,-0.00514240002736899,0,0.506340158596969,0.472,0.696317900109369,0.758138824826989,-0.00593863413152274,-0.00593863413152274,1,0.886,0.0397702393262245,0.00842517030481449,0.8365,0,0.406112804027689,0.445883043353914,0.445883043353914,0,1
"Weak quantitative HTE",2000,49,0.0145277461184186,0.012995105791603,1,0.0127932854860901,0.0371291517362078,0.00873292530755831,0,0.54970506264206,0.126,0.62360970677452,0.887880923857865,-0.00188040960369951,-0.00188040960369951,1,0.936,0.039950125402835,0.00858235809607238,0.834,0,0.40680890472692,0.446759030129755,0.446759030129755,0,1
"Weak quantitative HTE",2000,50,0.271714920884414,0.151754456209048,0,0.0174460436538062,0.0530003245809135,-0.00159774363624882,0,0.665462680381951,0.022,0.672710027100271,0.922163613591467,-0.0070988759138717,-0.0070988759138717,1,0.802,0.0402868142477453,0.00888199670034292,0.821,0,0.407149458601749,0.447436272849494,0.447436272849494,0,1
"Weak quantitative HTE",2000,51,0.0670231339262028,0.0232788856611713,0,0.0172715807156101,0.0435645184433695,0.0521262303489352,0,0.592339880396414,0.04,0.857704198087313,0.968322414692982,-0.0108345320451867,0.0295888331641128,0,0.696,0.0396543837373123,0.00857120995136796,0.8195,0,0.404619814426727,0.444274198164039,0.444274198164039,0,1
"Weak quantitative HTE",2000,52,0.565764457439512,0.83421288023086,0,-0.000883142199775709,0.0113901593439651,0.00210401790699721,0,0.523792149785178,0.508,0.871993601059135,0.66018103752362,-0.000447999196577509,-0.000447999196577509,1,0.99,0.0398863677124218,0.00862445388503603,0.8335,0,0.40579037529889,0.445676743011312,0.445676743011312,0,1
"Weak quantitative HTE",2000,53,0.611258586604506,0.792537805701073,0,-0.00388209584532329,-0.000913544852572599,0,0,0.610538516335292,0.034,0.584152823920266,0.89881696101049,0,0,1,1,0.0398381423244474,0.00856974700508148,0.835,0,0.406770712010322,0.446608854334769,0.446608854334769,0,1
"Weak quantitative HTE",2000,54,0.937058825055939,1,0,-0.00885844140037757,0.0381274957098427,-0.00138951942730559,0,0.495641998178366,0.538,0.71596425419241,0.771163579746471,-0.000277484236147929,-0.000277484236147929,1,0.994,0.0399520234775303,0.00878804593439133,0.8305,0,0.406630275839725,0.446582299317255,0.446582299317255,0,1
"Weak quantitative HTE",2000,55,0.24260048139694,0.135893001820125,0,0.0120378902930239,0.0417220272706962,-0.000682266888173966,0,0.532284012992969,0.244,0.804252303330971,0.957799189484859,-0.000572569282458524,-0.000572569282458524,1,0.984,0.0404048180837056,0.00869539283905124,0.846,0,0.407915769778891,0.448320587862596,0.448320587862596,0,1
"Weak quantitative HTE",2000,56,0.0219113252118972,0.072380139976886,1,0.0119817849628232,0.00801192828611232,0.0217807607474428,0,0.522406833078351,0.396,0.705062362435803,0.905073394018019,-0.00821100058646673,-0.00821100058646673,1,0.762,0.0397391201196278,0.00856835811160772,0.8185,0,0.405204121229411,0.444943241349039,0.444943241349039,0,1
"Weak quantitative HTE",2000,57,0.609460273195439,1,0,0.000850542390484274,0.0489785892241603,0.00117667589406872,0,0.515277082626054,0.252,0.85921837330288,0.706377800009113,-0.00074591282915204,-0.00074591282915204,1,0.982,0.0402070501500746,0.00851513035479033,0.8455,0,0.407236703485608,0.447443753635682,0.447443753635682,0,1
"Weak quantitative HTE",2000,58,0.52637800337806,0.433586786497099,0,-0.00951906623521219,-0.00553054932963356,-0.032598829318122,0,0.552150025893273,0.246,0.63928210313448,0.871814066639296,-0.0342216362044985,0.00534949968879561,0,0.142,0.0399335065020682,0.00864923417246613,0.825,0,0.406374447203211,0.446307953705279,0.446307953705279,0,1
"Weak quantitative HTE",2000,59,0.586993855862943,0.70385066773794,0,-0.00598138056270833,-0.0082129717056673,-0.000865941802605186,0,0.539504461105298,0.478,0.588894506235254,0.758051687896535,-0.00134850854873086,-0.00134850854873086,1,0.96,0.0397998033717868,0.00865589039638178,0.826,0,0.406921736841963,0.44672154021375,0.44672154021375,0,1
"Weak quantitative HTE",2000,60,0.963744864180586,1,0,0.00327800635128336,0.00409312049232127,0.00817927266601942,0,0.558035513962298,0.214,0.566649496336997,0.858288787690578,-0.000740081609626408,-0.000740081609626408,1,0.978,0.0400419776016636,0.00862549524337977,0.8355,0,0.407726346758757,0.44776832436042,0.44776832436042,0,1
"Weak quantitative HTE",2000,61,0.688046644361448,0.795784207536627,0,0.00111184241484201,0.0672503542648901,-0.0122851358355539,0,0.495410163187635,0.208,0.718088040600176,0.924188923541486,-0.00103812378556994,-0.00103812378556994,1,0.964,0.0398743474503129,0.00851638383324825,0.835,0,0.406455923834763,0.446330271285076,0.446330271285076,0,1
"Weak quantitative HTE",2000,62,0.0992573262112007,0.101977519926713,0,-0.0146957583139757,-0.0219043050004291,-0.0155055613223269,0,0.544842117532971,0.47,0.644067297209699,0.76625979461056,-0.00180606911232073,0.0383173965898555,0,0.954,0.0398617312646825,0.00854354913217046,0.8315,0,0.407162605456822,0.447024336721504,0.447024336721504,0,1
"Weak quantitative HTE",2000,63,0.447813182367953,0.538463740820228,0,-0.0306542950194257,-0.010567249101499,0,0,0.570653787809702,0.284,0.845211827007944,0.672518332740257,0,0,1,1,0.0398316919990498,0.00862090498878713,0.8255,0,0.405951656314822,0.445783348313872,0.445783348313872,0,1
"Weak quantitative HTE",2000,64,0.206210086706898,0.189415986537678,0,0.0142820503568932,0.0419154482632946,0.00214709070838398,0,0.495171522652675,0.528,0.413525498891353,0.764605095113887,-0.0010300310036585,-0.0010300310036585,1,0.974,0.0399989206867231,0.00853986430863607,0.845,0,0.406690147253804,0.446689067940527,0.446689067940527,0,1
"Weak quantitative HTE",2000,65,0.547268526288504,0.792739829618982,0,-0.0171581603608128,-0.0222474504868277,-0.0312618393950709,0,0.581846622544985,0.294,0.873010086280228,0.975837343636592,-0.0115506096852868,-0.0115506096852868,1,0.634,0.0398653362081208,0.00856381880039589,0.831,0,0.407144628398868,0.447009964606989,0.447009964606989,0,1
"Weak quantitative HTE",2000,66,0.0933112801055352,0.0597891499854389,0,-0.00479663297593441,0.0123170098060473,0.000222887032340469,0,0.512577818568063,0.508,0.953151241934058,0.657393605018319,-0.0016449078635718,-0.0016449078635718,1,0.968,0.0401193836727703,0.00855984740201082,0.8395,0,0.407528577510029,0.447647961182799,0.447647961182799,0,1
"Weak quantitative HTE",2000,67,0.239787929092933,0.604389630803878,0,-0.00557324164042807,-0.00310397723410873,-0.00144517811352263,0,0.536985617131598,0.438,0.895888980995365,0.980292918927983,-0.00350739308235554,-0.00350739308235554,1,0.882,0.0399708994646276,0.00862569153957549,0.8275,0,0.406159816839637,0.446130716304264,0.446130716304264,0,1
"Weak quantitative HTE",2000,68,0.99794137026813,1,0,-0.0151517019342275,0.000743840584893119,0,0,0.512768051276955,0.524,0.757154304029304,0.707320437275915,0,0,1,1,0.0398097420020947,0.00868059436547832,0.827,0,0.405304225741749,0.445113967743844,0.445113967743844,0,1
"Weak quantitative HTE",2000,69,0.422364244453233,0.3963032140029,0,-0.0315149034227371,0.0431652601736392,0,0,0.460666059454124,0.576,0.714392100617829,0.759332957615716,0,0,1,1,0.0399991023686386,0.00846180733870288,0.8375,0,0.40576619370518,0.445765296073819,0.445765296073819,0,1
"Weak quantitative HTE",2000,70,0.364905583532726,0.602378367141141,0,0.00189458581085618,0.015686964602211,-0.0043196673102559,0,0.53598489779716,0.194,0.561594202898551,0.886156581655459,-0.000173430587050105,-0.000173430587050105,1,0.996,0.0397598507554255,0.00875038520795962,0.8195,0,0.404817979874762,0.444577830630187,0.444577830630187,0,1
"Weak quantitative HTE",2000,71,0.0107637146393678,0.00816038137177572,1,-0.00375162092706835,5.82118751176826e-05,-0.0188133580403775,0,0.615322448076022,0.04,0.736012807549714,0.907314698765028,-0.013533552873621,-0.013533552873621,1,0.616,0.0399127986557911,0.00863798651477566,0.8325,0,0.406131230043917,0.446044028699709,0.446044028699709,0,1
"Weak quantitative HTE",2000,72,0.779418199594972,1,0,-0.000565824783441856,0.0269533783449375,0.0521244571840985,0,0.504529422372505,0.332,0.659298148659851,0.777997249473527,-0.0166753776274674,0.0237122904371282,0,0.612,0.0403263354002476,0.00866553192782139,0.8395,0,0.409244332236166,0.449570667636413,0.449570667636413,0,1
"Weak quantitative HTE",2000,73,0.849864838215608,1,0,-0.00685132662929638,0.0311191474809068,-0.0103664365328004,0,0.505597757161167,0.524,0.766463360735437,0.743880312801612,-0.000625041583094343,-0.000625041583094343,1,0.986,0.0400062846235225,0.00869171320165775,0.828,0,0.407303111717172,0.447309396340695,0.447309396340695,0,1
"Weak quantitative HTE",2000,74,0.273234901085752,0.201078539180863,0,0.00302885694981557,0.0414182403734399,0.000737948748641692,0,0.496604621945382,0.536,0.489670676874468,0.832703033032915,-0.000301447583084757,-0.000301447583084757,1,0.992,0.0399571556995215,0.00876182226790067,0.8305,0,0.40676473613207,0.446721891831592,0.446721891831592,0,1
"Weak quantitative HTE",2000,75,0.115655746436533,0.317913386015153,0,0.00290521103563591,0.0120546626442339,0.0123735626976118,0,0.589287247674522,0.092,0.536089391994399,0.855222676404488,-0.00978925034737183,-0.00978925034737183,1,0.756,0.0398574125005857,0.00851980885676313,0.843,0,0.406485063386195,0.446342475886781,0.446342475886781,0,1
"Weak quantitative HTE",2000,76,0.587864675202896,0.867484860336533,0,-0.0147512994604863,0.00471389623364279,-0.00814139170638867,0,0.563036295933123,0.118,0.679437173153044,0.740851714118955,-0.0305126542458123,0.00953411704650731,0,0.262,0.0401904241152418,0.00859245033440459,0.845,0,0.407670764588261,0.447861188703503,0.447861188703503,0,1
"Weak quantitative HTE",2000,77,0.223790558004621,0.443649263001223,0,0.00125014759857728,0.0143458573896921,0.000821015040833206,0,0.537719239572745,0.42,0.57328869047619,0.828265599388479,-0.00206704512373096,-0.00206704512373096,1,0.938,0.0400225769304029,0.00857578274254366,0.834,0,0.407496344173262,0.447518921103665,0.447518921103665,0,1
"Weak quantitative HTE",2000,78,0.82877098706026,1,0,0.00198562122973302,0.00931829160577038,0.0024211322449979,0,0.661750114390371,0.028,0.785877322238596,0.707735445052573,-0.00037732240333227,-0.00037732240333227,1,0.99,0.0397711637505471,0.00869294306368433,0.829,0,0.405746574954404,0.445517738704951,0.445517738704951,0,1
"Weak quantitative HTE",2000,79,0.446821856804333,0.571694129176079,0,-0.00849246722426544,0.0363574853239114,-0.0139605826215239,0,0.543495617505964,0.158,0.791253355117283,0.743424881866518,-0.00783272778619526,-0.00783272778619526,1,0.81,0.0400711131613824,0.00870891674893059,0.838,0,0.407266747443763,0.447337860605145,0.447337860605145,0,1
"Weak quantitative HTE",2000,80,0.504410294310003,0.562020576928945,0,0.00527856407675384,0.0500895418837592,0.00240235049291154,0,0.489833686893394,0.458,0.46159922226273,0.780377458588161,-0.00564143944824586,-0.00564143944824586,1,0.832,0.0401812352177866,0.00848668529639289,0.847,0,0.407028468238998,0.447209703456785,0.447209703456785,0,1
"Weak quantitative HTE",2000,81,0.227807758134417,0.248698826980806,0,0.000737797909847747,-0.0231950118657977,0.0141080578395533,0,0.607393630656046,0.018,0.724428997020854,0.780996412193952,-0.023678879442244,-0.023678879442244,1,0.466,0.0399970927754633,0.0086095791935861,0.833,0,0.406453791205126,0.446450883980589,0.446450883980589,0,1
"Weak quantitative HTE",2000,82,0.499498147153099,0.610727223734348,0,-0.00229618162258865,0.0235694573121056,-0.00136199985947882,0,0.512768051276955,0.524,0.528499025341131,0.864095366098428,-0.0385791935255417,0.000641089222297886,0,0.012,0.0397411740343509,0.00855827127866651,0.831,0,0.404660640536834,0.444401814571185,0.444401814571185,0,1
"Weak quantitative HTE",2000,83,0.434277543150854,0.723373533908982,0,0.016797980633193,0.0598507055022337,0,0,0.488178339531229,0.342,0.510369607143801,0.841710326362748,0,0,1,1,0.0400453533865158,0.00870416422677104,0.814,0,0.407086562435903,0.447131915822418,0.447131915822418,0,1
"Weak quantitative HTE",2000,84,0.78893233085467,1,0,-0.0201010743993704,-0.0007374649649375,-0.0387244453391764,0,0.553442153664099,0.216,0.842559331921034,0.734088291207118,-0.0258562937359574,-0.0258562937359574,1,0.43,0.0399594529475704,0.00860790947438549,0.833,0,0.405816779933682,0.445776232881253,0.445776232881253,0,1
"Weak quantitative HTE",2000,85,0.693318381454238,0.710127622720828,0,-0.00547877134928063,-0.00211591743754438,-0.0236160984879472,0,0.539964330112022,0.49,0.738885110456183,0.685842426008904,-0.0163906755403578,-0.0163906755403578,1,0.63,0.03975484417775,0.00872885842095703,0.819,0,0.40565752824032,0.445412372418069,0.445412372418069,0,1
"Weak quantitative HTE",2000,86,0.905116727766324,1,0,0.00307619815016336,0.037745939619311,-0.00404560821896949,0,0.501189725767426,0.518,0.763574629150316,0.76194394221857,-0.00162945882118115,-0.00162945882118115,1,0.966,0.0397866509640891,0.00881717293435551,0.823,0,0.405097456594704,0.444884107558793,0.444884107558793,0,1
"Weak quantitative HTE",2000,87,0.0170796649348957,0.0673226054002215,1,0.0025367085686343,0.0629095992894544,-0.0280898562723615,0,0.526981016979508,0.11,0.630268093556929,0.909786357422114,-0.0123267225278655,-0.0123267225278655,1,0.674,0.040198060229453,0.00860461263172801,0.8395,0,0.407887004606111,0.448085064835564,0.448085064835564,0,1
"Weak quantitative HTE",2000,88,0.448750428118912,0.339778022291552,0,0.0139535425829523,0.0371289297834843,-0.00811605224110046,0,0.529792179860725,0.066,0.743667679837893,0.93986827096208,-0.0052001917089648,-0.0052001917089648,1,0.844,0.0400628393300626,0.00851492074439314,0.8405,0,0.406409875372134,0.446472714702197,0.446472714702197,0,1
"Weak quantitative HTE",2000,89,0.768713831089635,1,0,0.00670195483554939,0.0491116188232213,-0.0104777066128989,0,0.547576004292685,0.034,0.551038816560931,0.851526275029463,-0.00185424369544707,-0.00185424369544707,1,0.96,0.040271731315965,0.00869689780988342,0.836,0,0.40777682557475,0.448048556890715,0.448048556890715,0,1
"Weak quantitative HTE",2000,90,0.800752527640246,1,0,-0.00138087648575501,0.00115426471712295,-0.00392327259068342,0,0.536754122739793,0.498,0.520346840659341,0.829699441529819,-0.000196221640606453,-0.000196221640606453,1,0.996,0.0400116735570595,0.00873176572698953,0.82,0,0.407618093430589,0.447629766987649,0.447629766987649,0,1
"Weak quantitative HTE",2000,91,0.833553248023607,1,0,-0.0153414375880557,0.010884719019898,-0.0503497632578611,0,0.608564175560241,0.046,0.566815476190476,0.894831803420133,-0.0205683518003106,-0.0205683518003106,1,0.474,0.0398714050663693,0.00866121304774963,0.8305,0,0.405725996539272,0.445597401605642,0.445597401605642,0,1
"Weak quantitative HTE",2000,92,0.781572441387426,1,0,-0.0073313791814659,0.0177279950866317,-0.00270793042231909,0,0.528550552996712,0.34,0.526520014003968,0.885466505415336,-0.00750141955205175,-0.00750141955205175,1,0.842,0.0400692545302969,0.00852282202083729,0.836,0,0.406863243757961,0.446932498288258,0.446932498288258,0,1
"Weak quantitative HTE",2000,93,0.340439717866801,0.363370865188457,0,0.0169944920802044,0.0413471733111359,0.0438135333495923,0,0.499149331694834,0.308,0.668255756840311,0.921114850678794,-0.0164000392628097,0.0232056360089383,0,0.588,0.0399625748147376,0.00856293706314716,0.83,0,0.406105748066015,0.446068322880752,0.446068322880752,0,1
"Weak quantitative HTE",2000,94,0.0734054497430881,0.0508401525587028,0,0.0134532096822041,-0.00362748892395058,0.0325732726384953,0,0.550774984371146,0.278,0.789291747888239,0.669632342638945,-0.019435078115436,-0.019435078115436,1,0.558,0.0397220951919408,0.00864742992490199,0.822,0,0.405717962927135,0.445440058119076,0.445440058119076,0,1
"Weak quantitative HTE",2000,95,0.0658791077319347,0.122556549890458,0,0.00335116265953488,0.00896195901740702,0.00276772179584522,0,0.546195734137185,0.248,0.914398559875332,0.982729060534711,-0.0337924176163252,0.0055621351357647,0,0.112,0.0396570497956538,0.00853518630962626,0.8235,0,0.404917247849037,0.444574297644691,0.444574297644691,0,1
"Weak quantitative HTE",2000,96,0.465850421699379,0.956990656631088,0,-0.0337927054075404,-0.0285965900906568,-0.0396789591581705,0,0.566187992100166,0.396,0.856188235294117,0.95343903002904,-0.0053567191677904,-0.0053567191677904,1,0.836,0.0401255319292669,0.00858542655512427,0.8405,0,0.407412212512496,0.447537744441763,0.447537744441763,0,1
"Weak quantitative HTE",2000,97,0.548090968697084,0.624687837499458,0,0.00831775552203734,0.00104703888982625,0.00167645359631902,0,0.545635904020137,0.382,0.524143497258634,0.836928431575191,-0.0392564105134821,0.000502915513813096,0,0.01,0.0398034971749307,0.00861852805542945,0.821,0,0.406110780700181,0.445914277875112,0.445914277875112,0,1
"Weak quantitative HTE",2000,98,0.0817199234965306,0.117947691219544,0,0.000256675891156502,0.0137824506369117,0.0114423611592048,0,0.665462680381951,0.022,0.762787391672818,0.94501432324098,-0.0194731025548854,-0.0194731025548854,1,0.456,0.0400799957751647,0.00865399658010848,0.829,0,0.40759719444819,0.447677190223355,0.447677190223355,0,1
"Weak quantitative HTE",2000,99,0.118223006992864,0.107112077010488,0,0.0213761144098686,0.0491121735031373,0.0143502825693594,0,0.498787148558761,0.108,0.793168766348958,0.934196131465318,-0.0150578339518894,-0.0150578339518894,1,0.59,0.0402092390319498,0.0087028413949371,0.832,0,0.406823534039158,0.447032773071108,0.447032773071108,0,1
"Weak quantitative HTE",2000,100,0.098090344858215,0.0916121782780414,0,0.0261149276086226,0.0263467979670225,0.00877935837931543,0,0.539426657646271,0.382,0.908415767160769,0.982306169507864,-0.0372614397468692,0.00262668341386268,0,0.05,0.0401486997116019,0.00856800512230324,0.8405,0,0.407057246506137,0.447205946217739,0.447205946217739,0,1
"Weak quantitative HTE",2000,101,0.143654940476074,0.158802676165684,0,0.00512978239140123,0.00845354584273653,-0.0216295165829968,0,0.543270433017124,0.288,0.8837250308572,0.971383157510753,-0.0204665017586104,0.0187886218769837,0,0.41,0.0398815475870365,0.00843968422087709,0.835,0,0.406295568263335,0.446177115850371,0.446177115850371,0,1
"Weak quantitative HTE",2000,102,0.272679420670311,0.232509721474929,0,-0.00657087075439216,0.043531357708558,-0.076672431113467,0,0.506047670101833,0.084,0.515924375079305,0.862794663714954,-0.0342935572116594,-0.0342935572116594,1,0.142,0.0399303997470463,0.00862823879964942,0.8265,0,0.407032612475773,0.446963012222819,0.446963012222819,0,1
"Weak quantitative HTE",2000,103,0.710100679396327,1,0,0.00956306228086467,0.0604472130170594,-0.0191296422707676,0,0.493382063799342,0.184,0.643577235772358,0.801338672544038,-0.0155672291469611,-0.0155672291469611,1,0.63,0.0401800148107627,0.00863179655636911,0.836,0,0.408403059766878,0.44858307457764,0.44858307457764,0,1
"Weak quantitative HTE",2000,104,0.307564356382241,0.327487780232025,0,-0.00949103512809047,0.0260145434334844,-0.00462614722677585,0,0.522472662831329,0.326,0.730454441391941,0.936753422929467,-0.00114313143436084,-0.00114313143436084,1,0.974,0.0399692347406819,0.00876336427566153,0.822,0,0.405180550213314,0.445149784953996,0.445149784953996,0,1
"Weak quantitative HTE",2000,105,0.11658671044982,0.0888539302373816,0,0.00218868457400694,0.0368828672422661,0.00736616309975158,0,0.494877924566287,0.522,0.875994423029607,0.945958711630087,-0.00080440875871518,-0.00080440875871518,1,0.97,0.0402404102290702,0.00867595060873132,0.8355,0,0.407006808492676,0.447247218721746,0.447247218721746,0,1
"Weak quantitative HTE",2000,106,0.820191496170571,1,0,0.00670511678134205,0.0354432878264844,-0.0168579381033134,0,0.517725343992079,0.5,0.544934640522876,0.88956264083311,-0.0018231937497184,-0.0018231937497184,1,0.962,0.0401975052399842,0.00857767905078512,0.848,0,0.407140814980184,0.447338320220168,0.447338320220168,0,1
"Weak quantitative HTE",2000,107,0.96714638048766,1,0,0.00264985922484278,0.0355872008576328,0.00240838289155104,0,0.620623773861551,0.036,0.842545956177216,0.968321243576812,-0.0106283757592446,-0.0106283757592446,1,0.73,0.0401047646349924,0.0085902665272194,0.8435,0,0.40728073034339,0.447385494978382,0.447385494978382,0,1
"Weak quantitative HTE",2000,108,0.582290569624603,0.825998486199184,0,0.00417808881676285,0.0305604081930045,-0.00898922081718845,0,0.512718876979613,0.442,0.626896795098008,0.924911223513263,-0.00551358200849533,-0.00551358200849533,1,0.838,0.039983208807967,0.00858132754402077,0.838,0,0.407137714603306,0.447120923411273,0.447120923411273,0,1
"Weak quantitative HTE",2000,109,0.983899483622411,1,0,0.00858345569545989,-0.0112050975826009,-0.00168721816572959,0,0.636590839645062,0.06,0.633638661807676,0.834269039093166,-0.000263571934471074,-0.000263571934471074,1,0.994,0.0400337543986566,0.00857110645227549,0.8415,0,0.407210516120772,0.447244270519428,0.447244270519428,0,1
"Weak quantitative HTE",2000,110,0.79049476829705,1,0,-0.002573714579973,0.00149281384193185,0.00163995977206943,0,0.509469339101796,0.458,0.746577366295676,0.761843891838474,-0.00248173606345081,-0.00248173606345081,1,0.934,0.0400906528172998,0.00851167554374463,0.83,0,0.406607179551884,0.446697832369184,0.446697832369184,0,1
"Weak quantitative HTE",2000,111,0.487000086826835,0.517876799790944,0,0.00342355276150541,0.0319441496078745,-0.028084251654148,0,0.54744869695582,0.068,0.668693009118541,0.800172631287935,-0.0298665892414075,-0.0298665892414075,1,0.294,0.0397651765247414,0.00860115763756943,0.8245,0,0.406360727362454,0.446125903887195,0.446125903887195,0,1
"Weak quantitative HTE",2000,112,0.340490355814381,0.784850401909284,0,0.00942330779703652,0.0707003195761062,0,0,0.459400791872744,0.472,0.577652144995012,0.813133583616045,0,0,1,1,0.0399250313772776,0.00862186116603463,0.8265,0,0.405998212846887,0.445923244224165,0.445923244224165,0,1
"Weak quantitative HTE",2000,113,0.265510039238713,0.484303431954358,0,-0.0281263157192587,0.031866644541961,0.00368087078873347,0,0.474200402968001,0.556,0.603942157133647,0.825708223318753,-0.000621572526135372,-0.000621572526135372,1,0.988,0.0401149247668007,0.0085827608477831,0.839,0,0.406552389035729,0.446667313802529,0.446667313802529,0,1
"Weak quantitative HTE",2000,114,0.0343559639165277,0.0172713532941963,1,-0.00282772912819457,0.033798843604747,-0.00513299115674964,0,0.495432417967032,0.446,0.661115340692805,0.834112086866155,-0.00764502762159347,-0.00764502762159347,1,0.818,0.0404846544001307,0.00866717666345014,0.8355,0,0.408528382926063,0.449013037326194,0.449013037326194,0,1
"Weak quantitative HTE",2000,115,0.747121425562626,1,0,0.00191687821325487,0.0395289265404763,0.0446740955208335,0,0.488087608335025,0.452,0.540600176522506,0.869454292569155,-0.0202288019787808,0.0200116884898024,0,0.48,0.0400672757098408,0.00871908608889692,0.8295,0,0.407312453050051,0.447379728759892,0.447379728759892,0,1
"Weak quantitative HTE",2000,116,0.771359427957374,1,0,0.00485376897510468,0.0575508656942634,-0.00258987123207738,0,0.485699614868051,0.55,0.564803096851038,0.807512480962373,-9.43256564014949e-05,-9.43256564014949e-05,1,0.998,0.0398819194528314,0.00872548331291382,0.8155,0,0.405725645293693,0.445607564746525,0.445607564746525,0,1
"Weak quantitative HTE",2000,117,0.280110692553958,0.22797954520417,0,-0.00469225917828458,0.0537511840408719,-0.0131747992516685,0,0.513430219854454,0.258,0.568590785907859,0.866880576967962,-0.000548988028693409,-0.000548988028693409,1,0.982,0.0398520455073442,0.00861183737477326,0.829,0,0.406839299124476,0.44669134463182,0.44669134463182,0,1
"Weak quantitative HTE",2000,118,0.548988198897857,1,0,-0.00732026397067687,0.0250724077714375,0.0184659117438838,0,0.552043608581881,0.04,0.531468087806116,0.817863866683042,-0.03835003439541,0.00211063803447775,0,0.052,0.0400378645631175,0.00860577271984579,0.835,0,0.406255780205563,0.44629364476868,0.44629364476868,0,1
"Weak quantitative HTE",2000,119,0.449080500628743,0.602249993370935,0,-0.0169396038165416,0.010762075507789,0.00588520691331235,0,0.694342877015301,0.042,0.495846917080085,0.866772091314007,-0.00707831155510497,-0.00707831155510497,1,0.83,0.0402621771546236,0.00869233941305259,0.831,0,0.407719592404248,0.447981769558871,0.447981769558871,0,1
"Weak quantitative HTE",2000,120,0.686700137393474,1,0,-0.0111466780909113,0.013054575001151,0.00630732788344307,0,0.552043608581881,0.04,0.729345238095238,0.941504076691712,-0.0154424523814383,0.0241772386549605,0,0.586,0.0397754557356163,0.00867992680751975,0.824,0,0.406183822976852,0.445959278712468,0.445959278712468,0,1
"Weak quantitative HTE",2000,121,0.617066512206045,0.88890829858842,0,-0.00807501257804203,0.0197109159521233,-0.0388301517006579,0,0.538800477417295,0.19,0.686310472353348,0.914240999418484,-0.0179022906855744,-0.0179022906855744,1,0.54,0.0402655581596388,0.00862477091760731,0.8355,0,0.408042588972946,0.448308147132585,0.448308147132585,0,1
"Weak quantitative HTE",2000,122,0.155481925057779,0.245287218712508,0,-0.01760586599358,-0.0161202188121599,-0.0249692644262613,0,0.71412660253598,0.026,0.705428067078552,0.791086768494144,-0.0115772397721491,-0.0115772397721491,1,0.734,0.0400748641398416,0.00868835423016416,0.8235,0,0.407161508968794,0.447236373108636,0.447236373108636,0,1
"Weak quantitative HTE",2000,123,0.396208098570854,0.381255506057677,0,-0.00665692587789122,0.00203270766952456,-0.012543349452234,0,0.53422833772862,0.486,0.685067750677507,0.734878541866496,-0.0285516066705125,-0.0285516066705125,1,0.322,0.0399615953532326,0.00867166971850936,0.829,0,0.408153621764452,0.448115217117685,0.448115217117685,0,1
"Weak quantitative HTE",2000,124,0.595112999445394,1,0,0.00564064721911191,0.0182253087988426,0.00486997701962449,0,0.514588359874603,0.5,0.626118925831202,0.889758651904806,-0.00145673915593797,-0.00145673915593797,1,0.956,0.0397090447729137,0.00873705009568911,0.818,0,0.405000824596265,0.444709869369178,0.444709869369178,0,1
"Weak quantitative HTE",2000,125,0.346462268224845,0.391419463585336,0,-0.0142501867320188,0.015486502732548,-0.001870138823165,0,0.511647282532173,0.516,0.617942341346597,0.819673360641493,-0.000873957446336837,-0.000873957446336837,1,0.982,0.0399130559913894,0.00851786881424115,0.8395,0,0.406518931804262,0.446431987795651,0.446431987795651,0,1
"Weak quantitative HTE",2000,126,0.960987659814311,1,0,-0.00852865762739063,-0.000328647779088612,-0.00144987167563315,0,0.529315564392566,0.48,0.609960322091259,0.801470331163003,-0.00287109672270414,-0.00287109672270414,1,0.944,0.0399030928220479,0.00862015322697381,0.8335,0,0.405735653555395,0.445638746377443,0.445638746377443,0,1
"Weak quantitative HTE",2000,127,0.335024383076173,0.295303864658152,0,0.0217340017236798,0.0553172818474572,0.054982275600549,0,0.49101995028194,0.258,0.882438776804974,0.700155106999947,-0.0216525785247165,0.0189783997226136,0,0.47,0.0403297852762707,0.00843970633861339,0.853,0,0.407668302094777,0.447998087371047,0.447998087371047,0,1
"Weak quantitative HTE",2000,128,0.840907176207445,1,0,-0.00644460351403692,0.0302677585417433,-0.0788338965329335,0,0.49677928218056,0.54,0.528153451781137,0.877955847770406,-0.0392223237116551,-0.0392223237116551,1,0.014,0.0401330517478249,0.00865030650847437,0.837,0,0.407964491391036,0.448097543138861,0.448097543138861,0,1
"Weak quantitative HTE",2000,129,0.76281896899438,1,0,0.0287885652039937,0.00137553635914507,0.00656004259690252,0,0.551521790816566,0.384,0.529166666666667,0.880058064654598,-0.0386505889144153,0.00121504545117268,0,0.032,0.0399580562618708,0.00859193470276038,0.837,0,0.407810035156578,0.447768091418449,0.447768091418449,0,1
"Weak quantitative HTE",2000,130,0.13995727244261,0.154129500571367,0,0.00320248216212515,0.035104632744822,0.00793000800006072,0,0.512379141603948,0.424,0.858151476251605,0.967935052116472,-0.00484264910742993,-0.00484264910742993,1,0.838,0.0398108855465451,0.00865834712357312,0.821,0,0.40463734842886,0.444448233975405,0.444448233975405,0,1
"Weak quantitative HTE",2000,131,0.224745546834276,0.249080343074601,0,0.00634862516545173,0.0494017260091286,-0.0452752432221755,0,0.554848438115582,0.076,0.747150004100714,0.941722189714641,-0.0178222567561306,-0.0178222567561306,1,0.47,0.0399338858589639,0.00858692584064121,0.8265,0,0.406679162782416,0.44661304864138,0.44661304864138,0,1
"Weak quantitative HTE",2000,132,0.996215304650972,1,0,0.00110504315544692,-0.0171599233386283,-0.0180102238839145,0,0.563935655095179,0.458,0.627583274273565,0.748333880028802,-0.00134957985158329,-0.00134957985158329,1,0.968,0.0398494367862155,0.00858681526711495,0.823,0,0.406017548833199,0.445866985619414,0.445866985619414,0,1
"Weak quantitative HTE",2000,133,0.869087751289239,1,0,-0.0110685255418427,0.0414111518349388,0.0111424156622245,0,0.827225284450981,0.01,0.70801463252411,0.741937756947278,-0.0300675377478192,0.00909289834237303,0,0.272,0.0395783106362381,0.00850904006835892,0.8315,0,0.405046114705556,0.444624425341794,0.444624425341794,0,1
"Weak quantitative HTE",2000,134,0.154812959812286,0.234542848536047,0,0.0201274563892216,0.0128501495024453,0.029108462962641,0,0.548605844913785,0.488,0.570676267497783,0.853453269963341,-0.0368084821025464,0.00275667621052622,0,0.078,0.0400037337281306,0.008691539431487,0.8275,0,0.406657246327915,0.446660980056045,0.446660980056045,0,1
"Weak quantitative HTE",2000,135,0.0834612535607173,0.108086943915496,0,0.0235936273140644,0.086210724020276,-0.000380435785586108,0,0.471156055729867,0.536,0.90074687828218,0.669329712912186,-0.00103281687994916,-0.00103281687994916,1,0.976,0.039896237042112,0.00866789250777903,0.824,0,0.407074761304615,0.446970998346727,0.446970998346727,0,1
"Weak quantitative HTE",2000,136,0.744880164761214,1,0,-0.0191431591488453,-0.0609421399988617,-0.053249290852757,0,0.690671571535414,0.084,0.546415879344717,0.888295898000971,-0.0302891518019899,0.00999474797677885,0,0.226,0.040044628827774,0.00856774157585294,0.8355,0,0.407239409384881,0.447284038212655,0.447284038212655,0,1
"Weak quantitative HTE",2000,137,0.958685045323169,1,0,0.00199982737120653,-0.00449772149003071,-0.00125909834836008,0,0.542052943204016,0.424,0.444656323134264,0.800846219728402,-0.000802337358592198,-0.000802337358592198,1,0.982,0.039829448624556,0.00849436417855024,0.8335,0,0.40660199692,0.446431445544556,0.446431445544556,0,1
"Weak quantitative HTE",2000,138,0.722885093981284,1,0,-0.00636256839822728,0.00120160950384014,-0.0218933503445666,0,0.547427097169818,0.298,0.59557760453579,0.770017062476922,-0.0160172126212997,-0.0160172126212997,1,0.596,0.0401996844290282,0.00859855666734963,0.842,0,0.407553788344141,0.44775347277317,0.44775347277317,0,1
"Weak quantitative HTE",2000,139,0.683393372024426,1,0,-0.00431850194542255,0.00733888756496205,-0.0020290967489951,0,0.535487220859354,0.418,0.548654015887025,0.866847952974553,-9.91704982016839e-05,-9.91704982016839e-05,1,0.998,0.0398889168576946,0.0086229264150582,0.832,0,0.405960698480288,0.445849615337982,0.445849615337982,0,1
"Weak quantitative HTE",2000,140,0.233311295797174,0.36450755261273,0,0.00329699286322899,0.0430763968113558,-0.0293967850781656,0,0.527334537991139,0.082,0.636655385692613,0.904453369960335,-0.0226995251234366,-0.0226995251234366,1,0.444,0.0399616381758633,0.00858219486106551,0.8375,0,0.406991656844655,0.446953295020518,0.446953295020518,0,1
"Weak quantitative HTE",2000,141,0.000570373515368825,0.000201715574094559,1,0.014232476340983,0.0361804272566249,0.00156059429270994,0,0.546442884248975,0.06,0.70399139177511,0.946696560743197,-6.78444854849691e-05,-6.78444854849691e-05,1,0.998,0.040214726852775,0.00861626412880241,0.8405,0,0.407598273599722,0.447813000452497,0.447813000452497,0,1
"Weak quantitative HTE",2000,142,0.348407561246822,0.384068220342164,0,-0.0185666459402031,0.0110912557824943,0.00135713627494033,0,0.506730006219439,0.528,0.67768117801803,0.923494647976899,-5.51479176102432e-05,-5.51479176102432e-05,1,0.998,0.0397633998111026,0.0085640852341659,0.838,0,0.405689930646081,0.445453330457184,0.445453330457184,0,1
"Weak quantitative HTE",2000,143,0.529845849252199,0.668036546824739,0,-0.0167170402297775,0.0267705393487975,-0.00211528789228227,0,0.49974272736606,0.536,0.638785357256364,0.766278418802786,-9.01029181440971e-05,-9.01029181440971e-05,1,0.998,0.0402005957835664,0.00851205350786081,0.842,0,0.407565158606034,0.4477657543896,0.4477657543896,0,1
"Weak quantitative HTE",2000,144,0.738461603367525,1,0,-0.00466198299979927,-0.00485026842318253,-0.00344082194935563,0,0.561089558191855,0.208,0.736377935063476,0.719961536403732,-0.0236333093961943,-0.0236333093961943,1,0.42,0.0396748784166604,0.00870702033910105,0.82,0,0.404918594783082,0.444593473199742,0.444593473199742,0,1
"Weak quantitative HTE",2000,145,0.361376579723316,0.525427505565394,0,0.0140438008112872,0.0320007243724008,0.00752093079868205,0,0.699348758988233,0.018,0.651180260610788,0.894884808188884,-0.00495582086439195,-0.00495582086439195,1,0.862,0.0399123507052953,0.00861743895069917,0.8325,0,0.405748531176053,0.445660881881349,0.445660881881349,0,1
"Weak quantitative HTE",2000,146,0.213378898853552,0.352009519991922,0,0.0202806126526469,0.0674261192892758,0.00904024987077245,0,0.485299409537176,0.528,0.527357269292753,0.800684369185418,-0.00137161371785377,-0.00137161371785377,1,0.956,0.040067945453511,0.00874616246574067,0.8285,0,0.407016284325644,0.447084229779155,0.447084229779155,0,1
"Weak quantitative HTE",2000,147,0.866692935809623,1,0,0.00892045354445372,0.0406270563096853,0,0,0.500492480383203,0.528,0.671341480084201,0.741481285649292,0,0,1,1,0.0397316747839286,0.00858331290052951,0.822,0,0.40474306482131,0.444474739605238,0.444474739605238,0,1
"Weak quantitative HTE",2000,148,0.139240432379648,0.206860712299066,0,0.00646565638745422,0.000873613732279524,0.0162654526189753,0,0.545008178571589,0.054,0.641332434557915,0.913853172571678,-0.0147793289402671,-0.0147793289402671,1,0.61,0.0397275800945469,0.00852549969713186,0.8225,0,0.404323152417233,0.44405073251178,0.44405073251178,0,1
"Weak quantitative HTE",2000,149,0.508968065703908,0.456824750863085,0,-0.00976251782546005,-0.0400255474421832,-0.0106643347713304,0,0.59391310750955,0.364,0.726902855935114,0.928414574196374,-0.0061934968713156,-0.0061934968713156,1,0.82,0.0401611746575737,0.00860570702375773,0.8335,0,0.408019962900946,0.44818113755852,0.44818113755852,0,1
"Weak quantitative HTE",2000,150,0.276219233615445,0.496008715072969,0,0.0201721547012306,0.0480799498664043,-0.00676407764884901,0,0.5529665388021,0.042,0.583631498241078,0.881492352920915,-0.00163350612156993,-0.00163350612156993,1,0.954,0.0399250571571733,0.00862255159223556,0.822,0,0.406608348759485,0.446533405916658,0.446533405916658,0,1
"Weak quantitative HTE",2000,151,0.44664065990141,0.445730395549796,0,-0.0139350253039224,0.0432523755337317,-0.00378925285742276,0,0.48320238747142,0.53,0.728373983739838,0.747037014226351,-0.0342217384333992,0.0057292086457682,0,0.14,0.0399658925091627,0.0086725351969798,0.827,0,0.40679800292923,0.446763895438393,0.446763895438393,0,1
"Weak quantitative HTE",2000,152,0.581391965339938,0.50224344156404,0,-0.00207419645893031,0.0135692916062635,0.0016781400325559,0,0.522811613450017,0.506,0.916616104706596,0.980947658249409,-0.000434417032142753,-0.000434417032142753,1,0.984,0.0399745399938396,0.00859593467128184,0.8395,0,0.405947283500567,0.445921823494407,0.445921823494407,0,1
"Weak quantitative HTE",2000,153,0.626612809408564,0.774221829655422,0,-0.00190749603741228,0.00795439532250543,0.0024090225288787,0,0.520957721823527,0.466,0.588226877289378,0.828540419157338,-0.000700970160550318,-0.000700970160550318,1,0.986,0.040284492384356,0.00851866145455246,0.8395,0,0.407955155524459,0.448239647908815,0.448239647908815,0,1
"Weak quantitative HTE",2000,154,0.0289316511188047,0.169991514043323,1,-0.00338323029353117,0.0184237953914014,-0.0286651935433912,0,0.606568504518066,0.048,0.923367412729115,0.984190928431384,-0.00705902359158134,-0.00705902359158134,1,0.766,0.0400671646294209,0.00866381005372017,0.8405,0,0.407855521186495,0.447922685815916,0.447922685815916,0,1
"Weak quantitative HTE",2000,155,0.742075934831518,1,0,-0.0120838844434623,0.0255990261413978,-0.00114630026874046,0,0.502524546071759,0.526,0.556173463655769,0.823734390430086,-0.000220433146864485,-0.000220433146864485,1,0.994,0.0400255155319367,0.00869035029091084,0.8385,0,0.40653510383399,0.446560619365927,0.446560619365927,0,1
"Weak quantitative HTE",2000,156,0.732144820939292,1,0,-0.00308852313861256,0.0149751442413132,0.0310476244878026,0,0.53311609053453,0.336,0.917859681185907,0.620923377170504,-0.031577500669313,0.00767489333189236,0,0.222,0.0397828721748175,0.00856443712193042,0.8305,0,0.406107509180125,0.445890381354943,0.445890381354943,0,1
"Weak quantitative HTE",2000,157,0.738538446419001,1,0,-0.0090111486823855,0.0225698704092361,-0.00106779626171782,0,0.507668059693603,0.524,0.799241192411924,0.951745361851316,-0.000264705622875339,-0.000264705622875339,1,0.99,0.0401461585972743,0.0087339250155468,0.834,0,0.407397232149091,0.447543390746365,0.447543390746365,0,1
"Weak quantitative HTE",2000,158,0.972421169091222,1,0,-0.00481483846269641,0.0307412864850351,0,0,0.503385958250923,0.52,0.786029075091575,0.70527304982706,0,0,1,1,0.0401492623505869,0.00862789037068802,0.835,0,0.407810457195132,0.447959719545719,0.447959719545719,0,1
"Weak quantitative HTE",2000,159,0.361916021134251,0.308765905070865,0,0.00590033032978707,0.0350705487268937,0.0529431966459506,0,0.506018078514649,0.5,0.601449275362319,0.894062320015833,-0.00524284783458501,0.0345730857677499,0,0.86,0.0398751832617726,0.00862684064799335,0.8325,0,0.406712202522112,0.446587385783885,0.446587385783885,0,1
"Weak quantitative HTE",2000,160,0.201264656435593,0.30683240863201,0,0.00927286953080833,0.028287777740544,0.0106388904320055,0,0.538700449590209,0.066,0.653341929937674,0.753709122156348,-0.00598259248730554,-0.00598259248730554,1,0.848,0.039744592528037,0.00849809113941992,0.83,0,0.405397808256088,0.445142400784125,0.445142400784125,0,1
"Weak quantitative HTE",2000,161,0.568335914193937,1,0,-0.0148688627394337,-0.00541911177518648,-0.0478098069734514,0,0.596579845178156,0.06,0.59848546980508,0.800231071294991,-0.00575591129249892,-0.00575591129249892,1,0.842,0.0401687327925705,0.00866935096612189,0.831,0,0.407938925256309,0.44810765804888,0.44810765804888,0,1
"Weak quantitative HTE",2000,162,0.723178970398585,0.793878191680956,0,0.00356802628239411,0.0213700737192961,-0.00552212295469762,0,0.633970298219014,0.028,0.572748764238126,0.85362608206322,-0.000238226213310044,-0.000238226213310044,1,0.994,0.0401549488411898,0.00859764680852125,0.842,0,0.407147200473367,0.447302149314557,0.447302149314557,0,1
"Weak quantitative HTE",2000,163,0.74744690395293,1,0,-0.0230310298811228,-0.0310223995604616,0.00068715045610146,0,0.556887877267138,0.402,0.698059752747252,0.925443903806163,-0.00674671654784187,-0.00674671654784187,1,0.832,0.0395823440476644,0.00869993290280296,0.8125,0,0.405024090141613,0.444606434189277,0.444606434189277,0,1
"Weak quantitative HTE",2000,164,0.371041353239548,0.383009161586105,0,0.00879469074610444,-0.012483273709536,0.0156190949883722,0,0.548148284118091,0.464,0.863088440553229,0.976108457589677,-0.00215375695828424,-0.00215375695828424,1,0.948,0.0399173482770648,0.00848058191206453,0.8365,0,0.40663099064021,0.446548338917275,0.446548338917275,0,1
"Weak quantitative HTE",2000,165,0.488064402801642,0.415986770509437,0,-0.00478040511054479,0.0272334933500932,-0.0502585828049321,0,0.536350925530583,0.182,0.607236512566664,0.890571218366693,-0.0272134491604419,-0.0272134491604419,1,0.346,0.0398819928154634,0.00852174486559509,0.833,0,0.406083984699162,0.445965977514625,0.445965977514625,0,1
"Weak quantitative HTE",2000,166,0.190991062500443,0.285945092570988,0,0.0122335498094335,0.0431919141419381,-0.00678678711551645,0,0.513410652346187,0.35,0.566763965201465,0.788269541442624,-0.0102285544937001,-0.0102285544937001,1,0.714,0.0400003045505354,0.00869790787060589,0.8285,0,0.406490253870747,0.446490558421283,0.446490558421283,0,1
"Weak quantitative HTE",2000,167,0.00801172428637805,0.00567393969123141,1,-0.00861637201166324,0.0287317776333163,-0.0426048155894897,0,0.52954398238614,0.138,0.696685700099305,0.939170567198454,-0.0176548701909882,-0.0176548701909882,1,0.504,0.0400989281769837,0.00851071331343457,0.8465,0,0.407062381123655,0.447161309300639,0.447161309300639,0,1
"Weak quantitative HTE",2000,168,0.34864466214486,0.32527721155685,0,0.00424796242291012,0.0739127540330748,-0.00179241882821213,0,0.472727047664396,0.47,0.788174139051332,0.666536259951618,-0.00146213001160533,-0.00146213001160533,1,0.96,0.0397374940346867,0.00855953923073939,0.8235,0,0.404513655965043,0.44425114999973,0.44425114999973,0,1
"Weak quantitative HTE",2000,169,0.886312075711075,1,0,0.0134701499066313,0.0259831072517566,-0.00133056739256771,0,0.516290719077626,0.158,0.515821992151624,0.813352187446197,-0.0289601444761902,-0.0289601444761902,1,0.286,0.0397977970569,0.00864992329050536,0.8265,0,0.406519722856723,0.446317519913623,0.446317519913623,0,1
"Weak quantitative HTE",2000,170,0.492378371260626,0.423460921423908,0,0.0158451329003909,0.0159531822867527,-0.00817122445260149,0,0.555343875491485,0.394,0.549644715137673,0.866274584083782,-0.00774704330578563,-0.00774704330578563,1,0.812,0.0401521659978999,0.00861085328125431,0.8365,0,0.407043939369277,0.447196105367176,0.447196105367176,0,1
"Weak quantitative HTE",2000,171,0.936282668047397,1,0,-0.00620247394240268,0.0126345016394391,-0.00354833413039796,0,0.518758061453312,0.484,0.674946072833396,0.757663258963367,-0.0026906406611823,-0.0026906406611823,1,0.932,0.0402867306992868,0.00858902928293266,0.8345,0,0.40823842840363,0.448525159102916,0.448525159102916,0,1
"Weak quantitative HTE",2000,172,0.117578311427657,0.216135033117606,0,-0.0182860043141775,-0.001031115994473,-0.00388587787044414,0,0.555483666079782,0.352,0.583787180561374,0.88330020828331,-0.000382607025250281,-0.000382607025250281,1,0.988,0.0400050170914593,0.00860235429209273,0.839,0,0.406336427148695,0.446341444240154,0.446341444240154,0,1
"Weak quantitative HTE",2000,173,0.225588440706576,0.151351368792486,0,0.0121757033141878,0.0664197245227552,-0.0182661678557999,0,0.469551257185077,0.36,0.539562020460358,0.815933518999264,-0.00102972557339409,-0.00102972557339409,1,0.978,0.0401133002583367,0.00861736675070781,0.8325,0,0.405921853662797,0.446035153921134,0.446035153921134,0,1
"Weak quantitative HTE",2000,174,0.910807169493056,1,0,-0.00712735934988244,-0.00785010743363285,0.0102375304101897,0,0.541140320694318,0.464,0.615052352442659,0.861295095387923,-0.00205048175231709,-0.00205048175231709,1,0.934,0.0401278285903519,0.00873312367723025,0.8315,0,0.408442692806366,0.448570521396718,0.448570521396718,0,1
"Weak quantitative HTE",2000,175,0.83891568035685,1,0,-0.0293026850602229,-0.00548039875529142,-0.00585369134935898,0,0.517752935371276,0.516,0.85011206287802,0.69369856468556,-0.00030015425447949,-0.00030015425447949,1,0.994,0.0399983328199065,0.00855515329308483,0.835,0,0.407326112945669,0.447324445765575,0.447324445765575,0,1
"Weak quantitative HTE",2000,176,0.732792544397511,1,0,0.00913925711331002,0.0303750274398731,0.000586988874841432,0,0.513660161249215,0.512,0.629251489572989,0.908831189116499,-0.000336148974021622,-0.000336148974021622,1,0.988,0.0403548593743128,0.00866976395570124,0.837,0,0.408426955700604,0.448781815074917,0.448781815074917,0,1
"Weak quantitative HTE",2000,177,0.00586986178429281,0.00254971939355335,1,0.0145920485315038,0.0344443604701462,-0.00337218111209353,0,0.483507740987486,0.294,0.57703798548869,0.896988232528133,-0.00898769591790505,-0.00898769591790505,1,0.766,0.0401878117538137,0.0085986869260769,0.8425,0,0.407704397644724,0.447892209398538,0.447892209398538,0,1
"Weak quantitative HTE",2000,178,0.415637423730439,0.599284212680032,0,0.00411393329012241,0.0337767216802017,0.0207029604464492,0,0.514747674268126,0.104,0.569900332225914,0.856530510697374,-0.0327842692969237,0.00744033174282765,0,0.182,0.0401256223525903,0.00849646530576893,0.8385,0,0.407437105850627,0.447562728203217,0.447562728203217,0,1
"Weak quantitative HTE",2000,179,0.965583400372987,1,0,-0.00156564417574478,-0.0233057112468021,-0.00379416860443343,0,0.566710349234905,0.176,0.698878499052888,0.922667396489097,-0.00764996294528952,-0.00764996294528952,1,0.786,0.0398486661584731,0.00856277377137677,0.833,0,0.40695430723272,0.446802973391193,0.446802973391193,0,1
"Weak quantitative HTE",2000,180,0.103888817392749,0.0695462017026137,0,0.00876831485186626,0.0191890838386374,0,0,0.537190001319684,0.148,0.816186177888305,0.730176899917744,0,0,1,1,0.0397099794176805,0.00848147448115973,0.822,0,0.404804715624628,0.444514695042308,0.444514695042308,0,1
"Weak quantitative HTE",2000,181,0.966310352324861,1,0,0.000734759692475639,0.0348249013463237,-0.0397940411558762,0,0.524000169928211,0.346,0.696219688264239,0.932627944750032,-0.0119367531943541,-0.0119367531943541,1,0.664,0.0399064996599904,0.00864833003708252,0.83,0,0.405626143023823,0.445532642683813,0.445532642683813,0,1
"Weak quantitative HTE",2000,182,0.96172038406445,1,0,0.00047449659249465,0.0184608343094866,-0.000951031773131328,0,0.519798507553424,0.498,0.709675639894087,0.929304562305531,-0.0020304370487863,-0.0020304370487863,1,0.962,0.0399852664081254,0.00866389670733157,0.8245,0,0.407314886245474,0.447300152653599,0.447300152653599,0,1
"Weak quantitative HTE",2000,183,0.674625163019469,0.717382216949708,0,0.0102655342082853,-0.00397406691987468,-0.00654240443168952,0,0.551049816822955,0.45,0.918412445858747,0.976048176360831,-0.00200908171553726,-0.00200908171553726,1,0.934,0.0399870528261824,0.00846883780618292,0.8375,0,0.406101372324091,0.446088425150273,0.446088425150273,0,1
"Weak quantitative HTE",2000,184,0.00568509344375623,0.00581638111424959,1,-0.00432981165546927,0.0226281389479142,-0.0226484848676366,0,0.528004091723804,0.252,0.879536702065585,0.975599030058758,-0.0110840721844065,-0.0110840721844065,1,0.66,0.0399822756688531,0.00870213445571011,0.825,0,0.407498825629886,0.447481101298739,0.447481101298739,0,1
"Weak quantitative HTE",2000,185,0.90287907525639,1,0,0.0129845448540837,0.0353241120974863,0,0,0.520748364361228,0.516,0.659418851878101,0.917320537501885,0,0,1,1,0.0398029511783099,0.00858433208243796,0.83,0,0.40647264633065,0.44627559750896,0.44627559750896,0,1
"Weak quantitative HTE",2000,186,0.341518234697842,0.677687928272338,0,0.010454680367417,0.00292074119957194,-0.00269568486023908,0,0.545680939502924,0.49,0.702614739629303,0.915668011448409,-6.92588917370895e-05,-6.92588917370895e-05,1,0.998,0.0400597836568642,0.00854743955228334,0.8385,0,0.406852101531701,0.446911885188565,0.446911885188565,0,1
"Weak quantitative HTE",2000,187,0.668130152967746,0.731125241934334,0,0.00326974196951355,0.014536489883503,-0.00760591915945802,0,0.5444391464845,0.144,0.76521914998122,0.739264542285887,-0.00599265375865715,-0.00599265375865715,1,0.874,0.039935277733571,0.0084268518095053,0.846,0,0.406150349491673,0.446085627225244,0.446085627225244,0,1
"Weak quantitative HTE",2000,188,0.504637423805043,0.525632459208134,0,-0.00668034509149153,0.0131025752078096,-0.0258898931443585,0,0.648418783279639,0.028,0.797376556586056,0.957885578392073,-0.00577058406942421,-0.00577058406942421,1,0.828,0.0399034585613705,0.00862358231579779,0.835,0,0.406013326496064,0.445916785057434,0.445916785057434,0,1
"Weak quantitative HTE",2000,189,0.459467134034659,0.37764175450399,0,0.00583956874897095,0.0134198314877557,-0.012262909596031,0,0.533567785325918,0.078,0.64115,0.902210265965458,-0.0066703346980404,-0.0066703346980404,1,0.85,0.0400275389588471,0.00859794976552217,0.8315,0,0.406788329523918,0.446815868482765,0.446815868482765,0,1
"Weak quantitative HTE",2000,190,0.886574466076256,1,0,-0.0107581449157854,0.01080501797378,-0.0166215635970174,0,0.550343016062121,0.318,0.726386226840176,0.755591235429727,-0.00738283911037874,-0.00738283911037874,1,0.8,0.040218165422086,0.00862582265435657,0.8335,0,0.40716002194394,0.447378187366026,0.447378187366026,0,1
"Weak quantitative HTE",2000,191,0.195534894361522,0.380491221212334,0,0.0135190113047182,0.0526166692977486,-0.000100188753276997,0,0.486894365219081,0.502,0.921772212094793,0.983215347727681,-0.0397829513830147,0.000192548944632775,0,0.004,0.0400243734553003,0.00869343245218709,0.8345,0,0.406108027613394,0.446132401068695,0.446132401068695,0,1
"Weak quantitative HTE",2000,192,0.975532208967563,1,0,-0.000674585323179064,0.0185200129928578,0.0037037335723446,0,0.542813869181871,0.24,0.768166189939614,0.949036560623217,-0.000277435104299284,-0.000277435104299284,1,0.992,0.0399162363281948,0.00844812003611328,0.836,0,0.406153425891938,0.446069662220133,0.446069662220133,0,1
"Weak quantitative HTE",2000,193,0.472662000568908,0.627764620852594,0,-0.0174885977322114,0.0261043555131351,-0.033015357252235,0,0.644199767915636,0.05,0.902622253720766,0.659761147501116,-0.00805076358394807,-0.00805076358394807,1,0.806,0.0398847840669769,0.00853523972329844,0.828,0,0.405619318722702,0.445504102789679,0.445504102789679,0,1
"Weak quantitative HTE",2000,194,0.0728681774287509,0.0301041547710374,0,-0.00792658515604517,0.00973969053437649,-0.00146187812859427,0,0.526105115930122,0.486,0.51275137624986,0.820892984896813,-0.00171094662816984,-0.00171094662816984,1,0.95,0.0397339681714585,0.00852362104595084,0.836,0,0.405215070770154,0.444949038941612,0.444949038941612,0,1
"Weak quantitative HTE",2000,195,0.608752949971326,0.576203082049758,0,0.0147299134610371,0.0547036549040658,0.0173598423475744,0,0.490387444238297,0.502,0.598970099667774,0.912178381460519,-0.00336112034314384,-0.00336112034314384,1,0.916,0.0402789208846019,0.00880351206567345,0.831,0,0.40855028537358,0.448829206258182,0.448829206258182,0,1
"Weak quantitative HTE",2000,196,0.242601659860807,0.244492847637977,0,-0.00437283565525527,-0.0311014571418053,-0.00544119568390022,0,0.652770870677176,0.068,0.723125285472474,0.705029238956391,-0.000322152924110808,-0.000322152924110808,1,0.99,0.040229844237446,0.00878700340490816,0.8405,0,0.407623532661011,0.447853376898457,0.447853376898457,0,1
"Weak quantitative HTE",2000,197,0.841346672755611,1,0,-0.00478375420677956,-0.00451677972226934,-0.000830661881940309,0,0.528123578147887,0.488,0.507394693785891,0.851094132521625,-0.00149150062549364,-0.00149150062549364,1,0.958,0.0400478706879075,0.00861787538447716,0.832,0,0.405972267347219,0.446020138035126,0.446020138035126,0,1
"Weak quantitative HTE",2000,198,0.346571148198653,0.547391676279252,0,-0.001969254281894,0.0227484299625513,-0.00791208560329387,0,0.51673189479148,0.512,0.797082352941176,0.953347112940928,-0.000436851968883434,-0.000436851968883434,1,0.984,0.0403966183069571,0.00861082161977177,0.8395,0,0.408263384947192,0.448660003254149,0.448660003254149,0,1
"Weak quantitative HTE",2000,199,0.519071163657473,0.869853755782864,0,-0.0227394374276878,-0.0478466820472158,-0.0121074537176789,0,0.582426198107099,0.398,0.66144253454668,0.74843331875019,-0.00535105754796855,-0.00535105754796855,1,0.872,0.0400418163336305,0.00863619529895826,0.838,0,0.406582984701778,0.446624801035409,0.446624801035409,0,1
"Weak quantitative HTE",2000,200,0.131920231405702,0.0597129275886563,0,-0.0159082378010339,0.00356035108434676,-0.0174214756957525,0,0.601173565753714,0.148,0.489652532874053,0.838657062083678,-0.0271373300948402,0.0123964415314695,0,0.32,0.0401433414537606,0.00862589649876062,0.8415,0,0.408131541890641,0.448274883344401,0.448274883344401,0,1
"Weak quantitative HTE",2000,201,0.098418003427283,0.0614831128855372,0,0.0113390893187642,0.0420158741487212,0.00433571792141318,0,0.617881255564804,0.038,0.766168727106227,0.932472001978083,-0.00221580735196869,-0.00221580735196869,1,0.924,0.0401089556282896,0.0085824771146119,0.838,0,0.406932097867605,0.447041053495895,0.447041053495895,0,1
"Weak quantitative HTE",2000,202,0.457848168410731,0.440230438568801,0,-0.0111910733222721,0.0162135901724423,0.0004894031206778,0,0.527668622943578,0.39,0.72418165966553,0.932448375359159,-0.000369310878144014,-0.000369310878144014,1,0.992,0.0398580727543723,0.00874628417467615,0.8125,0,0.405749483744108,0.44560755649848,0.44560755649848,0,1
"Weak quantitative HTE",2000,203,0.844963490617422,1,0,-0.00404912852691195,-0.0020378094935096,0.0066094795221468,0,0.533850223435452,0.498,0.772318823666706,0.721472957115016,-0.000395966782971768,-0.000395966782971768,1,0.99,0.039934696114667,0.00856113782847261,0.836,0,0.406383666244824,0.446318362359491,0.446318362359491,0,1
"Weak quantitative HTE",2000,204,0.451936441810975,0.551266224944828,0,0.000691959881770655,0.0326604541621209,0,0,0.523881639387236,0.256,0.636413255360624,0.902605813234322,0,0,1,1,0.0398430678679452,0.00876756700497895,0.8195,0,0.406003177044396,0.445846244912341,0.445846244912341,0,1
"Weak quantitative HTE",2000,205,0.508305652961292,0.891432340332784,0,-0.00845303597240568,0.013763725043646,-0.0236424115122245,0,0.566176039103937,0.048,0.671397215791214,0.921930829918339,-0.015391381935671,-0.015391381935671,1,0.616,0.0399134773821017,0.00870169386591291,0.827,0,0.406068270092047,0.445981747474149,0.445981747474149,0,1
"Weak quantitative HTE",2000,206,0.766927393649437,1,0,0.00132243677776876,0.0178685741335983,-0.00507429872003623,0,0.518755600125805,0.516,0.512004853948167,0.851565145503847,-0.000960753185553331,-0.000960753185553331,1,0.972,0.0399065446254934,0.00850415478271621,0.84,0,0.406452760604182,0.446359305229675,0.446359305229675,0,1
"Weak quantitative HTE",2000,207,0.506047704780963,0.831006073882292,0,-0.00540028654804364,-0.00817554795121799,-0.0197706402636272,0,0.635747372389397,0.034,0.606665451452181,0.909539193984212,-0.022565368632556,0.0174652972394559,0,0.392,0.0397389651807904,0.00863528118681965,0.8225,0,0.405217491405037,0.444956456585827,0.444956456585827,0,1
"Weak quantitative HTE",2000,208,0.50067682922843,0.688331686606177,0,0.0106373363571484,0.0284813528512429,-0.0113504614100941,0,0.530617179095222,0.198,0.784329053789952,0.94960650581939,-0.0231960991141661,-0.0231960991141661,1,0.374,0.0398636452042128,0.00864973132034627,0.8285,0,0.405275912969445,0.445139558173658,0.445139558173658,0,1
"Weak quantitative HTE",2000,209,0.815371713498935,1,0,-0.00230222617603731,0.020287918927258,-0.00657927268871722,0,0.510141273713276,0.242,0.660830371847101,0.795087779831322,-0.0232202214761478,-0.0232202214761478,1,0.444,0.0399812859936936,0.00862672778564508,0.832,0,0.40734735865794,0.447328644651634,0.447328644651634,0,1
"Weak quantitative HTE",2000,210,0.757436982673016,0.974745390719016,0,0.00235964520519395,0.0386496686496564,0.0127769337441946,0,0.493324106693119,0.534,0.56857327070093,0.900844136531238,-0.00102826083290031,-0.00102826083290031,1,0.97,0.0402515210375253,0.00857517284608099,0.8395,0,0.40777426163163,0.448025782669155,0.448025782669155,0,1
"Weak quantitative HTE",2000,211,0.536619506179954,0.77487853073793,0,-0.020245459562948,-0.00907798193071318,0.00902474965371802,0,0.527854928269872,0.502,0.596583409483197,0.860240095045744,-0.0360891617928829,0.00345473860615453,0,0.078,0.0398342697856772,0.00878768787005125,0.817,0,0.405793066620407,0.445627336406085,0.445627336406085,0,1
"Weak quantitative HTE",2000,212,0.0906236179677262,0.0482421162145363,0,-0.000593497511605636,0.0500255447021961,0.000190271053165547,0,0.476572385980414,0.558,0.538259819087186,0.84015105264784,-0.000138691899103316,-0.000138691899103316,1,0.996,0.0402082832979727,0.00865336227537184,0.837,0,0.4086367050209,0.448844988318872,0.448844988318872,0,1
"Weak quantitative HTE",2000,213,0.889647033214567,1,0,-0.0122567099298315,0.035893535602176,-0.00935085064083208,0,0.495800562483539,0.496,0.51113984184732,0.821456068990698,-0.00291524908083074,-0.00291524908083074,1,0.914,0.0398855126633359,0.00850960714824293,0.8435,0,0.405331310123121,0.445216822786457,0.445216822786457,0,1
"Weak quantitative HTE",2000,214,0.637203648616163,0.786930559234409,0,0.00849130325791263,0.0490140193733386,0.00193033730838926,0,0.490946602992169,0.53,0.516997016197783,0.848029049653045,-0.000882202648319008,-0.000882202648319008,1,0.974,0.0398625348976393,0.00861356710525449,0.826,0,0.406890392833192,0.446752927730831,0.446752927730831,0,1
"Weak quantitative HTE",2000,215,0.979587865738055,1,0,0.0141271871087949,0.0500379829778927,-0.00223847530712185,0,0.503749712941086,0.532,0.60550114125567,0.882193930448872,-5.64685430812228e-05,-5.64685430812228e-05,1,0.998,0.0395869788043106,0.00856644669382932,0.824,0,0.404586178497925,0.444173157302236,0.444173157302236,0,1
"Weak quantitative HTE",2000,216,0.839354631966574,1,0,0.0152767857675856,0.0106476754149197,0.0015266318003952,0,0.539791981288411,0.494,0.754777331255638,0.730400107577583,-0.0401371292984909,0.000317474137873364,0,0.01,0.0403683711307138,0.00861310699476676,0.84,0,0.406728894071634,0.447097265202348,0.447097265202348,0,1
"Weak quantitative HTE",2000,217,0.726296724447083,1,0,-0.0082968932564531,0.00838810273657072,-0.00213481866578324,0,0.533727013770978,0.502,0.932304987212276,0.981358057762622,-5.3346387717923e-05,-5.3346387717923e-05,1,0.998,0.0398567953258342,0.00849960220967778,0.8315,0,0.406151837052184,0.446008632378018,0.446008632378018,0,1
"Weak quantitative HTE",2000,218,0.724295410465703,0.786779493775512,0,-0.0172683953235064,-0.00495321593397739,-0.0132347874501873,0,0.597893329152164,0.218,0.723363286264441,0.779599516984273,-0.0192306096778557,0.0212814188005994,0,0.558,0.0403597198395879,0.00866899257041499,0.838,0,0.407957373987837,0.448317093827425,0.448317093827425,0,1
"Weak quantitative HTE",2000,219,0.642769598020808,0.665619685118649,0,-0.00219523482869908,0.0311047329662567,0.00168526846442646,0,0.503749712941086,0.532,0.686813186813187,0.903844013215497,-5.43045463127223e-05,-5.43045463127223e-05,1,0.998,0.0399332092944314,0.0086900296058673,0.835,0,0.406269726056679,0.44620293535111,0.44620293535111,0,1
"Weak quantitative HTE",2000,220,0.0807939550798011,0.146880327630087,0,0.00231525812386176,-0.0234077005035241,0.0103460996677724,0,0.551243532984411,0.476,0.598739288880134,0.858385812978059,-0.00121834403275134,-0.00121834403275134,1,0.974,0.0399476296596662,0.0086260536619632,0.8335,0,0.406631381438766,0.446579011098432,0.446579011098432,0,1
"Weak quantitative HTE",2000,221,0.46738207305718,0.466537204954893,0,-0.0128787316022735,0.0144299377789967,-0.0092328547510474,0,0.517322169489334,0.416,0.714809043440225,0.918880963519673,-0.00760879526512842,-0.00760879526512842,1,0.794,0.039667147729196,0.00853649802442709,0.8325,0,0.404704928179283,0.444372075908479,0.444372075908479,0,1
"Weak quantitative HTE",2000,222,0.332376680327239,0.483384948783312,0,-0.00933520597123498,0.0225479120731275,0.00410224017778898,0,0.56885916821578,0.126,0.918956043956044,0.98397056408993,-0.0277934728163213,0.0122173722054932,0,0.286,0.0400768008203631,0.00864566646677172,0.833,0,0.406703591159201,0.446780391979564,0.446780391979564,0,1
"Weak quantitative HTE",2000,223,0.0568081225351148,0.0917765710789786,0,0.0121263925300647,0.0377927294554956,0.00571549652056835,0,0.511061434272156,0.372,0.653794037940379,0.73676115360822,-0.0126735605174399,-0.0126735605174399,1,0.698,0.0397597397925529,0.00858390647810006,0.826,0,0.406500072444623,0.446259812237176,0.446259812237176,0,1
"Weak quantitative HTE",2000,224,0.151417896343599,0.129203916372323,0,0.0143288559443761,0.0714573481601089,-0.0414047757359514,0,0.363454947548682,0.116,0.60623651820835,0.802755709613731,-0.00519422613856851,-0.00519422613856851,1,0.874,0.0401002779067234,0.0086578937902556,0.828,0,0.406946922223931,0.447047200130655,0.447047200130655,0,1
"Weak quantitative HTE",2000,225,0.31860260361615,0.327200138522678,0,-0.0257398590073683,0.0130731933602637,-0.0021978953854454,0,0.559928337760602,0.23,0.93234333061034,0.985662336246997,-0.0193672716222186,0.0209888202744923,0,0.466,0.039888910017619,0.00863277964133624,0.821,0,0.406289017572377,0.446177927589996,0.446177927589996,0,1
"Weak quantitative HTE",2000,226,0.047222841510328,0.0708334325738239,1,0.0050201740239959,0.0238542150120043,-0.00542061546828537,0,0.598571996015676,0.084,0.724925521350546,0.743813362206209,-0.0195108419410247,-0.0195108419410247,1,0.522,0.040020865707794,0.0084548472457101,0.842,0,0.406289737951116,0.44631060365891,0.44631060365891,0,1
"Weak quantitative HTE",2000,227,0.139779381401607,0.228476634509963,0,-0.000356830783959983,0.0208425595946055,-0.0141672642779393,0,0.518402640760669,0.388,0.681806796359689,0.919155865001557,-0.0018042490705234,-0.0018042490705234,1,0.948,0.0401410989426606,0.00861734764709893,0.8355,0,0.40743574102538,0.44757683996804,0.44757683996804,0,1
"Weak quantitative HTE",2000,228,0.0034871073456473,0.0370145387188999,1,0.00209164689914516,0.0379758369364077,-0.0113739507322915,0,0.529686021720844,0.092,0.931875,0.982997707752968,-0.00182737967730723,-0.00182737967730723,1,0.932,0.0398115601037952,0.00857400112764112,0.83,0,0.404394581691845,0.44420614179564,0.44420614179564,0,1
"Weak quantitative HTE",2000,229,0.715509029182118,0.976077800442687,0,0.0061452463101468,0.015923534052713,-0.00419609874188609,0,0.57689215571768,0.07,0.648082968376367,0.904376776434063,-0.00036176250307618,-0.00036176250307618,1,0.992,0.0398783707662208,0.00860450519196602,0.822,0,0.405653239812616,0.445531610578837,0.445531610578837,0,1
"Weak quantitative HTE",2000,230,0.930647901799899,1,0,-0.00692418871580754,0.0530875336662842,-0.0138307419698407,0,0.500324975148034,0.3,0.84573587819947,0.963007983876766,-0.00120283539705152,-0.00120283539705152,1,0.966,0.040018990527728,0.00865354957783336,0.8335,0,0.406751827768673,0.446770818296401,0.446770818296401,0,1
"Weak quantitative HTE",2000,231,0.217672823404176,0.348815232593285,0,0.00403997262224194,0.0803305888382559,0.0436035438750798,0,0.465778740840651,0.428,0.88783912628933,0.97551661549372,-0.0270286639302287,0.0131762835508609,0,0.268,0.0399603902654298,0.00858458322956967,0.8255,0,0.407580581889337,0.447540972154767,0.447540972154767,0,1
"Weak quantitative HTE",2000,232,0.72409698445383,1,0,-0.0218970766639911,-0.0302244847954821,-0.00763030172703932,0,0.549516535345557,0.458,0.521618625277162,0.870461893849426,-0.00255819517380285,-0.00255819517380285,1,0.938,0.0399464618112412,0.00851447070565131,0.8335,0,0.406103858490371,0.446050320301612,0.446050320301612,0,1
"Weak quantitative HTE",2000,233,0.541730875965821,0.470493904955609,0,-0.01005365068441,0.013117311503921,0.00716783114829572,0,0.617593067882349,0.084,0.92223143286973,0.985753377062835,-0.000743975052679202,-0.000743975052679202,1,0.974,0.0400711791271479,0.00859629810406623,0.836,0,0.406945716902677,0.447016896029825,0.447016896029825,0,1
"Weak quantitative HTE",2000,234,0.412979153137653,0.689005621319444,0,-0.00050858107371701,0.0289569488302409,-0.00536760905368661,0,0.510116397531109,0.488,0.660406244019793,0.907299400528642,-0.00332093393031146,-0.00332093393031146,1,0.924,0.0400172120763216,0.00868286899523857,0.8255,0,0.406717709528737,0.446734921605059,0.446734921605059,0,1
"Weak quantitative HTE",2000,235,0.445983164606662,0.86279744879714,0,0.0199701014430297,0.0641634891734333,-0.00321931635341022,0,0.39900013958018,0.034,0.828933119235222,0.796537415475864,-0.000385890539368661,-0.000385890539368661,1,0.99,0.0403050300944085,0.00840159011509688,0.85,0,0.407666373328191,0.4479714034226,0.4479714034226,0,1
"Weak quantitative HTE",2000,236,0.56472802449512,0.704014424103768,0,0.00578793920626333,0.0409455383315115,0,0,0.496692377770198,0.538,0.62134472277539,0.796275095711445,-0.0394636832766079,0,0,0,0.0398827681462987,0.00862689207626981,0.8215,0,0.406582777375282,0.446465545521581,0.446465545521581,0,1
"Weak quantitative HTE",2000,237,0.446029462692876,0.440439190220742,0,-0.000176274500218541,0.0275116077133298,-0.0169969534357243,0,0.58038669923007,0.038,0.826335484251156,0.962613799124262,-0.00839662841605959,-0.00839662841605959,1,0.774,0.0402837905681155,0.00868097961263578,0.842,0,0.407477718212917,0.447761508781033,0.447761508781033,0,1
"Weak quantitative HTE",2000,238,0.367782361495257,0.239367542851673,0,-0.00964547782174009,0.0366106953594772,-0.00262742656295561,0,0.49943737127905,0.528,0.90161568627451,0.686811410228251,-0.000758055154663928,-0.000758055154663928,1,0.982,0.040514964621212,0.00857872410851741,0.856,0,0.409370292300101,0.449885256921313,0.449885256921313,0,1
"Weak quantitative HTE",2000,239,0.0372627106823739,0.0123177095077645,1,0.0118034674130549,0.0336075086176243,-0.000917267676317057,0,0.573959485723669,0.108,0.542729349067377,0.878526381698084,-0.0312002759064694,0.00893055251411584,0,0.214,0.0403314100821522,0.00861723070317095,0.842,0,0.407650230174598,0.44798164025675,0.44798164025675,0,1
"Weak quantitative HTE",2000,240,0.404389662219085,0.475804526659098,0,0.0150314776646764,0.0216797200172016,0.00942625999369417,0,0.528885856209515,0.5,0.591606437572208,0.891931724755928,-0.000730902739115524,0.0385572795944346,0,0.984,0.0398270330414028,0.00867179322741498,0.8255,0,0.407080113233927,0.44690714627533,0.44690714627533,0,1
"Weak quantitative HTE",2000,241,0.213940831539157,0.117657868008143,0,0.0195471785871132,0.0307303473739472,0,0,0.526727459465,0.51,0.582916666666667,0.902304253944292,0,0,1,1,0.0397665228332248,0.00853003787787859,0.834,0,0.405788068291388,0.445554591124613,0.445554591124613,0,1
"Weak quantitative HTE",2000,242,0.242270070775009,0.297719103725946,0,0.0034515524957841,0.0395525583223791,-0.0058671166843845,0,0.505450597822539,0.096,0.788239153612729,0.952444331467763,-0.00084743505593432,-0.00084743505593432,1,0.976,0.0396928272696109,0.00868209571196967,0.8255,0,0.405384108047553,0.445076935317164,0.445076935317164,0,1
"Weak quantitative HTE",2000,243,0.0779545967552001,0.0343617292407422,0,0.0188013510610185,0.00340964345373524,0.0219193362516013,0,0.528561856700963,0.466,0.793219610091743,0.960166846747658,-0.00292176270108829,-0.00292176270108829,1,0.914,0.0399788642732774,0.00851975569919232,0.8395,0,0.406572790023135,0.446551654296413,0.446551654296413,0,1
"Weak quantitative HTE",2000,244,0.6167054937237,0.566523097081755,0,-0.00223749552980462,0.0397129258017581,-0.00124800547339077,0,0.496516003428957,0.534,0.580162376123198,0.889913128130196,-0.000361247612989335,-0.000361247612989335,1,0.988,0.0399546050134718,0.00877870548799538,0.832,0,0.406498502155989,0.446453107169461,0.446453107169461,0,1
"Weak quantitative HTE",2000,245,0.313867694478472,0.496179656397586,0,0.00422323571227621,0.00131280505529065,0.00553398733834642,0,0.56823923801583,0.076,0.792696381288614,0.935100933712051,-0.00104839591917966,-0.00104839591917966,1,0.96,0.0399480378194062,0.00851761748843858,0.832,0,0.40700503257488,0.446953070394286,0.446953070394286,0,1
"Weak quantitative HTE",2000,246,0.404953006715325,0.602805187831061,0,-0.0143692906847984,-0.00151898416308279,0.0125063308333289,0,0.512651764358916,0.514,0.563157429505878,0.840531218857022,-0.000779490146892603,-0.000779490146892603,1,0.98,0.0401801306860526,0.00866556317967332,0.839,0,0.407312290256626,0.447492420942679,0.447492420942679,0,1
"Weak quantitative HTE",2000,247,0.58587800609946,1,0,-0.00744809327138094,-0.00648081657261516,-0.018412300098665,0,0.563295979484991,0.246,0.605168799646955,0.870102815443307,-0.0342500171728964,0.00566216042350659,0,0.144,0.0400119489819083,0.00871786446569643,0.831,0,0.407249096880318,0.447261045862226,0.447261045862226,0,1
"Weak quantitative HTE",2000,248,0.855269289439318,1,0,0.00270863566117255,0.00828694924912808,0,0,0.526727459465,0.51,0.763324149063483,0.94514251510617,0,0,1,1,0.0400302282345937,0.00860468673672717,0.8275,0,0.406430080684438,0.446460308919032,0.446460308919032,0,1
"Weak quantitative HTE",2000,249,0.947942399600018,1,0,-0.00521240242695105,-0.0144073635039389,0.0016774088495885,0,0.617471983477704,0.136,0.519539760348584,0.87107903977861,-7.38044474063448e-05,-7.38044474063448e-05,1,0.998,0.0401803973753008,0.00838315855399947,0.8475,0,0.407984358050322,0.448164755425622,0.448164755425622,0,1
"Weak quantitative HTE",2000,250,0.537329532629958,0.905619362979875,0,-0.00251911064030574,0.00169003980664039,0.00216340626908273,0,0.651161253009397,0.05,0.582396585523214,0.874242438403714,-0.000306405555244693,-0.000306405555244693,1,0.994,0.0399089755519673,0.00869066845126059,0.824,0,0.407122421022558,0.447031396574525,0.447031396574525,0,1
"Weak quantitative HTE",2000,251,0.0303905089985509,0.0483793699393529,1,-0.00156496761723554,0.0229470774042573,0.0177270022362802,0,0.595152640914366,0.072,0.765925925925926,0.932346394501211,-0.0242308900091053,0.0152596004498394,0,0.342,0.0400495701559119,0.00860663058681352,0.83,0,0.406733934463206,0.446783504619118,0.446783504619118,0,1
"Weak quantitative HTE",2000,252,0.588084122528587,0.60061674118704,0,-0.006431707162199,0.0537693043744405,-0.00176163250342132,0,0.472252408561494,0.512,0.74735119047619,0.939688993507553,-0.0398907219295477,0.000104369666569903,0,0.002,0.0399265883557509,0.00846940931254002,0.8375,0,0.405641896438603,0.445568484794354,0.445568484794354,0,1
"Weak quantitative HTE",2000,253,0.202910455041226,0.323672813228885,0,0.0033495519005835,0.00218903448413134,0.0154166625478509,0,0.57689215571768,0.07,0.762214324925602,0.952127772130928,-0.00229420162574151,-0.00229420162574151,1,0.936,0.040034126047878,0.00858175783755106,0.8395,0,0.406320232808464,0.446354358856342,0.446354358856342,0,1
"Weak quantitative HTE",2000,254,0.753288042625839,1,0,0.00909247876402286,0.0316080567182254,-0.0270685701405005,0,0.559159955363431,0.026,0.488318951261313,0.833028405347375,-0.0240548352384901,-0.0240548352384901,1,0.386,0.0397347945957528,0.00857155150816901,0.832,0,0.405913172108482,0.445647966704235,0.445647966704235,0,1
"Weak quantitative HTE",2000,255,0.881077952628168,1,0,0.00646403893133326,0.0494335980098868,0.00177593592309566,0,0.488251427352957,0.522,0.588517647058823,0.913544909325798,-0.00433222569587638,-0.00433222569587638,1,0.892,0.0401927115802447,0.00862938172025804,0.8395,0,0.407442921901066,0.447635633481311,0.447635633481311,0,1
"Weak quantitative HTE",2000,256,0.98568062646323,1,0,-0.00934501116638703,0.0285149234177969,-0.0535003716979491,0,0.529710850875234,0.274,0.613099881540551,0.757413372621245,-0.0188905943010528,-0.0188905943010528,1,0.526,0.040143716145592,0.00864660624615245,0.834,0,0.406655727909508,0.4467994440551,0.4467994440551,0,1
"Weak quantitative HTE",2000,257,0.247545276652217,0.230864036579841,0,0.00525731411375999,0.0364949601161464,-0.0772651016875214,0,0.70109636771071,0.032,0.881904761904762,0.702905387378669,-0.0348454404830934,-0.0348454404830934,1,0.146,0.0400459504917569,0.0085216657228795,0.844,0,0.407775957774387,0.447821908266144,0.447821908266144,0,1
"Weak quantitative HTE",2000,258,0.624190350594753,0.658030470236354,0,0.0124119257380418,0.04941285314329,-0.00179089671997096,0,0.490306268434603,0.066,0.612671006178288,0.890288443299114,-0.00137932885604719,-0.00137932885604719,1,0.958,0.0399004044362539,0.00868702086547388,0.821,0,0.406946057921311,0.446846462357565,0.446846462357565,0,1
"Weak quantitative HTE",2000,259,0.502937461140714,0.785022562945961,0,-0.00492854634391856,0.00640345443188003,-0.0198993713247692,0,0.56911899640215,0.11,0.705747269116187,0.928665754408818,-0.0064940961096871,-0.0064940961096871,1,0.808,0.0400701114635628,0.00846917226960639,0.8385,0,0.405998104324165,0.446068215787728,0.446068215787728,0,1
"Weak quantitative HTE",2000,260,0.601320044285196,0.72645905837559,0,0.00581752386270994,0.00677523503141013,0.0253916215045212,0,0.505450597822539,0.096,0.571507760532151,0.891959862965731,-0.0324164679604187,-0.0324164679604187,1,0.164,0.0394864723798637,0.00859416019177786,0.8195,0,0.404953293473721,0.444439765853585,0.444439765853585,0,1
"Weak quantitative HTE",2000,261,0.00418817504659998,0.00883062378338066,1,0.0094862460566184,0.0133637020068573,0.00555404675278259,0,0.57191217400969,0.084,0.497301121475736,0.826511411522504,-0.000187171087278337,-0.000187171087278337,1,0.994,0.039868573587452,0.00864270417748882,0.831,0,0.405898420255008,0.44576699384246,0.44576699384246,0,1
"Weak quantitative HTE",2000,262,0.185855604112676,0.0998240030096566,0,-0.000319229103240195,0.0153120618827526,-0.026058744512967,0,0.554217536114954,0.122,0.937099358974359,0.986815962865865,-0.0104320781049942,-0.0104320781049942,1,0.694,0.0400681428481011,0.00872820490871937,0.8235,0,0.407715627552709,0.44778377040081,0.44778377040081,0,1
"Weak quantitative HTE",2000,263,0.0825563478542325,0.0378540803871466,0,-0.00644149106600204,0.00247433199653115,0.0241461009055015,0,0.546213560369274,0.314,0.582360347985348,0.887757797255741,-0.0284402003326171,0.011604748491907,0,0.28,0.040052886536788,0.00865943947272126,0.8385,0,0.40700560157156,0.447058488108348,0.447058488108348,0,1
"Weak quantitative HTE",2000,264,0.238496979317211,0.124616959032851,0,-0.00852249236617684,0.00462456106941729,-0.0436946882763467,0,0.692366593227741,0.032,0.623691188933541,0.889821466204202,-0.0305662774968946,-0.0305662774968946,1,0.224,0.0400178963314444,0.00864853037233968,0.8285,0,0.406841711822328,0.446859608153773,0.446859608153773,0,1
"Weak quantitative HTE",2000,265,0.990073707268153,1,0,-0.0284476527696846,0.0034882556253764,-0.0926161868978764,0,0.593424483474796,0.182,0.680680359435173,0.794229648976276,-0.0254520241828581,-0.0254520241828581,1,0.392,0.0402863414461092,0.00858790427783182,0.839,0,0.407991625160333,0.448277966606442,0.448277966606442,0,1
"Weak quantitative HTE",2000,266,0.338667860514913,0.265322532329312,0,0.00536238759794221,0.0240801663355049,-0.00926074245203845,0,0.541460484216929,0.19,0.74978638144907,0.784866034849229,-0.0100697163057048,-0.0100697163057048,1,0.798,0.040039445079976,0.0085694618176968,0.8385,0,0.407361040792251,0.447400485872227,0.447400485872227,0,1
"Weak quantitative HTE",2000,267,0.565311146791176,0.611806368074845,0,0.00304406725462298,0.0335469037458353,-0.0109805484549976,0,0.508787104131092,0.478,0.798833120204603,0.937326154503216,-0.00189875856439509,-0.00189875856439509,1,0.934,0.0400241938643778,0.00869068159739458,0.8245,0,0.407272807471198,0.447297001335576,0.447297001335576,0,1
"Weak quantitative HTE",2000,268,0.474176931727561,0.521781596200235,0,0.00338048175354736,0.0187384115234402,-0.00160422549977346,0,0.517596969944859,0.46,0.53814957555606,0.821265580709581,-0.0398717356360155,6.16936674013857e-05,0,0.002,0.0398935813456174,0.00859576427077029,0.8225,0,0.406335071987741,0.446228653333358,0.446228653333358,0,1
"Weak quantitative HTE",2000,269,0.852150778630342,1,0,-0.00926583454438236,-0.0158614263647825,-0.00527618521321244,0,0.55527636415322,0.408,0.694608978020987,0.928342778121491,-0.00543925828685121,-0.00543925828685121,1,0.842,0.0401744885848147,0.00861270992857502,0.836,0,0.408011217562175,0.448185706146989,0.448185706146989,0,1
"Weak quantitative HTE",2000,270,0.672011365256021,0.741284009092207,0,0.00640911143287003,0.0144662503677754,0.00825151521464801,0,0.598032512965373,0.032,0.630041568363105,0.902895559572792,-0.00902626205912904,-0.00902626205912904,1,0.76,0.0399768299454808,0.00865801507230185,0.8265,0,0.40672725431004,0.44670408425552,0.44670408425552,0,1
"Weak quantitative HTE",2000,271,0.906369973471921,1,0,-0.0136455927510869,0.00871112725930221,-0.0233177672193915,0,0.529085680021248,0.384,0.423998150876889,0.779340494899083,-0.00909196307478283,-0.00909196307478283,1,0.756,0.0400602605311899,0.0087474268411699,0.823,0,0.406968199097274,0.447028459628464,0.447028459628464,0,1
"Weak quantitative HTE",2000,272,0.103461193724394,0.272176368586928,0,-0.0139361641719048,-0.00869058514499508,-0.0049280949622269,0,0.58473491523832,0.25,0.815537084398977,0.682575883195187,-0.000983855461085148,-0.000983855461085148,1,0.974,0.0398501415578763,0.0086849027779118,0.825,0,0.405618444906498,0.445468586464374,0.445468586464374,0,1
"Weak quantitative HTE",2000,273,0.502867760089126,0.385908966893286,0,-0.00168869669185532,0.0115169148345359,-0.00294161296832834,0,0.52732683964517,0.41,0.675607537361923,0.791048882044234,-0.0084806163255724,-0.0084806163255724,1,0.798,0.0397177834293157,0.00850759350540525,0.8285,0,0.404843284787701,0.444561068217016,0.444561068217016,0,1
"Weak quantitative HTE",2000,274,0.0732796792067096,0.0530878494244993,0,-0.0071881709709264,0.0349032702567801,-0.0539899774217824,0,0.517411668256701,0.316,0.93781483411499,0.98346014208683,-0.012984399196549,-0.012984399196549,1,0.596,0.0398742144236332,0.00874158174993609,0.8255,0,0.406012972801157,0.44588718722479,0.44588718722479,0,1
"Weak quantitative HTE",2000,275,0.0671533399666808,0.0262833822662509,0,-0.00338544787000716,0.0140843821927541,-0.0148666879080936,0,0.531634311455806,0.386,0.705372903795234,0.927247060482125,-0.00885311311622483,-0.00885311311622483,1,0.756,0.0398797665079413,0.00847928824078555,0.8325,0,0.406170725731716,0.446050492239658,0.446050492239658,0,1
"Weak quantitative HTE",2000,276,0.627019690610791,0.776932911721553,0,-0.00118778325991385,0.0327884175070354,-0.00292851367646052,0,0.500116115505731,0.518,0.855510686496602,0.971883034769058,-0.00103529167391819,-0.00103529167391819,1,0.964,0.0399289691351784,0.00835609467749673,0.8425,0,0.405999692424307,0.445928661559485,0.445928661559485,0,1
"Weak quantitative HTE",2000,277,0.893928540317591,1,0,0.00995406445692104,0.00573433404802878,-0.000342806415733032,0,0.611194061268389,0.052,0.659430894308943,0.91480652674335,-0.000389558118127409,-0.000389558118127409,1,0.992,0.0399295544080325,0.00866445729814844,0.828,0,0.406943027068977,0.44687258147701,0.44687258147701,0,1
"Weak quantitative HTE",2000,278,0.0287932239042098,0.109620695757976,1,-0.00274222820676213,0.0240760073405201,-0.0454332666087084,0,0.675180441041075,0.014,0.517905908639523,0.853223022048015,-0.0267111324219938,-0.0267111324219938,1,0.358,0.0399047045948354,0.00860567136253332,0.8355,0,0.407517535382271,0.447422239977106,0.447422239977106,0,1
"Weak quantitative HTE",2000,279,0.933644647974956,1,0,-0.0287319817957781,-0.0352662906219853,-0.00568926027340733,0,0.546168116696442,0.464,0.533009736788882,0.8763985856826,-0.000457198748476217,-0.000457198748476217,1,0.986,0.0398288751553004,0.00861771081997768,0.828,0,0.406394823477001,0.446223698632301,0.446223698632301,0,1
"Weak quantitative HTE",2000,280,0.05928389395874,0.122042650447999,0,0.0095820809101065,0.0226932037266906,0.0081241101327626,0,0.511301280469026,0.294,0.589020908169844,0.881502682862691,-0.00388198940475792,-0.00388198940475792,1,0.918,0.0398705909640509,0.00858206589831962,0.832,0,0.406568813761542,0.446439404725592,0.446439404725592,0,1
"Weak quantitative HTE",2000,281,0.395773598875885,0.506348764187655,0,-0.0128130696266849,0.00332225775886569,-0.0293563965893459,0,0.595178794807745,0.062,0.801061678463094,0.691493965158233,-0.00967365996618286,-0.00967365996618286,1,0.758,0.0401624834920485,0.00858066417810365,0.8425,0,0.40732332906136,0.447485812553409,0.447485812553409,0,1
"Weak quantitative HTE",2000,282,0.427977574678942,0.366947009884265,0,0.00588540588048477,-0.0081163540858322,-0.00285198955939409,0,0.744512452614999,0.032,0.680163357424971,0.779590984568711,-0.00996164635715513,-0.00996164635715513,1,0.762,0.0399711902092062,0.00868796150776938,0.826,0,0.406726095408331,0.446697285617537,0.446697285617537,0,1
"Weak quantitative HTE",2000,283,0.211538869288038,0.261376469043465,0,0.00215323690536892,0.0452029414359623,-0.0682962051929508,0,0.541968156333332,0.106,0.91133617626155,0.9790770871875,-0.0304510697440065,-0.0304510697440065,1,0.196,0.0401398110447549,0.00854685629188066,0.8375,0,0.407396025069421,0.447535836114175,0.447535836114175,0,1
"Weak quantitative HTE",2000,284,0.384338200342378,0.354129965649947,0,-0.0143437799040371,0.00762213728949191,-0.00162782704766745,0,0.541085122463682,0.398,0.656273489882438,0.783724484796602,-8.48514080213358e-05,-8.48514080213358e-05,1,0.998,0.0398989526568194,0.00848578248594703,0.844,0,0.406645279221874,0.446544231878694,0.446544231878694,0,1
"Weak quantitative HTE",2000,285,0.0914391858068357,0.0398618419005424,0,0.0160372145842655,0.0439252855274687,0.00218984396730904,0,0.505491841102379,0.52,0.49349593495935,0.825285268629305,-0.000488628990195306,-0.000488628990195306,1,0.99,0.0399850337025089,0.00874699330334232,0.8245,0,0.406920654509526,0.446905688212035,0.446905688212035,0,1
"Weak quantitative HTE",2000,286,0.977557681130543,1,0,-0.0182968049318731,0.018840184263625,-0.0126862611124464,0,0.525323041477361,0.364,0.827547466576789,0.946463458264314,-0.000857600418601723,-0.000857600418601723,1,0.97,0.0400859627078879,0.00852570872412924,0.838,0,0.4063272260373,0.446413188745188,0.446413188745188,0,1
"Weak quantitative HTE",2000,287,0.837733764737812,1,0,-0.0249841192239895,0.00377423200029272,-0.0455877110564264,0,0.512745465670592,0.522,0.968656901688182,0.668273787889672,-0.0370567575694739,-0.0370567575694739,1,0.118,0.0400419829734045,0.0085704511802188,0.8355,0,0.406322963263451,0.446364946236855,0.446364946236855,0,1
"Weak quantitative HTE",2000,288,0.3078313161059,0.649940116391412,0,-0.0029445151235035,0.0315470076382146,-0.00626476506886509,0,0.504455089431167,0.388,0.809071580439405,0.957610113516614,-0.00183073500070158,-0.00183073500070158,1,0.94,0.0400852356226867,0.00868665920485391,0.829,0,0.407494801029899,0.447580036652586,0.447580036652586,0,1
"Weak quantitative HTE",2000,289,0.169431954930612,0.366908099483002,0,0.015597308898294,0.0516558491693265,-0.00181753943833629,0,0.505450597822539,0.096,0.673244047619048,0.92727754989835,-0.000202807088729606,-0.000202807088729606,1,0.994,0.040005147582733,0.00866247350819536,0.832,0,0.406766173003734,0.446771320586467,0.446771320586467,0,1
"Weak quantitative HTE",2000,290,0.5263095400682,0.520163131774622,0,0.00588994566642852,0.034117221581704,0.0114910197664397,0,0.500893364696977,0.51,0.810498820357263,0.9410145014149,-0.00158290776102005,-0.00158290776102005,1,0.95,0.0401825554486514,0.00861687905494124,0.841,0,0.407536771494435,0.447719326943086,0.447719326943086,0,1
"Weak quantitative HTE",2000,291,0.236845983580485,0.256422761030593,0,0.00577210004322594,0.0227534403469812,-0.00581186249101051,0,0.518758061453312,0.484,0.944386258902388,0.704465721118207,-0.000877340598564591,-0.000877340598564591,1,0.978,0.0401803004431001,0.00853626468412596,0.8365,0,0.407157027351866,0.447337327794966,0.447337327794966,0,1
"Weak quantitative HTE",2000,292,0.379097478673088,0.450235545511558,0,0.0149641355376111,0.0365034560502987,-0.00275341470671192,0,0.508042159409936,0.408,0.779984423676013,0.95846355853471,-0.00697762680522762,-0.00697762680522762,1,0.788,0.0399230217768704,0.00859910369169791,0.8335,0,0.406079358250927,0.446002380027798,0.446002380027798,0,1
"Weak quantitative HTE",2000,293,0.220737784105973,0.440841670025474,0,-0.00682938656135703,0.0400151506085384,-0.00075593650134187,0,0.500396262923347,0.47,0.574810683725635,0.848132226122777,-0.00029918541346835,-0.00029918541346835,1,0.99,0.0397101500340668,0.00853392906332683,0.823,0,0.405649378704616,0.445359528738683,0.445359528738683,0,1
"Weak quantitative HTE",2000,294,0.357989314115248,0.43488767393834,0,0.00858505804372762,-0.0178168694290012,-0.0017864267772662,0,0.563572191054086,0.472,0.590721247563353,0.879249733593314,-0.00010089353882381,-0.00010089353882381,1,0.998,0.0398168253399558,0.00850938946307483,0.8325,0,0.405207572266226,0.445024397606182,0.445024397606182,0,1
"Weak quantitative HTE",2000,295,0.332284478133069,0.315348573946338,0,-0.0073701366987121,0.00893796096316686,-0.000839999325270957,0,0.521935375202146,0.486,0.5148059754265,0.857246018305998,-0.00251441746141845,-0.00251441746141845,1,0.942,0.0402249810582206,0.00853633422790065,0.849,0,0.407296752745721,0.447521733803941,0.447521733803941,0,1
"Weak quantitative HTE",2000,296,0.564626635794961,0.524389063139986,0,0.00481780516362649,0.026603634867993,-0.0152953215204364,0,0.516362044210622,0.278,0.775812728937729,0.936799023303707,-0.0173965659124647,-0.0173965659124647,1,0.52,0.0398634937308365,0.00873099126233645,0.816,0,0.405983507300055,0.445847001030891,0.445847001030891,0,1
"Weak quantitative HTE",2000,297,0.602029509341825,0.559323274346306,0,0.0120333041213091,0.0151791622992138,0.00553628756693686,0,0.522794219713634,0.508,0.536147741860194,0.868673740563849,-0.000157276032915654,-0.000157276032915654,1,0.996,0.0398216723693949,0.00857702026732558,0.8305,0,0.405488426585374,0.445310098954769,0.445310098954769,0,1
"Weak quantitative HTE",2000,298,0.408157823904572,0.30567887156083,0,-0.0244008434692385,-0.0108289992182474,0,0,0.526572125091083,0.456,0.554004854368932,0.798488366301325,0,0,1,1,0.0397070793847103,0.00848457810083821,0.835,0,0.405425625983476,0.445132705368186,0.445132705368186,0,1
"Weak quantitative HTE",2000,299,0.0598650610944429,0.050142088158079,0,0.0235936912709302,0.0242360775174876,0.0355661425669924,0,0.573063328488727,0.124,0.760191276320309,0.946586747927279,-0.00845866040904292,-0.00845866040904292,1,0.812,0.0396848611426722,0.00857521197688942,0.8325,0,0.406109768464112,0.445794629606784,0.445794629606784,0,1
"Weak quantitative HTE",2000,300,0.177258569586853,0.133023598412564,0,0.0140254513892588,0.0460215958189808,-0.0100880313941142,0,0.509387300804878,0.506,0.615888746803069,0.904029062182547,-0.00145416711589291,-0.00145416711589291,1,0.962,0.0395367372508622,0.00861253309294212,0.812,0,0.403826889427122,0.443363626677984,0.443363626677984,0,1
"Weak quantitative HTE",2000,301,0.349865504620207,0.801248884506092,0,0.00636701591051558,0.0400869698859839,-0.0152313362285902,0,0.514661398185522,0.204,0.687880935506732,0.890750983387393,-0.003688643420941,-0.003688643420941,1,0.892,0.0399054706014901,0.00873956082274195,0.825,0,0.407354622861959,0.447260093463449,0.447260093463449,0,1
"Weak quantitative HTE",2000,302,0.988612005688443,1,0,0.0117622627395196,0.0478585260268323,0.000424495365852262,0,0.504555999726808,0.524,0.575623968646865,0.875194498727395,-0.000605945046980583,-0.000605945046980583,1,0.984,0.0398702171967578,0.00841072227488484,0.8365,0,0.406233236743289,0.446103453940047,0.446103453940047,0,1
"Weak quantitative HTE",2000,303,0.17444633593196,0.249287331605861,0,0.0016741278613383,-0.0278915208801399,0.0261308490224549,0,0.634107355500873,0.062,0.605145098039216,0.833241869595265,-0.0133561334803512,-0.0133561334803512,1,0.686,0.040441144020135,0.00860930838697552,0.842,0,0.409545749574588,0.449986893594723,0.449986893594723,0,1
"Weak quantitative HTE",2000,304,0.758924810200204,0.847229817672547,0,-0.0177906909634122,0.0342186043299817,-0.00734648922508896,0,0.48185987015072,0.442,0.718271745993566,0.791409593700521,-0.000396130069634071,-0.000396130069634071,1,0.99,0.0401529944595581,0.00868349754521084,0.835,0,0.407013210555787,0.447166205015345,0.447166205015345,0,1
"Weak quantitative HTE",2000,305,0.150949444070905,0.30327546015957,0,-0.00594298419475386,0.0355997067682883,0.00138978873210049,0,0.49677928218056,0.54,0.840309924816967,0.723234650210506,-0.0405322600368866,5.27530099619922e-05,0,0.002,0.0403349410960299,0.00863472651426274,0.839,0,0.407529054845135,0.447863995941165,0.447863995941165,0,1
"Weak quantitative HTE",2000,306,0.480555403706375,0.701707154532566,0,0.00347091358783896,0.0114807709716722,0.0124671965208173,0,0.531094485390396,0.406,0.527739400079826,0.827215767919464,-0.00745037255142089,0.0328340734618734,0,0.796,0.040123341953626,0.00843580161691335,0.847,0,0.40682584840776,0.446949190361386,0.446949190361386,0,1
"Weak quantitative HTE",2000,307,0.994886921720343,1,0,0.0141456177523521,0.0190601951017467,-7.0452994928305e-05,0,0.549257233540244,0.19,0.632267401408255,0.853562540754643,-0.0248175927961431,-0.0248175927961431,1,0.372,0.0402418120034464,0.0087165451725266,0.832,0,0.407312302305655,0.447554114309101,0.447554114309101,0,1
"Weak quantitative HTE",2000,308,0.129439129542075,0.226078722436254,0,-0.00735186670023943,0.0195418071533455,0.00484623533867151,0,0.570028721704279,0.184,0.823654203129143,0.964814052853273,-0.0029613969547051,-0.0029613969547051,1,0.906,0.0397038417423437,0.00858237897726942,0.828,0,0.405440827133909,0.445144668876253,0.445144668876253,0,1
"Weak quantitative HTE",2000,309,0.264374585311591,0.414794846376376,0,0.00591206428739419,0.0413186943616111,-0.000502523111094944,0,0.48319786217822,0.318,0.596059113300493,0.875597476247623,-0.0147469925377809,-0.0147469925377809,1,0.604,0.0401064353313302,0.00868892534311416,0.8265,0,0.406861861029975,0.446968296361305,0.446968296361305,0,1
"Weak quantitative HTE",2000,310,0.801396613604107,1,0,0.0125036694327241,0.0583554900615257,0,0,0.641951736831459,0.056,0.884732052578363,0.667937947393923,0,0,1,1,0.0398351771253633,0.0085208279430332,0.838,0,0.406361701756034,0.446196878881398,0.446196878881398,0,1
"Weak quantitative HTE",2000,311,0.645654134617478,0.983492128244981,0,-0.0250836649948099,-0.0344207727458881,-0.00884697237713655,0,0.54955518890101,0.442,0.595796078431373,0.829321815086614,-0.00361141185156599,-0.00361141185156599,1,0.908,0.040041008753347,0.00858515185066069,0.84,0,0.406089407635319,0.446130416388665,0.446130416388665,0,1
"Weak quantitative HTE",2000,312,0.751363597583529,1,0,0.00965616056990745,0.0104708530956668,0.0161064083545978,0,0.530089399860072,0.25,0.73851622311338,0.938482418758346,-0.000951519835703352,-0.000951519835703352,1,0.976,0.0399637861973131,0.00846727789703156,0.841,0,0.406480028421183,0.446443814618496,0.446443814618496,0,1
"Weak quantitative HTE",2000,313,0.224469661598198,0.206325578265774,0,-0.0156967868991398,0.00437346431981176,-0.019759909832381,0,0.522163445973906,0.448,0.600213404799126,0.800882813818152,-0.00238325195253969,-0.00238325195253969,1,0.954,0.0398122693437155,0.00859822842485045,0.827,0,0.405651019227698,0.445463288571413,0.445463288571413,0,1
"Weak quantitative HTE",2000,314,0.10033476415695,0.233243204026843,0,0.0143455263586753,0.0384854715645748,-0.0190676128431588,0,0.520980683745619,0.344,0.598118616236676,0.87620886797439,-0.0126205301534509,-0.0126205301534509,1,0.656,0.0399688316044114,0.00859401749858885,0.8335,0,0.407025680731448,0.44699451233586,0.44699451233586,0,1
"Weak quantitative HTE",2000,315,0.9414442291138,1,0,0.00246722192573296,0.00289590135970485,0.0109248780748024,0,0.526227677582527,0.478,0.526337254901961,0.815526654777207,-0.00225394956288999,-0.00225394956288999,1,0.934,0.039997354461888,0.00853352205897733,0.839,0,0.406314762381662,0.44631211684355,0.44631211684355,0,1
"Weak quantitative HTE",2000,316,0.43345003347507,0.820597695477324,0,0.00105698846791319,0.0347115215275954,0.00272493552927711,0,0.509109697393579,0.258,0.639618270079435,0.777752760803657,-0.00073021120859601,-0.00073021120859601,1,0.982,0.0401663875680522,0.00870515256880552,0.8375,0,0.406630267604159,0.446796655172211,0.446796655172211,0,1
"Weak quantitative HTE",2000,317,0.200091575603659,0.118094196069041,0,-0.0138999673187868,0.0218080814565915,0.00226089644350908,0,0.587856259436579,0.062,0.845168915591451,0.970837517670553,-0.0346824488828296,0.00565235154545479,0,0.12,0.0400920393871291,0.00860103905914034,0.8385,0,0.406564155837529,0.446656195224658,0.446656195224658,0,1
"Weak quantitative HTE",2000,318,0.737962958634613,0.871600891152934,0,-0.00423741946847409,0.0191764802995997,0.0145839918417817,0,0.532673022613002,0.394,0.575393338058115,0.884869468869188,-0.0127650320379358,0.0266086703575855,0,0.682,0.0400057338083657,0.00860365584098879,0.837,0,0.406875079801902,0.446880813610268,0.446880813610268,0,1
"Weak quantitative HTE",2000,319,0.25835333708722,0.422849882132069,0,0.00770610537146089,0.0201708251599319,0.000315671220874059,0,0.508653100374212,0.386,0.666647767540751,0.925337728326626,-0.000370261830177632,-0.000370261830177632,1,0.992,0.0398815535858849,0.00853611461713616,0.8325,0,0.406660865082421,0.446542418668305,0.446542418668305,0,1
"Weak quantitative HTE",2000,320,0.504644680661489,0.655763896187324,0,0.0336894572420387,0.0341559765896219,-0.00237844868310139,0,0.531215250676606,0.486,0.566485523932333,0.847914132857953,-0.00339185594836078,-0.00339185594836078,1,0.936,0.0398942149544913,0.00865087972048641,0.835,0,0.406367453104785,0.446261668059276,0.446261668059276,0,1
"Weak quantitative HTE",2000,321,0.607311356980783,0.558858301220851,0,0.000847620418256532,0.0367877546636056,0.000381504136847011,0,0.520761339387576,0.168,0.570215874455276,0.85737960960681,-0.000214389332460541,-0.000214389332460541,1,0.996,0.0397828782632592,0.00857547352636042,0.8185,0,0.405289816787797,0.445072695051056,0.445072695051056,0,1
"Weak quantitative HTE",2000,322,0.9996430984489,1,0,0.0328777486601452,0.0464842392129577,0.00982657856430491,0,0.520803830161719,0.504,0.789566083219788,0.679067275598308,-0.0031408204649826,-0.0031408204649826,1,0.922,0.0400193965016625,0.0086235152015342,0.8345,0,0.408093009306547,0.44811240580821,0.44811240580821,0,1
"Weak quantitative HTE",2000,323,0.480857297718554,0.583835049517998,0,0.0061304745510591,0.0240631653353747,0.00266071526768785,0,0.521778738190924,0.51,0.565629424171506,0.802909739889561,-0.000533952068310528,-0.000533952068310528,1,0.99,0.0401050999366391,0.00858839814828172,0.837,0,0.406472527591812,0.446577627528451,0.446577627528451,0,1
"Weak quantitative HTE",2000,324,0.0497259390272844,0.114440265769519,1,0.00911634484852683,0.0401243562967935,0.0274870388085265,0,0.528084514798476,0.218,0.862645636839185,0.967068647697696,-0.00179779399837648,-0.00179779399837648,1,0.946,0.0403054478975839,0.00871647291200879,0.8375,0,0.408261708783311,0.448567156680895,0.448567156680895,0,1
"Weak quantitative HTE",2000,325,0.628224988909173,0.843694901495302,0,-0.0393633422261717,-0.0367870460170526,-0.0529399154859654,0,0.680110816761315,0.062,0.724749397284608,0.931451557416795,-0.014283586756597,-0.014283586756597,1,0.65,0.0403033255754135,0.00847775259484227,0.858,0,0.407989399061283,0.448292724636697,0.448292724636697,0,1
"Weak quantitative HTE",2000,326,0.317504760649325,0.202718790969229,0,0.00936792785696999,0.0478732082133249,0.00404075405215298,0,0.487223665401433,0.334,0.945961872771738,0.988947716079421,-0.00130246913406062,-0.00130246913406062,1,0.95,0.0399016537652722,0.00865409311168087,0.823,0,0.40525450949558,0.445156163260852,0.445156163260852,0,1
"Weak quantitative HTE",2000,327,0.348138328928444,0.320686258127214,0,-0.0163582052247082,0.0391902197642967,-0.0813789612513682,0,0.582055582136493,0.026,0.650164705882353,0.928376331756743,-0.0271233441937279,-0.0271233441937279,1,0.32,0.0402400578605637,0.00863376520208985,0.842,0,0.408134242078326,0.44837429993889,0.44837429993889,0,1
"Weak quantitative HTE",2000,328,0.579978881515638,0.740076135139107,0,-0.00515173719572428,0.0425570974817164,-0.0385473753277805,0,0.491039699955012,0.188,0.902479752859648,0.657320954832173,-0.0198113242841571,-0.0198113242841571,1,0.55,0.0397393246858106,0.00856869658512972,0.828,0,0.405044115044303,0.444783439730114,0.444783439730114,0,1
"Weak quantitative HTE",2000,329,0.681462595585758,0.669786635295337,0,-0.0100417428643251,-0.00816394286264907,-0.000379650988522717,0,0.541046255635836,0.466,0.666635294117647,0.78202703652244,-0.0022895542882872,-0.0022895542882872,1,0.938,0.0401980000670902,0.00866507503827292,0.8325,0,0.406781392236596,0.446979392303686,0.446979392303686,0,1
"Weak quantitative HTE",2000,330,0.270559017020981,0.733521113171962,0,0.00360834303734732,0.00483534370754816,0.0130849220697205,0,0.542950206911055,0.238,0.675538003663004,0.914519195241406,-0.012961652091508,-0.012961652091508,1,0.634,0.0404452080600742,0.00869660487272721,0.8325,0,0.408145142281559,0.448590350341633,0.448590350341633,0,1
"Weak quantitative HTE",2000,331,0.983703335898653,1,0,0.00788464242258314,-0.000451034686112917,-0.0205293253567764,0,0.563571918263512,0.358,0.708460038986355,0.862600403407943,-0.0041641069678367,-0.0041641069678367,1,0.87,0.0400167545737837,0.00872153469447806,0.8275,0,0.406983700616031,0.447000455189814,0.447000455189814,0,1
"Weak quantitative HTE",2000,332,0.19457612217665,0.168734306395806,0,-0.00452718380877937,0.0201492837957571,-0.00594527185487437,0,0.63960399175416,0.032,0.572476423332169,0.870580145145837,-0.00134637138345284,-0.00134637138345284,1,0.96,0.0400561374191149,0.00859827408402927,0.832,0,0.4075755868718,0.447631724290915,0.447631724290915,0,1
"Weak quantitative HTE",2000,333,0.557779002175912,0.519134613415378,0,-0.0112040304792626,0.0400047065462514,0,0,0.581444149706741,0.024,0.721201588877855,0.94294403340905,0,0,1,1,0.0401319930736078,0.00847859939836514,0.8415,0,0.406382637364781,0.446514630438389,0.446514630438389,0,1
"Weak quantitative HTE",2000,334,0.336775579094536,0.568166986308706,0,0.0170296777990149,0.0554293319297015,-0.00977010743394963,0,0.46786588461468,0.066,0.796211449403882,0.644161113869575,-0.000536173646768057,-0.000536173646768057,1,0.99,0.0402544567707564,0.00873572611000959,0.83,0,0.408170113289973,0.448424570060729,0.448424570060729,0,1
"Weak quantitative HTE",2000,335,0.245161168491179,0.166627433830343,0,0.022040901381451,0.0259332230612539,0.013224807686085,0,0.514297887422678,0.17,0.74438885699445,0.940851380742325,-0.0229105412499258,-0.0229105412499258,1,0.378,0.0401846096316261,0.00868844371662936,0.824,0,0.407648456473929,0.447833066105555,0.447833066105555,0,1
"Weak quantitative HTE",2000,336,0.815843732493412,1,0,-0.0192373606039217,-0.00181663112770024,-0.0117851271311126,0,0.640860653322521,0.09,0.86830313656731,0.96073678261099,-0.000708593380293998,-0.000708593380293998,1,0.976,0.0401841926229736,0.00862959655276165,0.8385,0,0.407815276114137,0.447999468737111,0.447999468737111,0,1
"Weak quantitative HTE",2000,337,0.098164391583114,0.0764649132883241,0,0.00672824752503154,0.0221265899451643,-0.000618177097193418,0,0.519343630821477,0.334,0.828305808336142,0.959055825133294,-0.0119720036459218,-0.0119720036459218,1,0.634,0.0401996305673727,0.00865133527213619,0.834,0,0.407625366721819,0.447824997289192,0.447824997289192,0,1
"Weak quantitative HTE",2000,338,0.0549646266808435,0.0509462772914373,0,0.0112640380598075,0.0271352647115511,-0.012928920699345,0,0.527943572825343,0.046,0.686428571428572,0.931486504818982,-0.00251708525328875,-0.00251708525328875,1,0.93,0.0401001121080534,0.00862684952857284,0.83,0,0.407418217700207,0.44751832980826,0.44751832980826,0,1
"Weak quantitative HTE",2000,339,0.878674310855502,1,0,0.00792096990996866,0.0225068518718992,0,0,0.524735012064901,0.512,0.597807728103133,0.919039461118143,0,0,1,1,0.0401402801082897,0.00865225975148151,0.835,0,0.406851987032453,0.446992267140742,0.446992267140742,0,1
"Weak quantitative HTE",2000,340,0.521593761257123,0.558176393224294,0,-0.0104811278462871,-0.0149962296594425,-0.0410501614639537,0,0.510322717303853,0.054,0.536222203668142,0.806238813762363,-0.0205368857998216,-0.0205368857998216,1,0.502,0.0399117703533071,0.00862820301541766,0.8245,0,0.405905252596833,0.44581702295014,0.44581702295014,0,1
"Weak quantitative HTE",2000,341,0.815069789770782,1,0,-0.0137405885681995,0.0249531118603553,-0.00602970385534962,0,0.657839888474829,0.034,0.861038716784438,0.662224481757854,-0.00511723673472037,-0.00511723673472037,1,0.878,0.0400268837380038,0.00865795688794516,0.8335,0,0.407112263986236,0.44713914772424,0.44713914772424,0,1
"Weak quantitative HTE",2000,342,0.585620051082374,0.780509754604763,0,-0.00207791857841877,0.0406717885113907,-0.0174937729505554,0,0.533310001873164,0.132,0.650758044554455,0.875491781349012,-0.00378125478748675,-0.00378125478748675,1,0.884,0.039586378471388,0.00857723102153473,0.8195,0,0.405229145130559,0.444815523601947,0.444815523601947,0,1
"Weak quantitative HTE",2000,343,0.813170156099079,1,0,0.0116829729306274,0.0467247373052109,0.0149199507125858,0,0.502653340542303,0.53,0.712722400059555,0.695611204572096,-0.0373876224561033,0.00249706216173468,0,0.078,0.0399829405703769,0.00884002306090587,0.813,0,0.406689652551285,0.446672593121662,0.446672593121662,0,1
"Weak quantitative HTE",2000,344,0.940714963863086,1,0,-0.000119616379414705,0.0561783915963875,0.00581805167097393,0,0.483266957357785,0.546,0.641020552799433,0.911391427545196,-0.0399971415465301,0.000283703617489084,0,0.006,0.0399507146071461,0.00868201033734338,0.834,0,0.407182961118603,0.447133675725749,0.447133675725749,0,1
"Weak quantitative HTE",2000,345,0.016615182199967,0.0133741135108902,1,0.0182307772256079,0.0271860463379604,0.0170326615241591,0,0.53639371370609,0.328,0.546439476016941,0.898412040065949,-0.0141469633177341,-0.0141469633177341,1,0.644,0.0399750629378301,0.0086076055623818,0.8345,0,0.406302936539383,0.446277999477213,0.446277999477213,0,1
"Weak quantitative HTE",2000,346,0.337837847155259,0.557339339362353,0,-0.00436663027071507,0.0611019970382659,-0.0387737143242873,0,0.510732467840882,0.22,0.865506136833151,0.97517985173081,-0.0134606764839307,-0.0134606764839307,1,0.614,0.0399929370486513,0.00856046109420626,0.8335,0,0.406079110427157,0.446072047475808,0.446072047475808,0,1
"Weak quantitative HTE",2000,347,0.545214190654591,1,0,-0.00129611533095635,0.0315681571764428,-0.0307553682313219,0,0.525380310500958,0.358,0.876693903628232,0.721713808682882,-0.0130543679452523,-0.0130543679452523,1,0.69,0.0400692281338531,0.00845035700977507,0.8415,0,0.406657942102905,0.446727170236758,0.446727170236758,0,1
"Weak quantitative HTE",2000,348,0.319327892384581,0.324538412666324,0,-0.0125146623212116,-0.0542871255400362,0.00949087063074405,0,0.754263699610298,0.02,0.805836422873834,0.958523348119987,-0.0107695798681612,-0.0107695798681612,1,0.748,0.039912643553988,0.00874010667749864,0.821,0,0.407175243571644,0.447087887125632,0.447087887125632,0,1
"Weak quantitative HTE",2000,349,0.696599695483162,0.794787103182902,0,-0.00873538968919625,0.00126186876856897,0.00204908077771576,0,0.528395579779705,0.418,0.623040466642362,0.880860107147853,-0.000100918541250994,-0.000100918541250994,1,0.998,0.0397652112408725,0.00865035631766642,0.827,0,0.405192892309693,0.444958103550565,0.444958103550565,0,1
"Weak quantitative HTE",2000,350,0.825406206851893,1,0,0.00672020004433983,0.0830487280061516,0.00622404270160221,0,0.574993043664715,0.054,0.743186304841038,0.768093491827224,-0.0364278443034886,0.003487171212044,0,0.1,0.0404431740206501,0.00867618154689304,0.839,0,0.408404720390059,0.448847894410709,0.448847894410709,0,1
"Weak quantitative HTE",2000,351,0.745798895899936,1,0,-0.0014528480933444,0.0406689076768322,-0.00251654454611905,0,0.489082488360817,0.448,0.70145221209051,0.755458737853332,-0.000106823857092431,-0.000106823857092431,1,0.998,0.0403092084836167,0.0084195112584646,0.8535,0,0.408750567865072,0.449059776348689,0.449059776348689,0,1
"Weak quantitative HTE",2000,352,0.65022525657385,0.653687545546324,0,-0.00824080784182229,0.0207869444890942,-0.0154638780987056,0,0.581172213279091,0.06,0.739860612201038,0.940543073775111,-0.00755603309373881,-0.00755603309373881,1,0.78,0.0398465364053933,0.00857109640152803,0.8325,0,0.406618283223816,0.446464819629209,0.446464819629209,0,1
"Weak quantitative HTE",2000,353,0.365811994305397,0.649678916582305,0,0.0110376100302537,0.0340867342504539,-0.00217013776742703,0,0.502653340542303,0.53,0.495342815831063,0.843120795556598,-0.0378367090101518,0.0025273295847445,0,0.07,0.0402645983598029,0.0085819211042677,0.846,0,0.407675381454611,0.447939979814414,0.447939979814414,0,1
"Weak quantitative HTE",2000,354,0.957019994418975,1,0,0.0240745872433906,0.0500672774437788,-0.00100351667178483,0,0.504668379902996,0.528,0.764951370468612,0.958199275899808,-0.000265528979502327,-0.000265528979502327,1,0.992,0.040011428345966,0.00863599724610555,0.8355,0,0.406665617279737,0.446677045625703,0.446677045625703,0,1
"Weak quantitative HTE",2000,355,0.520902376844782,0.54802467448869,0,0.010882867807246,0.0594030622155964,0.003897081474385,0,0.486415543258555,0.528,0.533280297003447,0.837553478576856,-0.00173696243745974,-0.00173696243745974,1,0.958,0.040059623884077,0.00859178247272198,0.832,0,0.40654881106041,0.446608434944487,0.446608434944487,0,1
"Weak quantitative HTE",2000,356,0.541830184465896,0.63447235808718,0,0.00350724497617261,0.00715287359590872,-0.00132282656496241,0,0.527634106225029,0.392,0.678811782877316,0.882147616201581,-0.000415152987399581,-0.000415152987399581,1,0.986,0.0398360320886522,0.00862909170478866,0.8375,0,0.404598694270065,0.444434726358717,0.444434726358717,0,1
"Weak quantitative HTE",2000,357,0.249426478513228,0.245139283993656,0,0.00118635088484932,0.0427079592960599,0.0366760995284175,0,0.513087978200044,0.252,0.876643073811931,0.972513026421497,-0.0189080422408122,0.0214983762096283,0,0.466,0.0399938610608015,0.0086154346851871,0.827,0,0.406781864132267,0.446775725193069,0.446775725193069,0,1
"Weak quantitative HTE",2000,358,0.218340037841487,0.490480376893279,0,0.00519201658359742,0.0437127579134552,0.00600731646260816,0,0.549908680823664,0.124,0.572994018151815,0.863829713341657,-0.000628577462986724,-0.000628577462986724,1,0.984,0.0399941570420752,0.00854007290392299,0.832,0,0.407051483727085,0.447045640769161,0.447045640769161,0,1
"Weak quantitative HTE",2000,359,0.444596736399309,0.585149509918557,0,-0.0100356743704888,0.0119477052470074,0.0274831968029507,0,0.525547114677174,0.45,0.658178174835101,0.883159944395613,-0.0045168540397213,0.03505821318099,0,0.858,0.039892167006407,0.00853593439046564,0.839,0,0.405803638523012,0.445695805529419,0.445695805529419,0,1
"Weak quantitative HTE",2000,360,0.791823528742141,0.985060612763194,0,-0.00592673727489994,0.00644494843360702,0.00226816862066714,0,0.493975974259012,0.044,0.576157338993525,0.779168481102872,-0.000101456476687911,-0.000101456476687911,1,0.998,0.0398700821318758,0.00857028908805329,0.8315,0,0.405662970838674,0.44553305297055,0.44553305297055,0,1
"Weak quantitative HTE",2000,361,0.876687756859623,1,0,0.0129993093567769,0.0188678447095392,0.0214517977601635,0,0.537341700156881,0.136,0.629828451394562,0.890232128781341,-0.0142886600817259,-0.0142886600817259,1,0.628,0.0399169236983941,0.00873887348929278,0.824,0,0.406805202997522,0.446722126695916,0.446722126695916,0,1
"Weak quantitative HTE",2000,362,0.0732922005710918,0.138817157143056,0,0.0251809860655869,0.0461225801857893,0.0197644462762067,0,0.497655950870816,0.332,0.782668291197076,0.931801394863911,-0.0138381558708871,-0.0138381558708871,1,0.604,0.0395605543209215,0.00868947065869629,0.8185,0,0.404910159089894,0.444470713410815,0.444470713410815,0,1
"Weak quantitative HTE",2000,363,0.98298157361289,1,0,-0.00172276772856458,0.000359193099248676,-0.0101515077607461,0,0.538714255886181,0.37,0.535501489572989,0.862703067565122,-0.00701056467411593,-0.00701056467411593,1,0.838,0.0401324175093045,0.00861993278287095,0.8415,0,0.407363006323894,0.447495423833199,0.447495423833199,0,1
"Weak quantitative HTE",2000,364,0.759792702428863,1,0,0.00123034304859916,0.0130798327455642,-0.0370681485476921,0,0.571116937312188,0.19,0.503372220196865,0.877420264678377,-0.0238763279733078,-0.0238763279733078,1,0.39,0.0399684597740814,0.00858007952713565,0.83,0,0.405756356102211,0.445724815876292,0.445724815876292,0,1
"Weak quantitative HTE",2000,365,0.911983289377864,1,0,0.00451255539116589,-0.00782319316629236,-0.00185101126702891,0,0.54767120665023,0.488,0.515258215962441,0.8776116500445,-9.97501274492274e-05,-9.97501274492274e-05,1,0.998,0.0402850062007441,0.00862468525508662,0.8385,0,0.40790498841894,0.448189994619684,0.448189994619684,0,1
"Weak quantitative HTE",2000,366,0.499289384500826,0.472421492385129,0,-0.00551286186893733,0.0462173565980155,-0.019306959818358,0,0.521951318654932,0.186,0.706931886678722,0.900548779812502,-0.00131177967795792,-0.00131177967795792,1,0.952,0.0395801159397514,0.00866146555549405,0.8105,0,0.406140550835586,0.445720666775338,0.445720666775338,0,1
"Weak quantitative HTE",2000,367,0.0838638772971557,0.0885781642984399,0,0.00859069131823876,0.0159443894795914,-4.10520751281118e-05,0,0.565159359442362,0.088,0.57979407979408,0.921599292383178,-0.00236671461741045,-0.00236671461741045,1,0.93,0.0402270083600693,0.00867017977906969,0.842,0,0.408161176854379,0.448388185214449,0.448388185214449,0,1
"Weak quantitative HTE",2000,368,0.231619729540455,0.375494073626614,0,-0.0102701810324662,0.0461502652390159,-0.0281993224571981,0,0.579760328054901,0.04,0.706874593892138,0.917093087306609,-0.00561512195616681,-0.00561512195616681,1,0.848,0.0399373917832554,0.00850927832533213,0.8315,0,0.405789098312934,0.44572649009619,0.44572649009619,0,1
"Weak quantitative HTE",2000,369,0.28031800614208,0.290643041788573,0,0.0137904876393332,0.0441127203685681,-0.00444744902308175,0,0.511338028568938,0.434,0.85995747696669,0.968773176208837,-0.000495132289202338,-0.000495132289202338,1,0.982,0.039938099382053,0.00862774129967735,0.828,0,0.406917096595858,0.446855195977911,0.446855195977911,0,1
"Weak quantitative HTE",2000,370,0.850597625184878,1,0,0.00522615682130981,0.0193877448537241,-0.00600173041247981,0,0.523964516536645,0.492,0.903562273490675,0.977064256373943,-0.00112533430839523,-0.00112533430839523,1,0.958,0.040145938482641,0.00856307454267565,0.8345,0,0.406718155722314,0.446864094204954,0.446864094204954,0,1
"Weak quantitative HTE",2000,371,0.678987359239963,0.805199149107557,0,-0.0275245919086034,-0.00283522705244862,5.79954607870525e-05,0,0.510771509398515,0.526,0.59601539225422,0.895232692689025,-0.000172898120186837,-0.000172898120186837,1,0.996,0.0398384178608705,0.00872341479308467,0.8175,0,0.405828257044772,0.445666674905643,0.445666674905643,0,1
"Weak quantitative HTE",2000,372,0.177682361639975,0.146720720732729,0,0.0123003539550781,0.0438553833936621,0.0283255990736006,0,0.496790669656029,0.082,0.564223954642098,0.886554448754172,-0.033883694495375,0.00625186509807163,0,0.136,0.0402162229172999,0.008557180828604,0.8325,0,0.407182209072503,0.447398431989802,0.447398431989802,0,1
"Weak quantitative HTE",2000,373,0.59701622466673,0.656405023897206,0,0.00236465791464386,0.0383850179765489,0.0053099515601141,0,0.491812338451281,0.526,0.573958333333333,0.809128361049886,-0.00165963768615107,-0.00165963768615107,1,0.964,0.0400530865587816,0.00863318398740752,0.828,0,0.405524195955649,0.445577282514431,0.445577282514431,0,1
"Weak quantitative HTE",2000,374,0.752240968377134,1,0,0.00368705639867678,0.0104348703852998,0.00659978038303544,0,0.527136112458393,0.486,0.58968058968059,0.872960635590742,-0.00149273648329923,-0.00149273648329923,1,0.952,0.0400572058936887,0.00875015103511577,0.822,0,0.406346012465972,0.446403218359661,0.446403218359661,0,1
"Weak quantitative HTE",2000,375,0.977302727885573,1,0,0.0125958222535462,0.017335766901126,0.0137168472894128,0,0.527969117242836,0.496,0.916082554517135,0.696525304692657,-0.00107237932615262,-0.00107237932615262,1,0.974,0.0402895539690335,0.00856276726651837,0.8385,0,0.407974268911041,0.448263822880075,0.448263822880075,0,1
"Weak quantitative HTE",2000,376,0.0586129225106304,0.243640304276586,0,-0.00117276973291078,0.0235904830396824,-0.00112830738083808,0,0.515460604137033,0.476,0.799376328844791,0.707623104581001,-0.00341308895962905,-0.00341308895962905,1,0.91,0.0398249490032334,0.00877272955932804,0.8255,0,0.405865118798882,0.445690067802116,0.445690067802116,0,1
"Weak quantitative HTE",2000,377,0.163917368130509,0.0841172983417821,0,-0.0263514773634946,-0.00809196791800356,-0.00528989523132611,0,0.730659045912169,0.018,0.639376328844791,0.819514106976416,-0.000305796147714144,-0.000305796147714144,1,0.994,0.0405446639703884,0.00885595063647515,0.8325,0,0.408451921519553,0.448996585489942,0.448996585489942,0,1
"Weak quantitative HTE",2000,378,0.112262346086892,0.281051940824411,0,0.0228103619650196,0.0421424731935052,0.0210523200500956,0,0.443907047782744,0.106,0.534535809018568,0.84957228201407,-0.0211264281370998,-0.0211264281370998,1,0.474,0.0399499942526873,0.00854572912759435,0.831,0,0.406788828887958,0.446738823140645,0.446738823140645,0,1
"Weak quantitative HTE",2000,379,0.0690999045978374,0.110042583604932,0,0.0208964522147503,0.0342931133678073,0.0295235143131619,0,0.511063683960974,0.422,0.66149490046517,0.879360653869694,-0.00680783477391123,-0.00680783477391123,1,0.796,0.0401192210408734,0.0086150642135411,0.8395,0,0.406984102378929,0.447103323419802,0.447103323419802,0,1
"Weak quantitative HTE",2000,380,0.292537578583014,0.497246012429902,0,-0.0139831400913415,0.00910173303552342,0,0,0.525342273317377,0.362,0.440093512565751,0.858862488390045,0,0,1,1,0.0396427165103198,0.00860989644891381,0.8195,0,0.405547985715223,0.445190702225543,0.445190702225543,0,1
"Weak quantitative HTE",2000,381,0.955786430189274,1,0,-0.00985178433482907,0.0304515000061811,0.00342750480747028,0,0.570066712190313,0.148,0.530895405010673,0.825382634944451,-0.000321185426948367,-0.000321185426948367,1,0.992,0.0401479972170724,0.00850142963540238,0.848,0,0.406817197572747,0.446965194789819,0.446965194789819,0,1
"Weak quantitative HTE",2000,382,0.338158602288211,0.541975560684569,0,0.040183517421339,0.0605202472671986,0.0419202684596016,0,0.495276620760108,0.344,0.592091124006017,0.828822210284441,-0.0139903037196541,-0.0139903037196541,1,0.624,0.0400925457369625,0.00858924927850655,0.8365,0,0.406324361123763,0.446416906860726,0.446416906860726,0,1
"Weak quantitative HTE",2000,383,0.255720271390468,0.632962859116329,0,0.00098249556105196,0.0219369210562148,0.0309261798907538,0,0.518476579262305,0.398,0.952972549019608,0.991748636092115,-0.00742994425803389,0.0330908075775453,0,0.76,0.0401145969678361,0.00864722837994604,0.828,0,0.406421756411445,0.446536353379281,0.446536353379281,0,1
"Weak quantitative HTE",2000,384,0.614133266094505,0.963318273883691,0,-0.027170853385119,0.016180177171105,-0.0369387505203109,0,0.566150082653379,0.038,0.642235217673814,0.750223452399709,-0.00725663047177538,-0.00725663047177538,1,0.844,0.0397894824736377,0.00861032754820523,0.8215,0,0.405863158645041,0.445652641118678,0.445652641118678,0,1
"Weak quantitative HTE",2000,385,0.757148346615951,1,0,0.00155919411572226,0.0295480392967403,0.00993549408610678,0,0.497706202973768,0.488,0.715441038179425,0.750091948083128,-0.00479443072544944,-0.00479443072544944,1,0.902,0.0400042859677839,0.00865154068776367,0.8285,0,0.406510519817059,0.446514805784843,0.446514805784843,0,1
"Weak quantitative HTE",2000,386,0.981677317081795,1,0,0.00652585553318898,0.0110102480546779,0.0062650425430516,0,0.53816522568255,0.204,0.546092049759532,0.851082998018972,-0.0252096173170017,-0.0252096173170017,1,0.392,0.0398170845629785,0.00863166088974688,0.827,0,0.405933632239248,0.445750716802226,0.445750716802226,0,1
"Weak quantitative HTE",2000,387,0.540063528249803,0.834257019727133,0,0.0052842406560748,0.0563523426335621,-0.0152877030973612,0,0.488488103036631,0.424,0.778742040355732,0.692217357880139,-0.0103053499010714,-0.0103053499010714,1,0.766,0.0400458130665549,0.00856503514735067,0.841,0,0.406274380354546,0.446320193421101,0.446320193421101,0,1
"Weak quantitative HTE",2000,388,0.701668742702366,1,0,0.00510129246986226,0.0272815920164934,0.00975801323748199,0,0.510993693127956,0.288,0.6981,0.896887421237431,-0.000910780680776602,-0.000910780680776602,1,0.982,0.0399240998617325,0.0087796255369715,0.8195,0,0.406223615763833,0.446147715625565,0.446147715625565,0,1
"Weak quantitative HTE",2000,389,0.177177653451903,0.334877773725854,0,-0.0259118586115548,-0.030562274794519,-0.0374684282701485,0,0.611198116139375,0.204,0.793018592781626,0.9438205314074,-0.0171429106670415,-0.0171429106670415,1,0.556,0.0401292191284289,0.0086690795950228,0.83,0,0.407535122126379,0.447664341254807,0.447664341254807,0,1
"Weak quantitative HTE",2000,390,0.0442962509986853,0.0268936861820352,1,0.0347247549712839,0.0596330968982977,0.0111649417426812,0,0.478899456874492,0.106,0.533171898704633,0.888303673433903,-0.0286449793068642,-0.0286449793068642,1,0.256,0.0397325359440827,0.00868155201410344,0.823,0,0.405686166142226,0.445418702086309,0.445418702086309,0,1
"Weak quantitative HTE",2000,391,0.132002390505186,0.0615910622229685,0,-0.0016745979863939,0.0394116150907418,-0.00861895596632006,0,0.479740370602601,0.09,0.828467041232999,0.964982621733975,-0.00163900856006433,-0.00163900856006433,1,0.956,0.0399869557366124,0.00865995786074877,0.827,0,0.406215509696119,0.446202465432731,0.446202465432731,0,1
"Weak quantitative HTE",2000,392,0.0206922738419727,0.00804183233921036,1,0.00823044217034727,0.00689145726595953,0.0428288174090425,0,0.523371230931401,0.44,0.83969185619956,0.680953030818133,-0.00561921227531831,-0.00561921227531831,1,0.86,0.039901711139425,0.00862435412959604,0.831,0,0.405989265012361,0.445890976151786,0.445890976151786,0,1
"Weak quantitative HTE",2000,393,0.627163888685451,1,0,0.00510549533666905,0.0126904111566379,0.0107853162499505,0,0.549503031352043,0.128,0.823874509803922,0.70686904906203,-0.00667801489614006,-0.00667801489614006,1,0.83,0.0401962454102914,0.00856721376725202,0.837,0,0.407061808283446,0.447258053693737,0.447258053693737,0,1
"Weak quantitative HTE",2000,394,0.889261594049294,1,0,-0.00520424562011709,-0.0216890864544429,-0.0135302271353098,0,0.570095148876494,0.258,0.522738095238095,0.858617705575405,-0.0010589880781583,-0.0010589880781583,1,0.972,0.0401026275792528,0.00858139528488283,0.8355,0,0.407998399809644,0.448101027388897,0.448101027388897,0,1
"Weak quantitative HTE",2000,395,0.823561207768551,1,0,0.0125137273120617,0.0150998532446151,-0.0176840864277608,0,0.546924103651436,0.468,0.555654761904762,0.858131441948292,-0.00180811187395052,-0.00180811187395052,1,0.954,0.039946431265567,0.00861933981026949,0.8335,0,0.406092233997672,0.446038665263239,0.446038665263239,0,1
"Weak quantitative HTE",2000,396,0.342689732629665,0.347409607231494,0,-0.0147124308201022,-0.00475535797863363,0.00209340863221164,0,0.568421826493603,0.258,0.510538500856911,0.821022118856278,-0.00179542779042857,-0.00179542779042857,1,0.94,0.0399305085659856,0.00862149099728827,0.8275,0,0.40645417143545,0.446384680001436,0.446384680001436,0,1
"Weak quantitative HTE",2000,397,0.135213537758457,0.150978527703403,0,0.0169716106515652,0.0268125800476323,0.00827127298511587,0,0.522984735127971,0.486,0.971268315018315,0.993997658372653,-0.00207423088737962,-0.00207423088737962,1,0.924,0.0401118355494992,0.00852809476270464,0.8345,0,0.406807424870474,0.446919260419974,0.446919260419974,0,1
"Weak quantitative HTE",2000,398,0.716080391026923,0.857890784973044,0,-0.00756010969529673,0.00257999769555878,0,0,0.530710602129088,0.506,0.683090007087172,0.782460749182179,0,0,1,1,0.0402558223679855,0.00874550451170022,0.8385,0,0.408482184040603,0.448738006408589,0.448738006408589,0,1
"Weak quantitative HTE",2000,399,0.565969518117554,0.771218280330348,0,0.0142732724673168,0.0259178154498019,0.00258335172663843,0,0.375514358746741,0.042,0.572419173095259,0.83402559603506,-0.000930602988922391,-0.000930602988922391,1,0.98,0.0401017182330427,0.00858860787910947,0.838,0,0.405429882887892,0.445531601120934,0.445531601120934,0,1
"Weak quantitative HTE",2000,400,0.84007157781257,1,0,0.0052334004034473,0.0621712146631721,-0.00529549965243237,0,0.482866355551128,0.496,0.728401303224356,0.75681612211899,-0.00539153106811346,-0.00539153106811346,1,0.864,0.0398533871810291,0.0086858900672144,0.8175,0,0.405985572332312,0.445838959513341,0.445838959513341,0,1
"Weak quantitative HTE",2000,401,0.621806133540617,0.757548535379069,0,0.0161987631004567,0.0210521758616763,0.0330744279438112,0,0.619845249353792,0.07,0.592289719626168,0.906472086982403,-0.00776107265961024,-0.00776107265961024,1,0.814,0.0402657784644338,0.00875428371873719,0.8375,0,0.406918508805284,0.447184287269718,0.447184287269718,0,1
"Weak quantitative HTE",2000,402,0.560635495504986,0.691520251375296,0,0.00713231880592433,0.052489877843027,0,0,0.488770768452328,0.548,0.533422293942403,0.89131337376525,0,0,1,1,0.040470268237796,0.00861957664687238,0.845,0,0.40941643888738,0.449886707125176,0.449886707125176,0,1
"Weak quantitative HTE",2000,403,0.37039047646695,0.511156619556841,0,0.00314807812565038,0.0361880377142848,-0.00366997929191393,0,0.503323034553729,0.518,0.791034005833007,0.945817995336963,-0.000837904015268287,-0.000837904015268287,1,0.97,0.0400553937595042,0.00853081031050984,0.8315,0,0.406661934572143,0.446717328331647,0.446717328331647,0,1
"Weak quantitative HTE",2000,404,0.677397408985285,0.70203603596707,0,0.0125435407090426,0.00303433447906687,0.0216634025705346,0,0.532136062645516,0.452,0.531512419340582,0.882807150315416,-0.00419393279015184,-0.00419393279015184,1,0.892,0.0399303509046752,0.00859523679967766,0.8365,0,0.406767761635687,0.446698112540362,0.446698112540362,0,1
"Weak quantitative HTE",2000,405,0.193820796559117,0.244693781684054,0,0.0195808984087943,0.02231884087494,0,0,0.521880342963502,0.26,0.713483699399192,0.947943564593179,0,0,1,1,0.0401215232129824,0.00857235473135106,0.839,0,0.408638646331838,0.448760169544821,0.448760169544821,0,1
"Weak quantitative HTE",2000,406,0.261804487512234,0.457312282769891,0,-0.0043222129328043,-0.00266164829048827,0.0127810114539565,0,0.546093350804662,0.336,0.69147478438432,0.713607412303711,-0.00301064190744665,-0.00301064190744665,1,0.928,0.0400857960693951,0.00864321956309232,0.8345,0,0.407248179183151,0.447333975252546,0.447333975252546,0,1
"Weak quantitative HTE",2000,407,0.623387485274752,0.704217877857333,0,-0.000721648359900089,-0.00257892600910122,-0.00909648268544866,0,0.544789247606829,0.434,0.826962128134836,0.954668652366937,-0.00283298143998695,-0.00283298143998695,1,0.918,0.0401191245956707,0.00864761262962697,0.83,0,0.408744874286808,0.448863998882479,0.448863998882479,0,1
"Weak quantitative HTE",2000,408,0.702466952404081,1,0,-0.0108446331553505,-0.0161391605874701,0.00126563655352135,0,0.544203266415409,0.482,0.636389652014652,0.801323032764064,-0.000981101113756322,-0.000981101113756322,1,0.978,0.0403227203672202,0.00870620262886083,0.8335,0,0.407452519474019,0.447775239841239,0.447775239841239,0,1
"Weak quantitative HTE",2000,409,0.5021063937367,0.624690810770905,0,0.0173584999681869,0.0216795300727782,0.000528608994847579,0,0.536754122739793,0.498,0.613676212741087,0.906882127886382,-0.0370963001235323,-0.0370963001235323,1,0.074,0.0400751596596131,0.00875816069879887,0.8255,0,0.40746975766095,0.447544917320563,0.447544917320563,0,1
"Weak quantitative HTE",2000,410,0.982628772424877,1,0,-0.0116180541818053,0.00493063292698519,-0.00188587935188755,0,0.525923956421941,0.498,0.807631293312182,0.950549096174529,-9.68807580744024e-05,-9.68807580744024e-05,1,0.998,0.0401881028405371,0.00872096387758473,0.837,0,0.406935509744026,0.447123612584563,0.447123612584563,0,1
"Weak quantitative HTE",2000,411,0.677529654406386,0.958901428026664,0,-0.00272882620003114,0.0363984561064682,-0.00580549295815619,0,0.505649844991227,0.526,0.917533664068037,0.656394311893846,-0.000542699133764257,-0.000542699133764257,1,0.99,0.0403104973317468,0.0087237347136419,0.836,0,0.408238545648745,0.448549042980492,0.448549042980492,0,1
"Weak quantitative HTE",2000,412,0.0278756483396501,0.0486177467169942,1,-0.00638501358416651,-0.0161349998822729,0.00148652082385242,0,0.542253748756343,0.462,0.612617924528302,0.79480078644584,-0.00274836377736043,-0.00274836377736043,1,0.932,0.0402714579580968,0.00859826747091261,0.843,0,0.408973072713527,0.449244530671623,0.449244530671623,0,1
"Weak quantitative HTE",2000,413,0.206832528703392,0.268552000600402,0,3.92465637902042e-05,-0.0231963442426641,0.0391602544944638,0,0.696222392988708,0.028,0.89029057406095,0.6644191389638,-0.0376700899140697,-0.0376700899140697,1,0.064,0.0395929909482961,0.00855949022635816,0.826,0,0.404110011413284,0.44370300236158,0.44370300236158,0,1
"Weak quantitative HTE",2000,414,0.760461241194406,1,0,-0.0226422309248673,-0.00373557905510545,-0.0468187773699728,0,0.562631224030369,0.238,0.800170894840744,0.950262272359465,-0.00668912011093503,-0.00668912011093503,1,0.812,0.0402945291978293,0.00869830146829332,0.843,0,0.40796340002559,0.448257929223419,0.448257929223419,0,1
"Weak quantitative HTE",2000,415,0.688281622462475,0.706792351734645,0,0.00142198982593978,0.0498248081259624,-0.0549839012872539,0,0.512218159662149,0.274,0.960227272727272,0.991785156289967,-0.0161239686536381,-0.0161239686536381,1,0.508,0.0400068321737459,0.00861551795025972,0.835,0,0.406952533119087,0.446959365292833,0.446959365292833,0,1
"Weak quantitative HTE",2000,416,0.404758397244785,0.493267110189744,0,-0.00512277989469717,-0.0210471217206266,-0.00524973175331472,0,0.659146301786241,0.024,0.688545351325385,0.824914729630606,-0.00641326072049664,-0.00641326072049664,1,0.832,0.0403479790662709,0.00858807061525202,0.847,0,0.407670073518152,0.448018052584423,0.448018052584423,0,1
"Weak quantitative HTE",2000,417,0.964868615778651,1,0,-0.0139888684607775,0.0107052522588493,-0.0289853492885596,0,0.513738123485244,0.52,0.639665086250378,0.911843279366523,-0.0364076607036482,-0.0364076607036482,1,0.106,0.0398624793747574,0.00872018228042069,0.8215,0,0.406221139582033,0.44608361895679,0.44608361895679,0,1
"Weak quantitative HTE",2000,418,0.249306642796634,0.332541964246306,0,0.00987060443988669,0.0428648803819886,0.044131722461496,0,0.493616602344514,0.158,0.60091857000993,0.905705533268871,-0.0273526424007168,0.0131050046163971,0,0.274,0.039921305906847,0.00860018952858208,0.8345,0,0.405493819578429,0.445415125485276,0.445415125485276,0,1
"Weak quantitative HTE",2000,419,0.856699937071429,1,0,0.00909160557636686,0.0395220139344611,0.0108759894060687,0,0.509499017659035,0.412,0.467095101500441,0.868093942003254,-0.0348477450131208,0.00476784671069247,0,0.104,0.039933473123995,0.00873481665777961,0.829,0,0.406976823003522,0.446910296127517,0.446910296127517,0,1
"Weak quantitative HTE",2000,420,0.391078589064201,0.664997778063195,0,0.00302679227721518,0.012921121395346,0.00428310118028541,0,0.560789380926315,0.224,0.671296952515946,0.889593426973928,-0.0159806509679692,0.0242300698184412,0,0.576,0.0400055776797366,0.00862186936630485,0.8295,0,0.406870077789918,0.446875655469655,0.446875655469655,0,1
"Weak quantitative HTE",2000,421,0.861397426226359,1,0,0.0075787752954809,0.092761453578058,-0.0173854812321852,0,0.46164580044879,0.526,0.661263760076276,0.782180119167533,-0.00362771102425818,-0.00362771102425818,1,0.912,0.0399113607071158,0.00872709121165782,0.8275,0,0.406309160932723,0.446220521639839,0.446220521639839,0,1
"Weak quantitative HTE",2000,422,0.483676683173497,0.562648259540623,0,-0.00439018432817862,0.0582448612831895,-0.000178682998685009,0,0.464252910633708,0.568,0.943899621161235,0.987142287915075,-0.00021273156485796,-0.00021273156485796,1,0.992,0.039891338548568,0.00868820390423798,0.826,0,0.406365998039375,0.446257336587943,0.446257336587943,0,1
"Weak quantitative HTE",2000,423,0.321451877577608,0.257453646137045,0,-0.00359643576374964,0.0430130600697841,-0.0739040503034588,0,0.492573713886244,0.5,0.734524210762836,0.717212206780123,-0.0336767346082125,-0.0336767346082125,1,0.162,0.0399309998204553,0.0086802633189724,0.8305,0,0.407802383618082,0.447733383438538,0.447733383438538,0,1
"Weak quantitative HTE",2000,424,0.320494539487618,0.40777688866063,0,0.0017886915041329,0.00831062846218684,-0.0217622452317333,0,0.546859687841098,0.4,0.51819349900216,0.845971964596035,-0.00892291519332922,-0.00892291519332922,1,0.81,0.03989468395053,0.00857584689779597,0.835,0,0.406352957170629,0.446247641121159,0.446247641121159,0,1
"Weak quantitative HTE",2000,425,0.310450811035365,0.269751207006281,0,-0.00168612762020093,0.009745625785742,0.0139372946922569,0,0.503629715351117,0.494,0.688671096345515,0.925568644480781,-0.00240117687366642,-0.00240117687366642,1,0.924,0.0401672091186545,0.00851084493378711,0.8375,0,0.407349642398781,0.447516851517436,0.447516851517436,0,1
"Weak quantitative HTE",2000,426,0.540270164748228,0.650795557608158,0,-0.0152062174196443,0.033549250288232,-0.0833292831818965,0,0.527257390109763,0.112,0.493992156862745,0.86548995212878,-0.0242697631035763,-0.0242697631035763,1,0.416,0.0400584105404164,0.00860543449365431,0.8385,0,0.407385733013271,0.447444143553688,0.447444143553688,0,1
"Weak quantitative HTE",2000,427,0.588186793869243,0.792852070855641,0,0.0124669801140202,0.0587973671683937,-0.0721548902784208,0,0.56274164288926,0.07,0.804000686813187,0.958385347342773,-0.0331529031114526,-0.0331529031114526,1,0.172,0.0402128380482276,0.00862437308859592,0.836,0,0.407648556624852,0.447861394673079,0.447861394673079,0,1
"Weak quantitative HTE",2000,428,0.84689918621238,1,0,-0.00930010042669852,0.0193263906615893,0.00526241287568718,0,0.54484856285947,0.138,0.870669682259488,0.66230373984188,-0.00152826226832398,-0.00152826226832398,1,0.96,0.0399864317524607,0.00846858747991807,0.84,0,0.405567515666618,0.445553947419079,0.445553947419079,0,1
"Weak quantitative HTE",2000,429,0.669541460866112,0.70650647537051,0,0.0171207016647781,0.011715954366306,0.00402590149396836,0,0.579103434398988,0.042,0.524919314796425,0.867180234540295,-0.000767856273681089,-0.000767856273681089,1,0.984,0.0402427101644219,0.00853646327607589,0.843,0,0.408278011916544,0.448520722080966,0.448520722080966,0,1
"Weak quantitative HTE",2000,430,0.0206335681483505,0.0559143994714905,1,-0.00158583880011199,0.0479540182828742,-0.0911493168472212,0,0.541724576992292,0.09,0.532252617359,0.880856600716064,-0.0258888001311009,-0.0258888001311009,1,0.378,0.0399392101481687,0.00848558096000302,0.841,0,0.405588667380808,0.445527877528977,0.445527877528977,0,1
"Weak quantitative HTE",2000,431,0.631975136955796,0.57535755499917,0,-0.00892000468440893,0.0153576977111725,-0.0311161010363246,0,0.542082252519839,0.28,0.564710001166997,0.845687554897798,-0.0175441769090759,-0.0175441769090759,1,0.552,0.0398058126223602,0.00858393221998478,0.824,0,0.405829949957509,0.445635762579869,0.445635762579869,0,1
"Weak quantitative HTE",2000,432,0.872267708514176,1,0,0.00798372366580877,0.0211818497012556,0.0058133367249737,0,0.496852366655163,0.216,0.651172681978369,0.91623551641928,-0.000853672225696211,-0.000853672225696211,1,0.974,0.0400983678714044,0.00867271927072423,0.831,0,0.40709212834753,0.447190496218934,0.447190496218934,0,1
"Weak quantitative HTE",2000,433,0.0278675487710438,0.103554045557653,1,-0.000222150377406501,0.0637337328736424,-0.00537943165534094,0,0.477331366635569,0.554,0.595252104064874,0.780677537355108,-0.000359684230716195,-0.000359684230716195,1,0.99,0.0400463662858714,0.00868102304861791,0.834,0,0.408223602758499,0.44826996904437,0.44826996904437,0,1
"Weak quantitative HTE",2000,434,0.53681285436018,0.466644693668894,0,0.00629947482028971,-0.0255977718379904,-0.00160741307434609,0,0.567720405248289,0.314,0.600131639194139,0.848018110137068,-0.04011239649436,9.73744444136004e-05,0,0.002,0.0400579196846905,0.0085681055967443,0.846,0,0.407102085421324,0.447160005106014,0.447160005106014,0,1
"Weak quantitative HTE",2000,435,0.628402072118506,0.875968281144225,0,0.000193537946515515,0.00603604598106312,-0.00425756607637617,0,0.579616626192243,0.104,0.60366583770839,0.790933803915502,-0.0162713723794868,-0.0162713723794868,1,0.582,0.040251332878444,0.00856727341015538,0.8425,0,0.407241564213669,0.447492897092112,0.447492897092112,0,1
"Weak quantitative HTE",2000,436,0.802753831832088,1,0,-0.0198344534189339,0.0105059320891298,0.0209355853804694,0,0.50472366800322,0.53,0.531139673433363,0.843726066143899,-0.004423181746808,0.0352727202669982,0,0.878,0.0400187408819339,0.00863398360622737,0.841,0,0.406631803294954,0.446650544176888,0.446650544176888,0,1
"Weak quantitative HTE",2000,437,0.0926729657667729,0.071815620480136,0,0.0258820628359488,0.026498330463328,0.0426806885959308,0,0.499720452654575,0.11,0.939024390243903,0.661809429203185,-0.0172740792086732,-0.0172740792086732,1,0.606,0.0399293429862014,0.00857910864477151,0.83,0,0.406609981304522,0.446539324290724,0.446539324290724,0,1
"Weak quantitative HTE",2000,438,0.166112620677857,0.184999783285352,0,-0.00379728863517217,0.0192029002140235,-0.0167204812391595,0,0.525472642612814,0.348,0.632853063343718,0.917488360861241,-0.0104557839822577,-0.0104557839822577,1,0.746,0.0398649781472939,0.00862228062571229,0.824,0,0.405026930108519,0.444891908255813,0.444891908255813,0,1
"Weak quantitative HTE",2000,439,0.217078298901988,0.415031312270555,0,0.00853235162218133,0.0321169137713369,0.00240036180131475,0,0.508278938719016,0.504,0.859211117275634,0.96721720279647,-0.00413977193819326,-0.00413977193819326,1,0.872,0.0399387969193337,0.00859361835022614,0.831,0,0.405798303211682,0.445737100131016,0.445737100131016,0,1
"Weak quantitative HTE",2000,440,0.24772302385564,0.370672214696064,0,0.00138083428089674,0.0108949823623657,0.00677783459327091,0,0.542326457156005,0.176,0.940246913580247,0.62804776470314,-0.02759508606259,0.0120895742579056,0,0.37,0.0397528089390265,0.0085910237187078,0.8215,0,0.406700685277189,0.446453494216216,0.446453494216216,0,1
"Weak quantitative HTE",2000,441,0.0462573884206941,0.0318090773797517,1,0.0061795802003234,0.0259871749440016,0.0109385105787595,0,0.555382680783245,0.14,0.690018315018315,0.918733733765541,-0.0275362285145379,0.0118878360127893,0,0.272,0.0400369558639391,0.0085930810526579,0.8335,0,0.406833626444776,0.446870582308715,0.446870582308715,0,1
"Weak quantitative HTE",2000,442,0.194660259261516,0.243430786826612,0,-0.000480571037079406,0.020438085906979,0.00153115369950729,0,0.514570618207755,0.498,0.767303443794672,0.686141528749457,-0.00199225430497224,-0.00199225430497224,1,0.952,0.0397487200425627,0.00857578485001627,0.8295,0,0.40571974222358,0.445468462266142,0.445468462266142,0,1
"Weak quantitative HTE",2000,443,0.424322163355396,0.693533194931538,0,-0.0052968261715802,0.0543303328871622,-0.000746943329527738,0,0.478325592361282,0.526,0.912791509565703,0.986106895335946,-0.00197907231301159,-0.00197907231301159,1,0.94,0.0400720818760654,0.00837960692351009,0.849,0,0.406119429943519,0.446191511819585,0.446191511819585,0,1
"Weak quantitative HTE",2000,444,0.0518857203899042,0.127345573724529,0,0.00458341919276877,0.0137698350962011,0.0060430341612,0,0.522152248551625,0.45,0.536821705426357,0.816536768750079,-0.0047162530972451,-0.0047162530972451,1,0.87,0.0398056963249785,0.00837527711498511,0.8365,0,0.405697527920645,0.445503224245624,0.445503224245624,0,1
"Weak quantitative HTE",2000,445,0.4658073302675,0.502579042317987,0,-0.00777578754876398,-0.00803994227910717,-0.00596334925227354,0,0.5815076925139,0.14,0.493338408831367,0.843125557944771,-0.0294369788634059,-0.0294369788634059,1,0.288,0.040070144367289,0.00863263930086636,0.832,0,0.407843228685305,0.447913373052594,0.447913373052594,0,1
"Weak quantitative HTE",2000,446,0.823382708952231,1,0,-0.016095520547481,-0.0200461179459144,0.00189154483652837,0,0.629895898582623,0.12,0.594743510415746,0.901066918327138,-0.000490137488639297,-0.000490137488639297,1,0.99,0.0398400283315704,0.00855246089461182,0.834,0,0.405459557082518,0.445299585414088,0.445299585414088,0,1
"Weak quantitative HTE",2000,447,0.161250696727001,0.106214349261407,0,0.00366937173836995,0.00483227269366696,0.0019515707507437,0,0.536718947521896,0.04,0.862897665714567,0.706308993434319,-0.000108532921989812,-0.000108532921989812,1,0.998,0.040220886822798,0.00868296355813732,0.829,0,0.407007605613639,0.447228492436437,0.447228492436437,0,1
"Weak quantitative HTE",2000,448,0.749802606109478,1,0,-0.00629394088137885,0.0526204761168811,-0.0113517384169787,0,0.490527204018268,0.3,0.537244245524297,0.862931596563274,-0.00334837857136522,-0.00334837857136522,1,0.9,0.0402693237858447,0.00877932349892733,0.8285,0,0.407796103959323,0.448065427745167,0.448065427745167,0,1
"Weak quantitative HTE",2000,449,0.320961207886638,0.613012546572036,0,-0.00856093443000844,0.000112924052164229,-0.0110566617451436,0,0.668166197706868,0.03,0.738075880758807,0.931180627432744,-0.0129931196597275,-0.0129931196597275,1,0.638,0.040131462991746,0.00840634507276363,0.8495,0,0.407576888403494,0.44770835139524,0.44770835139524,0,1
"Weak quantitative HTE",2000,450,0.581813179373375,1,0,-0.00242629535631404,0.00716501896945626,-0.0118570709293257,0,0.520523072288686,0.066,0.65648394873747,0.929693760454406,-0.0021946887464685,-0.0021946887464685,1,0.936,0.0403554021369208,0.00852445575785124,0.8385,0,0.407461830502894,0.447817232639815,0.447817232639815,0,1
"Weak quantitative HTE",2000,451,0.0435309504322102,0.0589063325614709,1,-0.00101979779347359,0.0210841363103927,-0.0279271570070732,0,0.530129808757283,0.336,0.952618453865336,0.608820766215192,-0.016433744880845,-0.016433744880845,1,0.652,0.0398252474209097,0.0086152288094251,0.826,0,0.40599960605586,0.44582485347677,0.44582485347677,0,1
"Weak quantitative HTE",2000,452,0.00867972327732185,0.0687999680942654,1,0.00514736653897818,0.028853047216569,0.0131540095095691,0,0.497542994241841,0.372,0.93174793956044,0.986004587383228,-0.0107782856269474,-0.0107782856269474,1,0.68,0.0399824432662474,0.00850479541772804,0.8325,0,0.405667534780756,0.445649978047003,0.445649978047003,0,1
"Weak quantitative HTE",2000,453,0.246322056004415,0.500765585419902,0,0.00473769580055013,-0.00249297842111814,-0.000490068752109774,0,0.551302124218463,0.402,0.553032272976799,0.881174682798889,-0.00123569545789132,-0.00123569545789132,1,0.968,0.04009052687906,0.00860771341844336,0.8405,0,0.407560262727831,0.447650789606891,0.447650789606891,0,1
"Weak quantitative HTE",2000,454,0.974685929966333,1,0,0.000820158545418455,0.0241816842873906,0.00230956166967244,0,0.518596523021175,0.05,0.585520862116607,0.827177113926649,-7.74639192728244e-05,-7.74639192728244e-05,1,0.998,0.040140216244824,0.00865651927560429,0.836,0,0.408016953086785,0.448157169331609,0.448157169331609,0,1
"Weak quantitative HTE",2000,455,0.565101642739781,0.915807153899263,0,0.00378658963419581,0.0264849600700747,-0.018764930812469,0,0.527963703664806,0.258,0.654336591394226,0.799706307658077,-0.0198463866098325,-0.0198463866098325,1,0.492,0.0399096139722922,0.00869854438023779,0.826,0,0.406111279897763,0.446020893870056,0.446020893870056,0,1
"Weak quantitative HTE",2000,456,0.205443268219194,0.23597875647905,0,0.00792458630080163,0.060180491238948,-0.0254674744196586,0,0.573659927251943,0.058,0.738025797528489,0.79329151639867,-0.0141330701115452,-0.0141330701115452,1,0.642,0.0401595641428916,0.00858106359536078,0.8405,0,0.407614253382841,0.447773817525732,0.447773817525732,0,1
"Weak quantitative HTE",2000,457,0.316823119303192,0.48727208792946,0,-0.0193714645030318,-0.00490032757558331,-0.00851204938981842,0,0.574645289266951,0.164,0.613735104270109,0.905415315918468,-0.00245652311833744,-0.00245652311833744,1,0.936,0.0398232266649821,0.00858350940540802,0.832,0,0.405527875194644,0.445351101859626,0.445351101859626,0,1
"Weak quantitative HTE",2000,458,0.139648109989405,0.33047104344185,0,0.0197044879804045,0.0137810019174763,-0.000621723703306876,0,0.551920948293362,0.166,0.710971969036485,0.928982824394617,-0.000536614326949902,-0.000536614326949902,1,0.984,0.0399082273884613,0.00879498647122433,0.8165,0,0.406295188978827,0.446203416367288,0.446203416367288,0,1
"Weak quantitative HTE",2000,459,0.0291779034195476,0.0317855610703878,1,0.00821317186344977,0.024701046239271,0.00127211787341375,0,0.620623773861551,0.036,0.90921308576481,0.984536576797536,-5.10839116926176e-05,-5.10839116926176e-05,1,0.998,0.0405065723996564,0.00847146810478291,0.855,0,0.408788149725208,0.449294722124864,0.449294722124864,0,1
"Weak quantitative HTE",2000,460,0.533712065630528,0.581238607443834,0,-0.00431672353805445,-0.0205217617977676,0.0151965932965336,0,0.590897037028365,0.176,0.46351304945055,0.853630147388739,-0.0193057498254894,-0.0193057498254894,1,0.498,0.0403555307346387,0.0086049411544855,0.8415,0,0.408852575728368,0.449208106463007,0.449208106463007,0,1
"Weak quantitative HTE",2000,461,0.51827140996562,0.477178410888896,0,0.0064435238757125,0.0416600417769435,-0.0178519880669506,0,0.472284612690948,0.302,0.484297648514851,0.824396265616382,-0.00316213865737336,-0.00316213865737336,1,0.93,0.0400739818879847,0.00866211073080665,0.829,0,0.407047862850529,0.447121844738514,0.447121844738514,0,1
"Weak quantitative HTE",2000,462,0.691396488478506,0.853548967886126,0,-0.00133517608289258,-0.0393312068691117,0,0,0.580611173455602,0.316,0.599029210366646,0.899506209745846,0,0,1,1,0.0400517750581345,0.00857589613199512,0.8385,0,0.406299175431373,0.446350950489507,0.446350950489507,0,1
"Weak quantitative HTE",2000,463,0.402535837067279,0.266725321453981,0,-0.00168315865253876,0.0463816999278948,0.0569452469595312,0,0.500678330507701,0.304,0.660701134187657,0.938978936126071,-0.0167018025330445,0.0238669949156513,0,0.554,0.0401372185366967,0.00850762925003469,0.8475,0,0.408124449670313,0.44826166820701,0.44826166820701,0,1
"Weak quantitative HTE",2000,464,0.364714915769956,0.334490655606728,0,-0.00991344051759383,0.00902466310228972,-0.0335785495483522,0,0.530356988378862,0.326,0.512245383213125,0.820329879657786,-0.0137335442375132,-0.0137335442375132,1,0.632,0.039735136040415,0.00867785109631335,0.818,0,0.405436307083953,0.445171443124368,0.445171443124368,0,1
"Weak quantitative HTE",2000,465,0.751600205192241,1,0,-0.0145047746609701,-0.0214983831246732,0,0,0.540676175520863,0.474,0.808508478018073,0.949204243625304,0,0,1,1,0.0401057645937356,0.00861077371086073,0.8345,0,0.407520730080091,0.447626494673826,0.447626494673826,0,1
"Weak quantitative HTE",2000,466,0.485902905733693,0.669751487000667,0,-0.0147120450964118,0.00789767806538257,0.00175839377166359,0,0.54290634939383,0.342,0.46510718903154,0.834750072458344,-0.039469017438343,0.000323141321384834,0,0.006,0.0399772030813196,0.00854373205636097,0.8385,0,0.405667503856563,0.445644706937882,0.445644706937882,0,1
"Weak quantitative HTE",2000,467,0.556367484568107,0.564965973392773,0,-0.00687123039836193,-0.0229156483203012,0.0145011993680133,0,0.636169399300001,0.074,0.622225913621262,0.842504498327122,-0.016983369939212,-0.016983369939212,1,0.6,0.039997689003616,0.00854559668337012,0.8345,0,0.405864838063229,0.445862527066845,0.445862527066845,0,1
"Weak quantitative HTE",2000,468,0.165423349222561,0.108197387726366,0,-0.00977192766990521,0.0373386754753647,-0.00840029106121992,0,0.518462174596237,0.284,0.593765762130535,0.830875889271003,-0.00189672578280015,-0.00189672578280015,1,0.958,0.0400123368485041,0.00849475158542259,0.8355,0,0.407393941021544,0.447406277870049,0.447406277870049,0,1
"Weak quantitative HTE",2000,469,0.877234228043323,1,0,-0.0050525968754555,0.050275103158617,-0.0541805403932831,0,0.499393668886929,0.4,0.519553571428572,0.854619459035651,-0.0097179730128637,-0.0097179730128637,1,0.736,0.039635698730964,0.00865485140667641,0.8185,0,0.40551469576688,0.445150394497844,0.445150394497844,0,1
"Weak quantitative HTE",2000,470,0.614307738187299,0.756667567751767,0,-0.00641522092865451,0.00145098766426835,-0.00215779928940951,0,0.530710602129088,0.506,0.701815476190476,0.920243404528178,-0.0398424977576508,0.00025924181672754,0,0.006,0.0401142799064758,0.00862476961946933,0.8365,0,0.408385884584743,0.448500164491219,0.448500164491219,0,1
"Weak quantitative HTE",2000,471,0.151580659540526,0.137691536779489,0,0.0183894608060996,0.0621502917125877,-0.00492939049748586,0,0.485568555152351,0.158,0.601529925473587,0.907080951668828,-0.00118685054509809,-0.00118685054509809,1,0.972,0.0399876516084122,0.00861258968664362,0.8395,0,0.407139899379277,0.447127550987689,0.447127550987689,0,1
"Weak quantitative HTE",2000,472,0.0959502998091917,0.146421700137617,0,0.00260709171342961,0.0302520552360383,-0.0100227930904384,0,0.504153963806095,0.476,0.559210709415268,0.838929546268095,-0.00488414382933272,-0.00488414382933272,1,0.89,0.0399234874010694,0.00863162100511008,0.8255,0,0.407094804699407,0.447018292100476,0.447018292100476,0,1
"Weak quantitative HTE",2000,473,0.367097838816752,0.448317432962874,0,0.0119188685072065,0.0657239496151205,-0.0103709346402241,0,0.487656567002649,0.53,0.655940016337962,0.914146059388848,-0.0012178854885066,-0.0012178854885066,1,0.964,0.0399646003766601,0.00861838157488109,0.8285,0,0.407949912091979,0.447914512468639,0.447914512468639,0,1
"Weak quantitative HTE",2000,474,0.251558509141428,0.373264849686706,0,0.00798969151536889,0.0487397938474784,-0.00400998110395739,0,0.499667536195559,0.534,0.655064768351033,0.914962462514356,-0.000104654759947032,-0.000104654759947032,1,0.996,0.0397567838898148,0.00856637836941186,0.834,0,0.405498481747321,0.445255265637136,0.445255265637136,0,1
"Weak quantitative HTE",2000,475,0.90180863308545,1,0,-0.0160743188108702,0.0246485162933659,-0.0521822251752013,0,0.521444669342423,0.24,0.792972549019608,0.725967799260143,-0.0197817633126224,-0.0197817633126224,1,0.552,0.0402238272984462,0.0086203220222782,0.838,0,0.408455993907988,0.448679821206434,0.448679821206434,0,1
"Weak quantitative HTE",2000,476,0.689030442024536,1,0,-0.014551500593548,0.0330798630272649,-0.00110381113736191,0,0.488881635586287,0.532,0.880967604433078,0.689364050777719,-0.00137173864646584,-0.00137173864646584,1,0.97,0.0396543021440165,0.00852263097005108,0.8325,0,0.405936041577573,0.44559034372159,0.44559034372159,0,1
"Weak quantitative HTE",2000,477,0.574524411900097,1,0,-0.000914661642344975,0.0252300986800698,0.00214990542887278,0,0.505752319726352,0.53,0.535448504983389,0.870834840319475,-0.0380727255665385,0.00218751165168785,0,0.056,0.0404221761109435,0.00859927466031629,0.8475,0,0.408787697420299,0.449209873531243,0.449209873531243,0,1
"Weak quantitative HTE",2000,478,0.061136092478325,0.189534729655022,0,0.0122310079760383,-0.00361519319715749,0.00234435535734945,0,0.541053699098601,0.444,0.783672132799315,0.940887983316295,-0.0348596575495311,0.00481201303989109,0,0.1,0.040113491379416,0.0087947183929117,0.8225,0,0.407588439368743,0.447701930748159,0.447701930748159,0,1
"Weak quantitative HTE",2000,479,0.727077408508345,0.872116168343146,0,0.00661544181142423,0.0122885412043513,-0.0106315581115294,0,0.601088570424553,0.028,0.691156532194111,0.901076607730753,-0.0019481571857779,-0.0019481571857779,1,0.952,0.0394991508878023,0.00845799389040606,0.826,0,0.405081768496085,0.444580919383887,0.444580919383887,0,1
"Weak quantitative HTE",2000,480,0.828988332230412,1,0,0.00667535082618584,0.000130891886988788,0.00207161805085082,0,0.519455114555878,0.154,0.726149312967919,0.762703938862745,-9.93516652630366e-05,-9.93516652630366e-05,1,0.998,0.0399738098534606,0.00861555864549392,0.8295,0,0.406823780989043,0.446797590842504,0.446797590842504,0,1
"Weak quantitative HTE",2000,481,0.670988826429126,0.6791919895297,0,-0.0215508567329327,-0.0244851422484262,-0.0172635514751983,0,0.626435506001862,0.084,0.544533705902899,0.876850004715742,-0.0106578580091842,-0.0106578580091842,1,0.726,0.0398659205167481,0.00860483859083766,0.828,0,0.404704145200382,0.44457006571713,0.44457006571713,0,1
"Weak quantitative HTE",2000,482,0.319289435970433,0.275870137254019,0,-0.00500688521896154,0.0280875596026562,0.0161898870708233,0,0.505211856593826,0.438,0.496010396361274,0.829224025200142,-0.0301965689628104,0.00959178602671229,0,0.246,0.0401854958643252,0.00861467939818856,0.833,0,0.406935404229121,0.447120900093446,0.447120900093446,0,1
"Weak quantitative HTE",2000,483,0.6486209908882,1,0,-0.00569055508923819,0.00878067176612139,-0.0272457239889003,0,0.662773493198797,0.032,0.707138826943228,0.746762730165998,-0.0193698976952144,-0.0193698976952144,1,0.534,0.0398525618005838,0.00850367787681012,0.832,0,0.406225167617868,0.446077729418451,0.446077729418451,0,1
"Weak quantitative HTE",2000,484,0.246806474475902,0.244551487617337,0,-0.0173027740286447,-0.0149061313052894,0,0,0.528719322777891,0.508,0.532429245283019,0.883932306052369,0,0,1,1,0.0398637389718599,0.00853288793711932,0.839,0,0.406125347938004,0.445989086909864,0.445989086909864,0,1
"Weak quantitative HTE",2000,485,0.487814110692816,0.45040255838602,0,-0.00715194773491933,0.034405518878064,-0.0370143314552017,0,0.634107355500873,0.062,0.510474461145297,0.87505526066857,-0.0169988655855508,-0.0169988655855508,1,0.61,0.0401963395157186,0.00850062255941721,0.8405,0,0.407915859102267,0.448112198617986,0.448112198617986,0,1
"Weak quantitative HTE",2000,486,0.336542452651924,0.376064670293465,0,-0.0376965597488749,-0.0223990174140274,-0.0135169700871304,0,0.527066767330387,0.49,0.769882352941176,0.764284387009102,-0.00190460942146375,-0.00190460942146375,1,0.96,0.0399262052168297,0.00864440857368831,0.8245,0,0.407171743614402,0.447097948831232,0.447097948831232,0,1
"Weak quantitative HTE",2000,487,0.697517706210983,0.925625926002009,0,-0.0218580254209849,0.00377414643166386,0.00278795461481396,0,0.803122249750201,0.02,0.837071988448845,0.961520829177816,-0.000421822729870069,-0.000421822729870069,1,0.986,0.0398715202009955,0.00864602442393467,0.824,0,0.406476306506172,0.446347826707167,0.446347826707167,0,1
"Weak quantitative HTE",2000,488,0.451373564549495,0.406350916909463,0,-0.00669422940061347,0.0514395109705607,-0.0726538847389464,0,0.506400106221525,0.278,0.72838371459695,0.950924347536542,-0.0185323189642859,-0.0185323189642859,1,0.51,0.0403638775748889,0.00856376234542798,0.843,0,0.407739785364781,0.44810366293967,0.44810366293967,0,1
"Weak quantitative HTE",2000,489,0.365177974074392,0.59169894418377,0,-0.0129217442023275,0.0186595860557666,-0.00478244434758013,0,0.510678502385106,0.52,0.533201073637531,0.869250147576297,-0.000408296598750857,-0.000408296598750857,1,0.99,0.0399120072161824,0.00861423800422279,0.8285,0,0.406786866358441,0.446698873574624,0.446698873574624,0,1
"Weak quantitative HTE",2000,490,0.383159332274844,0.59273660984434,0,0.0162821886392269,0.060166958253106,-0.0105241436776135,0,0.494677263982276,0.518,0.733005733005733,0.741370463575741,-0.00223244953491208,-0.00223244953491208,1,0.954,0.0401912220790044,0.00856873698816732,0.837,0,0.407834848857429,0.448026070936433,0.448026070936433,0,1
"Weak quantitative HTE",2000,491,0.680148772127111,0.657973412033453,0,0.00611193430387385,-0.000268272471908828,0.008756346680798,0,0.584858772150937,0.08,0.60877557544757,0.844074376972514,-0.00367929042428411,-0.00367929042428411,1,0.882,0.0400373629401613,0.0086483194348345,0.8285,0,0.407010211812078,0.447047574752239,0.447047574752239,0,1
"Weak quantitative HTE",2000,492,0.959613484267633,1,0,-0.00274219710316569,0.0280751935187517,-0.00093684208589373,0,0.506285510239468,0.51,0.740595238095238,0.927517428233259,-0.0010974816578958,-0.0010974816578958,1,0.96,0.0400962291643405,0.00851782263275593,0.84,0,0.406844030351519,0.44694025951586,0.44694025951586,0,1
"Weak quantitative HTE",2000,493,0.0989234287166621,0.216504281826165,0,0.00278523283553653,0.0171710045752682,0.0087394889814581,0,0.521087884097767,0.378,0.848775461678687,0.959941367270561,-0.00573299154282736,-0.00573299154282736,1,0.824,0.0400849175002036,0.00872487483124542,0.8275,0,0.407037165813938,0.447122083314141,0.447122083314141,0,1
"Weak quantitative HTE",2000,494,0.777299270713354,1,0,0.00732407395705095,-0.0307245362771188,0,0,0.653305111855697,0.036,0.853660714285714,0.966973188206725,0,0,1,1,0.0397775086243517,0.00853474307816799,0.828,0,0.405490828176311,0.445268336800663,0.445268336800663,0,1
"Weak quantitative HTE",2000,495,0.451957976302594,0.828577819332843,0,0.00234445320184061,0.0385758300116966,-0.000788924352451259,0,0.497007208964297,0.474,0.960730288608722,0.992006908369554,-0.0035564887310332,-0.0035564887310332,1,0.874,0.0397596661228153,0.00859186727737878,0.828,0,0.405384835964087,0.445144502086903,0.445144502086903,0,1
"Weak quantitative HTE",2000,496,0.259962907665417,0.342940490933127,0,-0.00278855751205201,0.015434812664229,-0.015704170198736,0,0.52974377833004,0.142,0.66201131956818,0.775468700702236,-0.0216355349140653,-0.0216355349140653,1,0.486,0.0401899561372722,0.0087567514196923,0.8255,0,0.408320761850537,0.448510717987809,0.448510717987809,0,1
"Weak quantitative HTE",2000,497,0.0709630099999668,0.100261803924832,0,-0.0262339421911397,0.0170640895093179,-0.0749220148363725,0,0.57730034449682,0.154,0.7320777190501,0.719870099056894,-0.0167443928896159,-0.0167443928896159,1,0.624,0.0400289406511139,0.00869010812992405,0.828,0,0.406633767458792,0.446662708109906,0.446662708109906,0,1
"Weak quantitative HTE",2000,498,0.106822590991864,0.0910965821773057,0,-0.0092602161209443,0.0135325078968129,0,0,0.532559402482213,0.354,0.870279146141215,0.972637054758874,0,0,1,1,0.0401692258933031,0.00871486352618603,0.8245,0,0.407074721439785,0.447243947333088,0.447243947333088,0,1
"Weak quantitative HTE",2000,499,0.799317092591182,0.979092917724657,0,0.00346448408125154,0.0321405024293671,-0.00679799108479989,0,0.582256496457115,0.028,0.547800650646546,0.886955875563926,-0.000361249808715436,-0.000361249808715436,1,0.99,0.039723039886799,0.00863289543735697,0.8275,0,0.406726853804676,0.446449893691475,0.446449893691475,0,1
"Weak quantitative HTE",2000,500,0.867234262084979,1,0,-0.0069158278273858,0.0422700727955211,-0.0432693296529242,0,0.514867336455747,0.422,0.916919447253118,0.653271099984265,-0.00898926462492938,-0.00898926462492938,1,0.802,0.0396999241390109,0.00854247670787446,0.8245,0,0.404835505923641,0.444535430062652,0.444535430062652,0,1
"Strong quantitative HTE",2000,1,0.59155850414965,0.815660641826382,0,0.00389565795711404,0.0395899978017422,-0.000332324322247057,0,0.499037826988234,0.518,0.737115430010229,0.579009280725127,-0.00295414476801092,-0.00295414476801092,1,0.962,0.0592760540252238,0.030972273741651,0.756,0,0.405985527077351,0.465261581102575,0.465261581102575,0,1
"Strong quantitative HTE",2000,2,0.13406595894461,0.176426606903013,0,-0.00256891356678142,0.068627684675846,-0.0174653119969737,0,0.471156055729867,0.536,0.744426666666666,0.909466671649873,-0.00190265782944243,-0.00190265782944243,1,0.946,0.0603491198014539,0.0314055969959683,0.7625,0,0.407304629881964,0.467653749683418,0.467653749683418,0,1
"Strong quantitative HTE",2000,3,0.531931449904076,0.441449989637496,0,-0.0029196164761759,0.0401098832733565,0.0491469078281966,0,0.487999855996563,0.282,0.663262208344176,0.892565811655185,-0.0254989614631098,0.033748104642492,0,0.446,0.0597755537331085,0.0316211605339711,0.7515,0,0.406342712982257,0.466118266715366,0.466118266715366,0,1
"Strong quantitative HTE",2000,4,0.503056497262558,0.801715443142356,0,0.00381578780709519,0.0361400648886763,-0.0141550717552393,0,0.5157123432415,0.512,0.538951048951049,0.756759382435708,-0.0010595733201833,-0.0010595733201833,1,0.982,0.0602329289130402,0.0314031497416646,0.7615,0,0.406567268626515,0.466800197539555,0.466800197539555,0,1
"Strong quantitative HTE",2000,5,0.519092498914905,0.53293873136951,0,-0.00823338503947496,0.00623141587982608,-0.00283486343365774,0,0.525983986182402,0.494,0.873430747067298,0.946787322918498,-0.000676139633432604,-0.000676139633432604,1,0.966,0.0598119335498583,0.0312252023424266,0.755,0,0.406177521004214,0.465989454554072,0.465989454554072,0,1
"Strong quantitative HTE",2000,6,0.00912930341321819,0.0207116590676632,1,0.0287018748288911,0.0629271603228192,0.0168660932959481,0,0.574492546658094,0.018,0.803775858606146,0.933051810466271,-0.0320135574082842,-0.0320135574082842,1,0.376,0.0604568029035382,0.0312962678416486,0.7605,0,0.407027017137546,0.467483820041085,0.467483820041085,0,1
"Strong quantitative HTE",2000,7,0.897649929911462,1,0,-0.0188436295274774,0.0309589359235685,-0.00567702556823402,0,0.696094325444735,0.022,0.925621511922881,0.967453097680393,-0.00167296998911165,-0.00167296998911165,1,0.918,0.0585767584939786,0.0309937077100192,0.745,0,0.405684110851367,0.464260869345345,0.464260869345345,0,1
"Strong quantitative HTE",2000,8,0.000452208304655424,0.00299660834261053,1,0.03647413723098,0.0550305756188835,0.0315923063501455,0,0.539181676340207,0.068,0.758825522303784,0.91722644831568,-0.0105758889547442,-0.0105758889547442,1,0.728,0.0599318269075721,0.0308057144617472,0.771,0,0.407303607012963,0.467235433920536,0.467235433920536,0,1
"Strong quantitative HTE",2000,9,0.0862458878826515,0.0600634149766828,0,-0.00243860733807935,0.0347420330932123,-0.000151221267711443,0,0.532946448888564,0.214,0.46101459913547,0.742771718192651,-0.000289744083972754,-0.000289744083972754,1,0.986,0.0597075046576162,0.0311997196805764,0.7535,0,0.406455459923822,0.466162964581438,0.466162964581438,0,1
"Strong quantitative HTE",2000,10,0.0114612816363109,0.0320322783986143,1,0.00814406235141196,0.0183725337258971,0.0130608780808498,0,0.662692925949476,0.04,0.65608433243618,0.861922266861894,-0.0300622846176136,-0.0300622846176136,1,0.376,0.0587618503203006,0.0318580328068731,0.7305,0,0.404753899427132,0.463515749747432,0.463515749747432,0,1
"Strong quantitative HTE",2000,11,0.10891916765041,0.0666527444782072,0,0.0086646467909323,0.0600280769269265,-0.0017949033760763,0,0.494249969520821,0.468,0.777892113146281,0.918029417823774,-0.0587304528229339,0.00074177750211224,0,0.01,0.0607155440485453,0.0311530616108946,0.7745,0,0.408465796969415,0.46918134101796,0.46918134101796,0,1
"Strong quantitative HTE",2000,12,0.417371178273698,0.301435777720509,0,0.00282802841013357,0.0593888826383907,-0.0866002793375026,0,0.573009183516947,0.06,0.531137821626254,0.825171065867658,-0.0416766698038888,-0.0416766698038888,1,0.194,0.0599431608709216,0.031105227129779,0.7625,0,0.40611152481256,0.466054685683481,0.466054685683481,0,1
"Strong quantitative HTE",2000,13,0.453934783805335,0.624217904316065,0,0.0055382293399651,0.0136875548921006,0.00216047518882906,0,0.528162594382237,0.486,0.712116510478082,0.83338305457142,-0.00124022130044321,-0.00124022130044321,1,0.954,0.0583272467614704,0.0313086664073031,0.7335,0,0.404645193496871,0.462972440258341,0.462972440258341,0,1
"Strong quantitative HTE",2000,14,0.00345746194159329,0.000958324161558146,1,0.0112729455564489,0.0690429626675907,-0.0497002069624193,0,0.481043144416856,0.256,0.970745127688171,0.990759301285955,-0.0184668986675262,-0.0184668986675262,1,0.524,0.0598246710100116,0.0311553762548855,0.7605,0,0.405156364582433,0.464981035592445,0.464981035592445,0,1
"Strong quantitative HTE",2000,15,0.248836107031185,0.239407258674247,0,0.00464442854012407,0.0157345165870135,0.0128604357627364,0,0.509905423929821,0.34,0.835856958762887,0.955923124156219,-0.0143232276276572,-0.0143232276276572,1,0.642,0.0612588281472687,0.0308867966488235,0.7815,0,0.40884873484296,0.470107562990229,0.470107562990229,0,1
"Strong quantitative HTE",2000,16,0.314710869147332,0.320608899149527,0,-0.00320455041285228,0.0236523567513874,-0.00121940170414447,0,0.51184127713914,0.4,0.585932449903038,0.80022249748537,-0.0578133404375173,0.000373547334517998,0,0.004,0.0597553553838413,0.0311390660156794,0.7505,0,0.406690719135185,0.466446074519026,0.466446074519026,0,1
"Strong quantitative HTE",2000,17,0.433894981295008,0.469905896831537,0,0.0232806461527737,0.0464556945122688,0.0123117534250314,0,0.492273258928865,0.298,0.888028933092224,0.9715406010706,-0.00107414452611398,-0.00107414452611398,1,0.958,0.0609187055660292,0.031281747178249,0.771,0,0.408575373563119,0.469494079129148,0.469494079129148,0,1
"Strong quantitative HTE",2000,18,0.690010439277728,0.834727893288868,0,-0.00557706618245431,0.0220483049314158,0.00176824170744555,0,0.54192986265748,0.11,0.564554211329113,0.716449863270827,-0.000412065899014435,-0.000412065899014435,1,0.994,0.0592935824770736,0.0307517454113977,0.771,0,0.40582027599866,0.465113858475734,0.465113858475734,0,1
"Strong quantitative HTE",2000,19,0.00851883783578784,0.00195467142683332,1,0.0228330619379534,0.0755285950104117,0.0050337713248273,0,0.461028359975116,0.224,0.966069909941341,0.988871366133868,-0.000327336510218823,-0.000327336510218823,1,0.974,0.059876703406038,0.031523852583821,0.753,0,0.406239662569023,0.466116365975061,0.466116365975061,0,1
"Strong quantitative HTE",2000,20,0.0251996741496529,0.0115720040428651,1,-0.00185138311980693,0.0601486265411561,0,0,0.480194993474472,0.466,0.706007631555595,0.854040419453996,0,0,1,1,0.0594964964936509,0.0311138596279643,0.7555,0,0.40653907630429,0.466035572797941,0.466035572797941,0,1
"Strong quantitative HTE",2000,21,0.144968492876569,0.112113761826819,0,0.0139245566301197,0.0309656667305455,-0.00277920077861343,0,0.519798507553424,0.498,0.748107559614409,0.878940276048908,-0.00104143519943195,-0.00104143519943195,1,0.962,0.058906858207233,0.0312922066297446,0.75,0,0.40430475537311,0.463211613580343,0.463211613580343,0,1
"Strong quantitative HTE",2000,22,0.263641934457497,0.281680082136694,0,0.0316462131144267,0.0499103146101296,0.00670128133441206,0,0.499551019756639,0.334,0.824971428571428,0.915605816611598,-0.000928600353376663,-0.000928600353376663,1,0.966,0.0598633012503971,0.0317106495786612,0.745,0,0.40676376887809,0.466627070128487,0.466627070128487,0,1
"Strong quantitative HTE",2000,23,0.959703781205018,1,0,-0.0175453128163717,0.00442577768674137,0.00150599774951166,0,0.580050254067923,0.114,0.590126811594203,0.838341006577709,-0.000875210415352823,-0.000875210415352823,1,0.99,0.0579693031892583,0.0312627530741744,0.7335,0,0.403883767515667,0.461853070704926,0.461853070704926,0,1
"Strong quantitative HTE",2000,24,0.0461165837940326,0.135635226925015,1,0.00558251409634614,0.0408827036316794,-0.0119332774712844,0,0.504848501518276,0.284,0.492124495967742,0.752751455947324,-0.0266533387361554,-0.0266533387361554,1,0.52,0.0593641242802064,0.0315905798254377,0.746,0,0.405722130819354,0.46508625509956,0.46508625509956,0,1
"Strong quantitative HTE",2000,25,0.41185232930344,0.660099834875614,0,0.0298997197149539,0.0593551785445598,0.00168580411112906,0,0.505752319726352,0.53,0.516561634575547,0.804302079120042,-0.000130945939493587,-0.000130945939493587,1,0.998,0.0599396103472827,0.0317009737437079,0.7545,0,0.406875036159666,0.466814646506949,0.466814646506949,0,1
"Strong quantitative HTE",2000,26,0.590061742583294,0.654907812792082,0,0.0120958350128587,0.0401147718490482,-0.000612755793044817,0,0.507661852427895,0.074,0.674269153225806,0.862746393149337,-0.00392213147061093,-0.00392213147061093,1,0.946,0.0601766313185632,0.0315679895138598,0.759,0,0.406782889413099,0.466959520731662,0.466959520731662,0,1
"Strong quantitative HTE",2000,27,0.0259803164624616,0.012285897303576,1,0.00389683897202368,0.0315708583949582,-0.044567205152084,0,0.565730665393851,0.052,0.616181560031946,0.857993962504838,-0.0509777969864788,-0.0509777969864788,1,0.094,0.0593611494514503,0.0308939134392547,0.76,0,0.405419195525169,0.464780344976619,0.464780344976619,0,1
"Strong quantitative HTE",2000,28,0.388572089095373,0.259978295112214,0,-0.00145714739431989,0.0495702119932909,-0.00595456162609337,0,0.482758170730747,0.554,0.677171052631579,0.893619034084515,-0.058652898700817,0.00200402023146112,0,0.02,0.060479957343413,0.0314940469875371,0.764,0,0.407165995018797,0.46764595236221,0.46764595236221,0,1
"Strong quantitative HTE",2000,29,0.268539078823487,0.368665984134168,0,-0.00502653444241497,0.0285560379419471,-0.0168849588305639,0,0.77008108483183,0.016,0.685148045114403,0.887651681397249,-0.00660129465112075,-0.00660129465112075,1,0.85,0.0592421672533297,0.0313624713543989,0.7505,0,0.407300725567387,0.466542892820716,0.466542892820716,0,1
"Strong quantitative HTE",2000,30,0.467713217851089,0.861640546566618,0,0.00132824400958552,0.0715582088053611,-0.00383302196433444,0,0.464094458135843,0.526,0.865,0.945688186312041,-0.00144452170634707,-0.00144452170634707,1,0.916,0.0585257841292297,0.0309108499003238,0.7455,0,0.404338143909195,0.462863928038424,0.462863928038424,0,1
"Strong quantitative HTE",2000,31,0.783567079475697,1,0,0.00114338551951861,0.0154443244103149,0.00363773306783666,0,0.517701819000161,0.49,0.673410529967908,0.885373767143712,-0.000405277761477252,-0.000405277761477252,1,0.988,0.059982039581482,0.0311596447913344,0.7615,0,0.40685749996756,0.466839539549041,0.466839539549041,0,1
"Strong quantitative HTE",2000,32,0.0437682247372826,0.169934951078077,1,0.0135136830365863,0.016363439247595,0.0191610079906564,0,0.528892525173333,0.064,0.543668435393661,0.814274681427159,-0.0482086411523546,0.0102734343757058,0,0.11,0.0592426386020599,0.0310542737406252,0.7565,0,0.405364800347584,0.464607438949644,0.464607438949644,0,1
"Strong quantitative HTE",2000,33,0.0339561907296572,0.0752046321878946,1,0.0050227240289108,0.0309448227182035,0.0046009681661513,0,0.511474403959121,0.386,0.670747422680413,0.8786471756565,-0.003184115131872,-0.003184115131872,1,0.942,0.0612666002332451,0.0312824876880245,0.7745,0,0.408588519069404,0.469855119302649,0.469855119302649,0,1
"Strong quantitative HTE",2000,34,0.264575389374854,0.239049887478993,0,-0.000549630855944004,0.00798082476797537,0.00647155851174702,0,0.544236752782947,0.298,0.728536626344086,0.90293915916897,-0.0179442532484539,0.0428031651821674,0,0.592,0.0611707704622966,0.0311632683728132,0.77,0,0.408135216357852,0.469305986820149,0.469305986820149,0,1
"Strong quantitative HTE",2000,35,0.500416391823086,0.934609699297807,0,0.00642160933854152,0.00920164410200827,-0.00167526761771941,0,0.552043608581881,0.04,0.677063946996203,0.878097342809467,-0.00155525597526857,-0.00155525597526857,1,0.944,0.0600197520838157,0.031291381385585,0.7565,0,0.407016440203061,0.467036192286877,0.467036192286877,0,1
"Strong quantitative HTE",2000,36,0.0679571936610116,0.0700167402579853,0,0.0205325276614469,0.0871949344076143,-0.00112190010354429,0,0.470118541183953,0.526,0.485669213906701,0.807808159588173,-0.00569144214162387,-0.00569144214162387,1,0.926,0.0593318993362529,0.0315733684966478,0.7405,0,0.405519455529107,0.46485135486536,0.46485135486536,0,1
"Strong quantitative HTE",2000,37,0.706092915814334,0.87108612408078,0,0.00421786547498406,0.0789226797886384,-0.00165546346408024,0,0.471627296283366,0.564,0.75724710450559,0.89090819775769,-3.20002527754992e-05,-3.20002527754992e-05,1,0.998,0.0615400068874853,0.0311993769654617,0.7735,0,0.407671687383271,0.469211694270757,0.469211694270757,0,1
"Strong quantitative HTE",2000,38,0.9452282841314,1,0,0.000916118178836058,0.0213103230372853,-0.0162454714175261,0,0.527772098211991,0.28,0.516766999731066,0.744351970376339,-0.0278867911111757,-0.0278867911111757,1,0.536,0.060180991305599,0.0313953528522092,0.7585,0,0.407162040588035,0.467343031893634,0.467343031893634,0,1
"Strong quantitative HTE",2000,39,0.346464109013855,0.662312627550653,0,0.0171628433518553,0.0770069478928026,-0.00167617458940084,0,0.477933583148634,0.548,0.627314248429982,0.658912100738623,-0.00107775247616532,-0.00107775247616532,1,0.98,0.059645412178816,0.0311860089842804,0.7475,0,0.406479745149531,0.466125157328347,0.466125157328347,0,1
"Strong quantitative HTE",2000,40,0.351200204901285,0.632123068679529,0,-0.00940824253003572,0.0463565183411962,0.00206871183529722,0,0.519044133834758,0.236,0.775053524374177,0.919270545012469,-0.00169539996297602,-0.00169539996297602,1,0.966,0.0599131581453582,0.0318055564065866,0.7465,0,0.406259107779628,0.466172265924987,0.466172265924987,0,1
"Strong quantitative HTE",2000,41,0.436404320939435,0.351305084140687,0,0.00203989928693065,0.053575802461577,-0.0338170464675266,0,0.50964102486922,0.106,0.492850877192982,0.744544885246277,-0.0275448139235907,-0.0275448139235907,1,0.524,0.0605479881818839,0.0313927576730039,0.757,0,0.408281872313282,0.468829860495166,0.468829860495166,0,1
"Strong quantitative HTE",2000,42,0.000922611126228054,0.0217977214505783,1,0.0155187075004074,0.0761705970758403,-0.0024031083401797,0,0.458484794557055,0.43,0.552252795072638,0.836130631185487,-0.00985291392102716,-0.00985291392102716,1,0.814,0.0594898661080563,0.0312713114428909,0.7545,0,0.40666934762784,0.466159213735897,0.466159213735897,0,1
"Strong quantitative HTE",2000,43,0.210910100223655,0.10106594104698,0,-0.0290473250801721,-0.0235049833026275,-0.0307469275067843,0,0.683673226132594,0.052,0.613593922417452,0.703540905235019,-0.0151306150226209,-0.0151306150226209,1,0.732,0.0601444620442942,0.0311868168450689,0.757,0,0.40647635210715,0.466620814151444,0.466620814151444,0,1
"Strong quantitative HTE",2000,44,0.130347456799263,0.0680620911912053,0,0.000822864107351815,0.0519531873744653,-0.00243727286750389,0,0.506644194845294,0.23,0.904256000000001,0.970625121256192,-0.00016134714370325,-0.00016134714370325,1,0.994,0.0601001892387316,0.0315537046874196,0.7595,0,0.406976797850072,0.467076987088803,0.467076987088803,0,1
"Strong quantitative HTE",2000,45,0.0468758309182799,0.0330477691548119,1,0.0116908249457322,0.0406748228804251,-0.00722686839069542,0,0.511743026121008,0.454,0.866569646569647,0.953186052483356,-0.00349835625610256,-0.00349835625610256,1,0.86,0.060662265269757,0.0315072989238497,0.765,0,0.407144496493637,0.467806761763394,0.467806761763394,0,1
"Strong quantitative HTE",2000,46,0.508135874465777,0.732943310551792,0,0.0100365989424899,0.0282320710662736,0.00152106256618634,0,0.525017509063744,0.49,0.743568766475775,0.921489248179671,-0.0016202889937032,-0.0016202889937032,1,0.956,0.0603250033842571,0.0312958041247722,0.767,0,0.407436515879732,0.467761519263989,0.467761519263989,0,1
"Strong quantitative HTE",2000,47,0.000483117059932391,0.00104523815076346,1,0.016462442479258,0.0351183184747096,0.00320879844200883,0,0.506749271661812,0.186,0.879353319155748,0.961235558466957,-0.00747479943559071,-0.00747479943559071,1,0.728,0.0612874190621358,0.031747148230419,0.773,0,0.407633853480486,0.468921272542622,0.468921272542622,0,1
"Strong quantitative HTE",2000,48,0.00245313958814188,0.0107494024242437,1,0.0152617592441184,0.0917118931769705,-0.0355945165796089,0,0.620623773861551,0.036,0.813385960444784,0.929701574450436,-0.0120353239204656,-0.0120353239204656,1,0.68,0.0597810130633796,0.0315812051979038,0.748,0,0.406250326537716,0.466031339601096,0.466031339601096,0,1
"Strong quantitative HTE",2000,49,0.0768744697533901,0.099960181050157,0,-0.00226550893970058,0.0397401833145573,-0.060594798890828,0,0.548655189130851,0.196,0.708176046671242,0.892152764201289,-0.0274579908286717,-0.0274579908286717,1,0.48,0.060399285161754,0.031466168070055,0.7655,0,0.407152008437928,0.467551293599682,0.467551293599682,0,1
"Strong quantitative HTE",2000,50,0.486932978530579,0.758682772753003,0,0.00111705026400863,0.0218873375558843,-0.00263956805885879,0,0.512338246208697,0.422,0.541435651881721,0.781501458802734,-0.0123153834950541,-0.0123153834950541,1,0.798,0.0595482493696843,0.0317088391233695,0.7515,0,0.405779084963726,0.46532733433341,0.46532733433341,0,1
"Strong quantitative HTE",2000,51,0.571195663437594,0.658509593420675,0,0.00814702301512117,0.0537392828224531,-0.0103938738750557,0,0.502905932616884,0.104,0.913119789381307,0.965466180876065,-0.00119321513885795,-0.00119321513885795,1,0.928,0.0597692712255813,0.0315491511850776,0.7495,0,0.405966750277295,0.465736021502877,0.465736021502877,0,1
"Strong quantitative HTE",2000,52,0.0140567981771204,0.00467659280987797,1,0.00435836295824576,0.0353941612055493,-0.00481732576842919,0,0.583623276563094,0.07,0.933234554597701,0.9700858247231,-0.00430756596283988,-0.00430756596283988,1,0.792,0.0595909477043552,0.0313852572507536,0.76,0,0.406141899609479,0.465732847313834,0.465732847313834,0,1
"Strong quantitative HTE",2000,53,0.131489019298838,0.156577363025058,0,0.0100075599569806,0.0395148447647803,0.033046098133621,0,0.490825360531521,0.454,0.914677433667584,0.96819269287423,-0.00419169902136585,-0.00419169902136585,1,0.826,0.0602871636701408,0.0311431725486118,0.766,0,0.40707316689547,0.467360330565611,0.467360330565611,0,1
"Strong quantitative HTE",2000,54,0.0341239440560357,0.0228329721297622,1,0.0212371216244755,0.0612605133006586,0.0154388893453273,0,0.519455114555878,0.154,0.731275737817433,0.909748908248493,-0.00401883543646192,-0.00401883543646192,1,0.904,0.0607663336753821,0.0312257335333158,0.766,0,0.407761040142748,0.46852737381813,0.46852737381813,0,1
"Strong quantitative HTE",2000,55,0.39941086224595,0.415035766237382,0,0.000554705283402413,0.0463795793534491,0.00592552959095077,0,0.48855368859927,0.492,0.487726602480701,0.706448344267653,-0.00416302598161544,-0.00416302598161544,1,0.9,0.0596785684425079,0.0313038876472723,0.7525,0,0.407269037638624,0.466947606081132,0.466947606081132,0,1
"Strong quantitative HTE",2000,56,0.39653161001338,0.390883237362761,0,0.00521002251860397,0.0582968404380261,-0.00099512919644662,0,0.485699614868051,0.55,0.927642210730446,0.972693326786037,-4.18749328821022e-05,-4.18749328821022e-05,1,0.998,0.0595018481319552,0.0315731864048456,0.751,0,0.406374447817284,0.465876295949239,0.465876295949239,0,1
"Strong quantitative HTE",2000,57,0.116378928709256,0.220394465866552,0,0.0039231798700605,0.0516235546922668,-0.0377065058981502,0,0.503643430341992,0.372,0.819067951952729,0.939583784603724,-0.0125275111238656,-0.0125275111238656,1,0.688,0.0598108731240661,0.0309926147595485,0.7565,0,0.407147527126971,0.466958400251037,0.466958400251037,0,1
"Strong quantitative HTE",2000,58,0.245078117062679,0.369067832104094,0,0.0123548800780551,0.00542918579991495,0.00197406695359836,0,0.533850223435452,0.498,0.725404162462751,0.906084280511868,-0.000744542285671501,-0.000744542285671501,1,0.99,0.0603760656794028,0.0315054532195909,0.758,0,0.407019843622029,0.467395909301432,0.467395909301432,0,1
"Strong quantitative HTE",2000,59,0.573010316381487,0.699312637324521,0,1.28719422379737e-05,-0.000141057388955886,0,0,0.538669881450343,0.498,0.547101449275362,0.751123165029172,0,0,1,1,0.0599234290863174,0.0317881577165783,0.7445,0,0.406836113155069,0.466759542241387,0.466759542241387,0,1
"Strong quantitative HTE",2000,60,0.699369236726227,1,0,-0.0179393156060612,0.0384358179299503,0.000781046661277762,0,0.500302618225561,0.416,0.656236447220054,0.83649156548325,-0.0007038692446516,-0.0007038692446516,1,0.98,0.0595733144354283,0.0319983919924445,0.7475,0,0.406553315362433,0.466126629797862,0.466126629797862,0,1
"Strong quantitative HTE",2000,61,0.191644902875981,0.240043518508985,0,-0.0284167356948256,-0.0041663467624248,-0.00233986847453072,0,0.543055123841962,0.316,0.911114199031937,0.966345105367827,-3.51193757291424e-05,-3.51193757291424e-05,1,0.998,0.0605242483992916,0.0311542214632242,0.7735,0,0.407805119453741,0.468329367853032,0.468329367853032,0,1
"Strong quantitative HTE",2000,62,0.202649555518376,0.127981252510666,0,-0.00878989720566809,0.0485338557152276,0.00643584482066933,0,0.479515848138064,0.554,0.490155485109228,0.804947375918662,-0.000567715844157768,-0.000567715844157768,1,0.994,0.0603507266615423,0.0314297166324153,0.755,0,0.407223597474427,0.467574324135969,0.467574324135969,0,1
"Strong quantitative HTE",2000,63,0.110594087199848,0.102285189606105,0,0.00258003560814088,0.028368649528056,-0.00844924762406868,0,0.504161955009488,0.382,0.843605333333333,0.94251591168479,-0.0119947205291749,-0.0119947205291749,1,0.708,0.0591030859741552,0.0310618624113827,0.7515,0,0.405215463544251,0.464318549518406,0.464318549518406,0,1
"Strong quantitative HTE",2000,64,0.0397729783318093,0.0125127483710866,1,0.0148959384716643,0.0332243839562654,0.0163993958835966,0,0.506978977799805,0.454,0.824116424116424,0.945869107644684,-0.00377468864214847,-0.00377468864214847,1,0.884,0.0589964630691818,0.0314626226293931,0.743,0,0.406311803744803,0.465308266813985,0.465308266813985,0,1
"Strong quantitative HTE",2000,65,0.00203340321198125,0.00216319811396734,1,0.0194959441448715,0.0390161263497671,0.00581952703889499,0,0.584858772150937,0.08,0.829275752385613,0.848787558928626,-0.0426297797135629,0.0147492688031751,0,0.196,0.0584519643607711,0.0309244691251045,0.7505,0,0.404688955230271,0.463140919591042,0.463140919591042,0,1
"Strong quantitative HTE",2000,66,0.0216317873048417,0.00658984779993209,1,-0.0131902431283813,0.0193462846765035,-0.0429062758339436,0,0.528052238103378,0.21,0.640064,0.867039808314254,-0.026930116129293,-0.026930116129293,1,0.396,0.0601239465257663,0.0317682379249358,0.748,0,0.406498165169332,0.466622111695099,0.466622111695099,0,1
"Strong quantitative HTE",2000,67,0.00118005804945657,0.0015536680104796,1,0.00206211984030262,0.00925674429010551,0.00644709994521186,0,0.549837652954336,0.208,0.64704233249229,0.878150182771206,-0.0188840377563632,-0.0188840377563632,1,0.566,0.060116476524019,0.0314336604046912,0.7585,0,0.407041984676822,0.467158461200841,0.467158461200841,0,1
"Strong quantitative HTE",2000,68,0.18245910626242,0.128036860280005,0,0.0189456208992421,0.0838458335512786,0.00318203359761399,0,0.462494092154925,0.096,0.570285087719298,0.841634599256831,-0.00433907965695668,-0.00433907965695668,1,0.9,0.0603789835638814,0.031542540720916,0.752,0,0.408025573025187,0.468404556589068,0.468404556589068,0,1
"Strong quantitative HTE",2000,69,0.245778595558058,0.381947555551977,0,0.006888081346907,0.045601559428273,0.00721500015285614,0,0.53006278308325,0.15,0.596452470830473,0.847138541584399,-0.00264980088954375,-0.00264980088954375,1,0.942,0.0600103892178071,0.0317765244830531,0.751,0,0.406841302298427,0.466851691516234,0.466851691516234,0,1
"Strong quantitative HTE",2000,70,0.361927517425395,0.54515764664478,0,0.00512439862350404,0.0545308117020901,-0.0353039224803837,0,0.508284088889242,0.34,0.640099519560742,0.864433474589337,-0.0143960311172168,-0.0143960311172168,1,0.708,0.0611206435903771,0.0311720743116891,0.766,0,0.407708709866702,0.468829353457079,0.468829353457079,0,1
"Strong quantitative HTE",2000,71,0.0668984363727756,0.150180823651083,0,-0.0068285694959016,0.0278614121276744,-0.036734217182518,0,0.525925018588189,0.278,0.67188378860874,0.904647137944412,-0.0255335752732225,-0.0255335752732225,1,0.54,0.0607595183973311,0.0309662907317615,0.77,0,0.407496666584648,0.46825618498198,0.46825618498198,0,1
"Strong quantitative HTE",2000,72,0.853953722386987,1,0,-0.0168369995559091,0.020845114775243,-0.00457745666048598,0,0.531101912284516,0.294,0.947330447330446,0.979924137258885,-0.0568655421729048,0.00359144192213912,0,0.04,0.0605947856406253,0.0317576812323506,0.753,0,0.408294385062145,0.46888917070277,0.46888917070277,0,1
"Strong quantitative HTE",2000,73,0.000860211559755863,0.000182205200252392,1,-0.0172077901152469,0.00607289151042554,-0.0318031304475024,0,0.608990028102068,0.102,0.728603687436413,0.92877955629773,-0.00571448255945456,-0.00571448255945456,1,0.848,0.0609681416931245,0.0310545837176175,0.778,0,0.407506654301842,0.468474795994967,0.468474795994967,0,1
"Strong quantitative HTE",2000,74,0.0178421321409956,0.00889234438508686,1,0.0322988219761538,0.102820425894802,0.147501225562413,0,0.452677181458953,0.048,0.745398001417759,0.904267091317375,-0.0159256252322559,0.0471254098404985,0,0.638,0.0603232613398889,0.031299723843913,0.7555,0,0.408134185827197,0.468457447167086,0.468457447167086,0,1
"Strong quantitative HTE",2000,75,0.165860304422066,0.0748890819319817,0,0.00101617709200002,-0.0098711797834183,-0.00576190470229132,0,0.554194936603605,0.448,0.692852898735252,0.875068135509575,-0.00382106838374596,-0.00382106838374596,1,0.926,0.0589793638021868,0.0313464465451981,0.744,0,0.405411614686071,0.464390978488258,0.464390978488258,0,1
"Strong quantitative HTE",2000,76,0.486549734263023,0.363141725056011,0,0.00426611679021854,0.0739895973047831,1.45507742178586e-05,0,0.469017744093235,0.56,0.884951801116185,0.954795862223589,-0.000184323464703373,-0.000184323464703373,1,0.986,0.059107458841706,0.0318068455442483,0.737,0,0.405497101671332,0.464604560513038,0.464604560513038,0,1
"Strong quantitative HTE",2000,77,0.0743096435666758,0.103270297222248,0,-0.00317257699855705,0.0520988822506249,-0.000151219295229876,0,0.473272989458819,0.522,0.75453947368421,0.920249289044696,-0.000124268191873611,-0.000124268191873611,1,0.996,0.0609380705503539,0.0314363533649758,0.7665,0,0.408245245678038,0.469183316228392,0.469183316228392,0,1
"Strong quantitative HTE",2000,78,0.427691949671911,0.31639477274916,0,-0.0133138122311998,0.00179826282107166,-0.00221601826819784,0,0.51172982601496,0.522,0.657774755031613,0.696917679874514,-0.00051493683621312,-0.00051493683621312,1,0.994,0.0604658027282444,0.0312777487140772,0.7645,0,0.407368075018975,0.467833877747219,0.467833877747219,0,1
"Strong quantitative HTE",2000,79,0.0293967918630659,0.0846198117191167,1,0.0222637282062475,0.0393137596790846,0.0494090368608608,0,0.498511490904166,0.12,0.816765531654388,0.915171236054743,-0.0228308000637061,0.0361631357376719,0,0.512,0.0605914159620395,0.0311089120675146,0.77,0,0.407168362728584,0.467759778690624,0.467759778690624,0,1
"Strong quantitative HTE",2000,80,0.386717876182805,0.450980940340915,0,0.0181589956763853,0.044151367390211,0.01323354542539,0,0.504679997866698,0.492,0.636841991762093,0.860318198617299,-0.00579769096441146,-0.00579769096441146,1,0.922,0.058941810057681,0.0318262258563614,0.743,0,0.406030495500048,0.464972305557729,0.464972305557729,0,1
"Strong quantitative HTE",2000,81,0.838946111918291,1,0,-0.0142992849033707,-0.0034837540612089,-0.0303025031951334,0,0.692366593227741,0.032,0.761336758828807,0.897324140807891,-0.0283778272584977,-0.0283778272584977,1,0.53,0.0587601793823818,0.0314617917374724,0.7405,0,0.404517593213939,0.463277772596321,0.463277772596321,0,1
"Strong quantitative HTE",2000,82,0.133647528890855,0.232752548940439,0,0.0297356060280763,0.0706841007324803,0.00676475719788594,0,0.475358389243564,0.05,0.815258386819295,0.942730396973433,-0.000274594402931427,-0.000274594402931427,1,0.988,0.0606184605277897,0.0316114120333419,0.7575,0,0.407519124520826,0.468137585048615,0.468137585048615,0,1
"Strong quantitative HTE",2000,83,0.6646766227371,0.75157474615405,0,0.00436489520703312,0.0461283118821006,-0.00887106765126516,0,0.4915594990083,0.41,0.600529813218391,0.863051537141685,-0.0138138065813215,-0.0138138065813215,1,0.744,0.0593899026816031,0.0311503730158398,0.7445,0,0.405843527357927,0.46523343003953,0.46523343003953,0,1
"Strong quantitative HTE",2000,84,0.347748667442448,0.209050549635956,0,0.00574707919264708,0.0131295040516768,0.00132484055282867,0,0.523851906552479,0.374,0.827535717454965,0.937599548830233,-0.000951532010604161,-0.000951532010604161,1,0.954,0.0596671735329547,0.0312599336651248,0.7555,0,0.40564084677804,0.465308020310994,0.465308020310994,0,1
"Strong quantitative HTE",2000,85,0.292745779695195,0.165719111107077,0,-0.00394316026968471,0.0389711281724308,0,0,0.49677928218056,0.54,0.557868601986249,0.839720476811425,0,0,1,1,0.0601885069851698,0.0311839301309036,0.7595,0,0.407136655288111,0.46732516227328,0.46732516227328,0,1
"Strong quantitative HTE",2000,86,0.799681117641596,1,0,0.0187912376689912,0.0821444942605283,0.00215700497245319,0,0.394861148377292,0.106,0.60535554634859,0.721750793801471,-0.000190013876047834,-0.000190013876047834,1,0.998,0.0605746835561949,0.0313248290930844,0.762,0,0.407216594456829,0.467791278013024,0.467791278013024,0,1
"Strong quantitative HTE",2000,87,0.553945875429696,0.838292753968828,0,-0.00247683121951711,0.0294395238868909,0.00273637212400069,0,0.504679997866698,0.492,0.60956409865021,0.71206838005632,-0.004755009188255,-0.004755009188255,1,0.922,0.0600933948474694,0.0310757343419477,0.759,0,0.406564427272688,0.466657822120157,0.466657822120157,0,1
"Strong quantitative HTE",2000,88,0.395508934478878,0.600794547786749,0,0.0156342292399398,0.0500970956727858,0.00259736634963009,0,0.534386041959129,0.082,0.82909255599473,0.876244794721606,-0.000110902352008446,-0.000110902352008446,1,0.992,0.0594507080074322,0.0314417114296881,0.7465,0,0.406551981609106,0.466002689616538,0.466002689616538,0,1
"Strong quantitative HTE",2000,89,0.0382434254418935,0.0699038874195247,1,-0.00923365017130229,0.0106094226547516,-0.00735375553271622,0,0.521099392717125,0.396,0.647375875363915,0.81339813536802,-0.00918300445494941,-0.00918300445494941,1,0.78,0.0592789085587399,0.031955001603429,0.736,0,0.405406677908681,0.464685586467421,0.464685586467421,0,1
"Strong quantitative HTE",2000,90,0.974363265950001,1,0,-0.0140054471424799,0.0388355891901867,-0.0331590310448122,0,0.482758170730747,0.554,0.646353029400736,0.865050802466944,-0.0129325335705566,-0.0129325335705566,1,0.766,0.059753137585433,0.0310411558115092,0.756,0,0.406098610981801,0.465851748567234,0.465851748567234,0,1
"Strong quantitative HTE",2000,91,0.265352632181866,0.160087687275398,0,0.0166291768186864,0.0403297436852947,0.00107626992407389,0,0.510289865625563,0.442,0.587765572312211,0.771442098271455,-0.0072113376488302,-0.0072113376488302,1,0.834,0.0606845491328615,0.0316784010032947,0.751,0,0.407505155132327,0.468189704265188,0.468189704265188,0,1
"Strong quantitative HTE",2000,92,0.00191629052594802,0.000432728169223286,1,0.00509079252480659,0.0175304434763829,0.00691756603284294,0,0.535336847431264,0.088,0.706840532937918,0.900042779055313,-0.0115668768238568,-0.0115668768238568,1,0.664,0.0599331663765022,0.0317080109619334,0.756,0,0.406971041420594,0.466904207797097,0.466904207797097,0,1
"Strong quantitative HTE",2000,93,0.0227841342500381,0.110981138339999,1,0.0162408113211175,0.0452160612761162,0.0016270954677654,0,0.495673273757212,0.45,0.905000115797031,0.973844571043463,-0.004982399349172,-0.004982399349172,1,0.826,0.0595137802628658,0.0311919138669243,0.7565,0,0.405467742224661,0.464981522487527,0.464981522487527,0,1
"Strong quantitative HTE",2000,94,0.70959605006902,1,0,-0.00289755812347231,0.0162174302270251,-0.0119307289467274,0,0.630105431722749,0.08,0.570236216871327,0.75007897880761,-0.0137138976213583,-0.0137138976213583,1,0.834,0.0599780883312248,0.0317248856320586,0.7455,0,0.405545776570959,0.465523864902184,0.465523864902184,0,1
"Strong quantitative HTE",2000,95,0.530714242464552,0.851511652620779,0,0.0199038176923872,0.0613322666310443,0.0290308504286739,0,0.730959062998862,0.034,0.79514911634757,0.925702364702031,-0.0152146885716831,-0.0152146885716831,1,0.632,0.0590131411810902,0.0312657754122472,0.7475,0,0.40609944460272,0.46511258578381,0.46511258578381,0,1
"Strong quantitative HTE",2000,96,0.677293989464973,0.94632143894824,0,0.00610520758405646,-0.00446024501921208,0.0201679011026947,0,0.651580184774308,0.032,0.690757710119223,0.684694768537713,-0.0135407446767031,-0.0135407446767031,1,0.758,0.0598756188551948,0.0312664871219349,0.758,0,0.406965713681638,0.466841332536833,0.466841332536833,0,1
"Strong quantitative HTE",2000,97,0.378215374457658,0.262205251912687,0,0.0168961229944669,0.0399160763475389,0,0,0.510771509398515,0.526,0.53246807795699,0.746711838148236,0,0,1,1,0.0602609850750391,0.0314069956944318,0.758,0,0.407293125855616,0.467554110930655,0.467554110930655,0,1
"Strong quantitative HTE",2000,98,0.32931680429076,0.315430804861708,0,-0.0181899829060241,0.0539690623750849,-0.00143453150232442,0,0.520562527213265,0.214,0.727082666666667,0.900166698904787,-7.54790583430975e-05,-7.54790583430975e-05,1,0.998,0.0610499259698291,0.0313354349723354,0.764,0,0.407191353930835,0.468241279900664,0.468241279900664,0,1
"Strong quantitative HTE",2000,99,0.468129679043597,0.382197638819413,0,-0.0117888104477063,0.0328153735252213,-0.0122017420835142,0,0.499610877226357,0.38,0.752873178460646,0.879094065856749,-0.00098043814026344,-0.00098043814026344,1,0.968,0.060370702664996,0.0314370124364731,0.7605,0,0.406705570599345,0.467076273264341,0.467076273264341,0,1
"Strong quantitative HTE",2000,100,0.093726254259646,0.0543930660045761,0,0.00419957409240391,0.00350998361492708,0.015659163337206,0,0.568907584573621,0.094,0.922289212076583,0.978214455673709,-0.0176674462793256,-0.0176674462793256,1,0.53,0.0591846961681587,0.0312780445701679,0.753,0,0.406083319650311,0.46526801581847,0.46526801581847,0,1
"Strong quantitative HTE",2000,101,0.530254431735843,0.721673717531985,0,0.0207986131629364,0.039990298883731,0,0,0.522741980424129,0.514,0.718278140013727,0.665644490200384,0,0,1,1,0.0604998129009989,0.0320229013811975,0.7465,0,0.406522515407829,0.467022328308828,0.467022328308828,0,1
"Strong quantitative HTE",2000,102,0.0769640587117194,0.0693690131174767,0,-0.00696249245296436,0.047397920569277,0.0501334865682285,0,0.602286957868388,0.042,0.963847567119067,0.988055504266395,-0.0218678576325657,0.0360535954169814,0,0.464,0.0593268689600338,0.031546951511747,0.7465,0,0.406107636937363,0.465434505897397,0.465434505897397,0,1
"Strong quantitative HTE",2000,103,0.71640562586904,1,0,0.00396341664941505,0.0457801656994217,0,0,0.455758392066953,0.078,0.579948617567898,0.778020097080385,0,0,1,1,0.0595264158529278,0.0309851914633112,0.769,0,0.407196668335198,0.466723084188126,0.466723084188126,0,1
"Strong quantitative HTE",2000,104,0.0871006804038484,0.135673900242449,0,-0.00340189446604524,0.035493457837257,-0.00638906010092172,0,0.497675226155645,0.118,0.694428904428905,0.861844853234805,-0.00076574579123978,-0.00076574579123978,1,0.954,0.0602873878526319,0.0310535238678699,0.7685,0,0.40657142461746,0.466858812470092,0.466858812470092,0,1
"Strong quantitative HTE",2000,105,0.414403536908852,0.753045409681396,0,-0.00357018365219452,0.0263481706005077,-0.00573623640188903,0,0.566649446485815,0.082,0.633447949970843,0.808163913394191,-0.0188896536683498,-0.0188896536683498,1,0.62,0.0608814940334658,0.0316696465454357,0.761,0,0.407929809018143,0.468811303051609,0.468811303051609,0,1
"Strong quantitative HTE",2000,106,0.0364091670359057,0.152928822004074,1,-0.0172953902801028,-0.0127583433963194,0.0117020076174145,0,0.582359990740118,0.19,0.813054881010199,0.907367769480766,-0.00136289404091089,-0.00136289404091089,1,0.936,0.0584851505297636,0.0314873043033561,0.7335,0,0.404835332317227,0.463320482846991,0.463320482846991,0,1
"Strong quantitative HTE",2000,107,0.716186850060627,0.929817479528437,0,-0.0307656078931989,-0.0132657569766521,-0.0535239409531957,0,0.548748701038336,0.262,0.668544698544699,0.657434864945056,-0.0237079724188206,-0.0237079724188206,1,0.602,0.0600218223800083,0.0311215868003766,0.758,0,0.406100249460233,0.466122071840241,0.466122071840241,0,1
"Strong quantitative HTE",2000,108,0.465741056455537,0.500318488047744,0,-0.022341157430827,0.0378808261734705,-0.0723233397276572,0,0.524983174457724,0.132,0.648983534946236,0.849142719500206,-0.0113462659339967,-0.0113462659339967,1,0.744,0.0610442024138779,0.0314725983766495,0.7675,0,0.40734558398253,0.468389786396408,0.468389786396408,0,1
"Strong quantitative HTE",2000,109,0.521387402492363,0.473847620432255,0,0.0128066497872372,0.065423551266097,-0.00114702142548351,0,0.476587835420145,0.432,0.70973040193341,0.905845068784529,-0.00870650395881162,-0.00870650395881162,1,0.8,0.0608825067706372,0.0314134005310505,0.7655,0,0.408114592372072,0.46899709914271,0.46899709914271,0,1
"Strong quantitative HTE",2000,110,0.318032445954566,0.426641564656794,0,-0.0194982032994554,0.0122381931771398,-0.0759152575912685,0,0.545275307832365,0.348,0.477393617021276,0.786630925873974,-0.0175762232628359,-0.0175762232628359,1,0.71,0.0596853820757969,0.0315230880457116,0.7465,0,0.406669416430507,0.466354798506304,0.466354798506304,0,1
"Strong quantitative HTE",2000,111,0.013406786203716,0.065564729921654,1,0.000390986162546247,0.0097550512829466,-0.00145289185426528,0,0.532941044475301,0.29,0.760922710461982,0.902206449695394,-0.0175454354791383,-0.0175454354791383,1,0.562,0.0603282342760229,0.0315083699192552,0.7595,0,0.406416450114746,0.466744684390769,0.466744684390769,0,1
"Strong quantitative HTE",2000,112,0.660656537479809,0.841896364156677,0,0.0169106445530025,0.029467514094513,0.00676256074863646,0,0.526729669599702,0.08,0.589310226492793,0.831997137381275,-0.000408937987165903,-0.000408937987165903,1,0.988,0.0590206722939579,0.0310345731177988,0.755,0,0.405924620581388,0.464945292875346,0.464945292875346,0,1
"Strong quantitative HTE",2000,113,0.162470275241987,0.142707693301321,0,0.0059752057462826,0.0192582047847307,-0.000315855296792067,0,0.576765458451567,0.086,0.647061333333333,0.837221811589837,-0.00171866834153944,-0.00171866834153944,1,0.944,0.0595111086199882,0.0313530100967109,0.7495,0,0.4064803296891,0.465991438309088,0.465991438309088,0,1
"Strong quantitative HTE",2000,114,0.34786587802145,0.285538629608212,0,-0.00257559031034993,0.0145101770049512,-0.00717324703530681,0,0.517288110932158,0.412,0.566433566433566,0.842464292927482,-0.0107509805327513,-0.0107509805327513,1,0.786,0.0594819649877747,0.0314047423766003,0.744,0,0.405706422009921,0.465188386997696,0.465188386997696,0,1
"Strong quantitative HTE",2000,115,0.367795127346555,0.350832632816249,0,-0.00683645495348545,0.0364594317627301,-0.0123677408310863,0,0.541495787097499,0.046,0.721291085555828,0.611029762115943,-0.00258637947296181,-0.00258637947296181,1,0.968,0.0587196582256538,0.0313493549861596,0.7365,0,0.404694708934755,0.463414367160409,0.463414367160409,0,1
"Strong quantitative HTE",2000,116,0.324097956071217,0.676505927297904,0,-0.0162378094283035,0.0310577586752988,-0.0190130464347047,0,0.499571276747118,0.478,0.66832298136646,0.874730764439705,-0.00412338771127962,-0.00412338771127962,1,0.886,0.0592297698437512,0.0317112427044806,0.752,0,0.406478031699879,0.46570780154363,0.46570780154363,0,1
"Strong quantitative HTE",2000,117,0.108654360105738,0.149833270106007,0,-0.000819025319643305,0.0202820551147807,0.00459379064355825,0,0.521728533089287,0.14,0.771579013351721,0.913001997161524,-0.00765808816662306,-0.00765808816662306,1,0.774,0.0601134741701058,0.0317975151234906,0.7455,0,0.406222087980288,0.466335562150394,0.466335562150394,0,1
"Strong quantitative HTE",2000,118,0.135651713123068,0.29465741865327,0,-0.0013036059015617,0.0145357091433896,-0.000163333659232712,0,0.502756878036122,0.068,0.585962666666666,0.786470537478237,-0.0156486825901771,-0.0156486825901771,1,0.688,0.0591631226829552,0.0313130910126797,0.747,0,0.406346547231077,0.465509669914032,0.465509669914032,0,1
"Strong quantitative HTE",2000,119,0.466038005737565,0.721353555722607,0,0.00942421345024071,0.0562876583881196,-0.0226787846720925,0,0.479865358055572,0.074,0.473222013468156,0.711111563056439,-0.0072719805420694,-0.0072719805420694,1,0.808,0.058142317867968,0.0315049036994527,0.746,0,0.405318513071575,0.463460830939543,0.463460830939543,0,1
"Strong quantitative HTE",2000,120,0.29381359386865,0.508800598881842,0,-0.00569205210147109,-0.0122569405662217,0,0,0.589003054365301,0.072,0.681598623701449,0.881902300111129,0,0,1,1,0.0591507700011314,0.031189685801909,0.758,0,0.405120303534479,0.46427107353561,0.46427107353561,0,1
"Strong quantitative HTE",2000,121,0.213127669061631,0.274207759815641,0,0.0095240835671784,0.0726708789754887,0.0355472584565183,0,0.464688206821092,0.572,0.724525174992913,0.626910204435791,-0.0533752280225959,0.00767798696487343,0,0.228,0.0609356764163249,0.0314307988507708,0.76,0,0.406967831622516,0.467903508038841,0.467903508038841,0,1
"Strong quantitative HTE",2000,122,0.317369190694104,0.18543979447897,0,0.0103566175016836,0.0795025548935959,-0.0434559791154437,0,0.463047707371091,0.336,0.874849867883738,0.944613256817586,-0.0181985645495289,-0.0181985645495289,1,0.574,0.0598711102346301,0.0318571229915598,0.7425,0,0.406964147724906,0.466835257959536,0.466835257959536,0,1
"Strong quantitative HTE",2000,123,0.576807002550626,0.515784255369631,0,0.00971917835472424,0.052831679569794,-0.0185458912133118,0,0.496711862150504,0.266,0.827803500846979,0.931705904926207,-0.026780557108339,-0.026780557108339,1,0.514,0.0599218776356221,0.0311935900494691,0.755,0,0.406353526113192,0.466275403748814,0.466275403748814,0,1
"Strong quantitative HTE",2000,124,0.830244192607167,1,0,-0.00373484625099178,0.0211371859755706,0.000107586191856301,0,0.516752813093478,0.518,0.749108104114332,0.643614778131838,-0.000314268065108869,-0.000314268065108869,1,0.996,0.0610951407260959,0.0311903782473656,0.763,0,0.408031574407389,0.469126715133485,0.469126715133485,0,1
"Strong quantitative HTE",2000,125,0.181016291636347,0.104657952868005,0,0.0216205955800824,0.03012092869272,0,0,0.577049987142193,0.048,0.70534389393151,0.853542474604251,0,0,1,1,0.0599337753467855,0.031376928443906,0.7545,0,0.406728094069843,0.466661869416628,0.466661869416628,0,1
"Strong quantitative HTE",2000,126,0.432132657337764,0.678801481756917,0,0.0130681355197569,0.048651384088593,0.0126219585179709,0,0.506388250130433,0.514,0.696255707762557,0.850980575352549,-0.0462887516688554,0.0111731881775595,0,0.156,0.0611649566978642,0.0314069291196071,0.7645,0,0.408128793014784,0.469293749712648,0.469293749712648,0,1
"Strong quantitative HTE",2000,127,0.753246897332015,0.953332695322913,0,-0.00268467564132745,-0.00557429417110493,-0.0290101989608827,0,0.556887877267138,0.402,0.676611889367816,0.865227490556524,-0.00659017084428887,-0.00659017084428887,1,0.832,0.0606918064245813,0.0315407766919266,0.762,0,0.408121089590521,0.468812896015103,0.468812896015103,0,1
"Strong quantitative HTE",2000,128,0.19504179261094,0.471286253336786,0,-0.0104547332330036,-0.00371590794733061,0.00711325545724256,0,0.55847870356814,0.226,0.606570264175924,0.757095992832565,-0.00414947035330399,-0.00414947035330399,1,0.946,0.059980301014426,0.0316234434151823,0.755,0,0.407306686816294,0.46728698783072,0.46728698783072,0,1
"Strong quantitative HTE",2000,129,0.537351644320991,0.882697862771816,0,-0.0078145238616852,0.0465309240756898,0.0101380686237557,0,0.487707556092998,0.548,0.687635527799462,0.878061508028377,-0.0326345801108368,0.0271469138490955,0,0.338,0.060400172831891,0.0310984812991143,0.7655,0,0.407255069459654,0.467655242291545,0.467655242291545,0,1
"Strong quantitative HTE",2000,130,0.0273297866512166,0.0196635471492811,1,-0.00884907507854332,0.00965724047248397,-0.00463899223089526,0,0.604681651056052,0.05,0.712363400823251,0.894061815545039,-0.000178910790326559,-0.000178910790326559,1,0.996,0.0604166519744324,0.0313811679359996,0.7545,0,0.407571681208091,0.467988333182524,0.467988333182524,0,1
"Strong quantitative HTE",2000,131,0.0528083818589757,0.163983672328394,0,0.0204250513902998,0.0652245732590254,-0.0105963260310335,0,0.479157810314839,0.366,0.699048913043478,0.851525747872888,-0.0134904004477467,-0.0134904004477467,1,0.658,0.0598356378915502,0.0316584561766541,0.741,0,0.406078143767626,0.465913781659176,0.465913781659176,0,1
"Strong quantitative HTE",2000,132,0.0418662154539936,0.0768022461258394,1,0.0198573537304185,0.043669072082333,-0.00314138063645414,0,0.520957721823527,0.466,0.846348389386814,0.945927477237657,-0.00208483862139136,-0.00208483862139136,1,0.92,0.0595340820110257,0.031183272716659,0.755,0,0.406639360790758,0.466173442801784,0.466173442801784,0,1
"Strong quantitative HTE",2000,133,0.0459204614883597,0.127948408759012,1,0.0040348840723796,0.0455709506304324,-0.0189914667807539,0,0.490732179619451,0.4,0.783386752136752,0.934530200337296,-0.012207105453474,-0.012207105453474,1,0.724,0.0604164375875513,0.0310889607071027,0.7655,0,0.406477986937911,0.466894424525462,0.466894424525462,0,1
"Strong quantitative HTE",2000,134,0.766744519510301,0.904226848306297,0,0.00896587045716259,0.0279869361127166,0.00292802665363312,0,0.512447151943473,0.498,0.701122974963182,0.650739004842645,-0.00200211388008409,-0.00200211388008409,1,0.948,0.0609876850807242,0.0311683804794887,0.768,0,0.407516757637047,0.468504442717772,0.468504442717772,0,1
"Strong quantitative HTE",2000,135,0.660326358901797,0.95560310810544,0,0.00793570008756674,0.054208920312235,-0.000932084408734934,0,0.493132598638667,0.412,0.544323011536126,0.812867574662279,-0.00773869788247966,-0.00773869788247966,1,0.848,0.0589329171158523,0.0313142365300393,0.749,0,0.405117877430675,0.464050794546527,0.464050794546527,0,1
"Strong quantitative HTE",2000,136,0.0799936466313627,0.0952449204987103,0,0.0141902748528628,0.017356920593132,0.0273558685697486,0,0.540494750653647,0.478,0.790301132463967,0.905278275451151,-0.0356097398609138,0.0247022142478447,0,0.338,0.0608302916695046,0.0315318473792009,0.7615,0,0.408462901108388,0.469293192777892,0.469293192777892,0,1
"Strong quantitative HTE",2000,137,0.772385558841101,0.897006476028336,0,-0.0313737802255662,-0.00119604026960703,-0.00799262723431926,0,0.504018820139844,0.506,0.603511089758988,0.701953575620008,-0.00393167298068459,-0.00393167298068459,1,0.96,0.0591707410696632,0.031735659595221,0.7465,0,0.40490705000828,0.464077791077943,0.464077791077943,0,1
"Strong quantitative HTE",2000,138,0.145247180229507,0.0621409323415341,0,0.020097277327339,0.034769060352854,0.00147650297353247,0,0.508457378351204,0.176,0.660998287252263,0.852367972459272,-0.011608052073828,-0.011608052073828,1,0.748,0.0598637331327026,0.0314190797370802,0.7525,0,0.405968613592128,0.46583234672483,0.46583234672483,0,1
"Strong quantitative HTE",2000,139,0.266802383991831,0.663878704731483,0,-0.00156633166275663,0.00304326212321563,0.0164488775011591,0,0.527192338552644,0.418,0.745043859649123,0.889537053862828,-0.00622067324865466,-0.00622067324865466,1,0.814,0.0601569419195635,0.031858851315063,0.7425,0,0.40785081210355,0.468007754023113,0.468007754023113,0,1
"Strong quantitative HTE",2000,140,0.198766974677408,0.240644290160807,0,-0.00800989917334336,0.0557052823086484,-0.0708713257483161,0,0.496458997249605,0.264,0.5597435442364,0.801439481866526,-0.0294446565666368,-0.0294446565666368,1,0.474,0.060520144888729,0.0314563562121405,0.758,0,0.406118796646824,0.466638941535553,0.466638941535553,0,1
"Strong quantitative HTE",2000,141,0.0345438727091547,0.0745276003723126,1,-0.00525891515289872,0.0319201131746687,0.0123690993170223,0,0.507489407950052,0.516,0.484138793642578,0.820164244444731,-0.0479947607131772,0.0127713398094838,0,0.182,0.0610367785486988,0.0311512429981899,0.7675,0,0.407790885087807,0.468827663636506,0.468827663636506,0,1
"Strong quantitative HTE",2000,142,0.696448271782898,0.939442701889118,0,-0.00908530606618751,0.00826864553788517,0.00485402576379235,0,0.520812798580407,0.502,0.576746666666666,0.839819440768838,-0.0592971255237548,0.000779895987799595,0,0.012,0.0601864190933216,0.031056106420632,0.771,0,0.407274883974807,0.467461303068129,0.467461303068129,0,1
"Strong quantitative HTE",2000,143,0.100698898409758,0.341024857392378,0,0.00754057064278187,0.0183203548002444,0.00477325808770956,0,0.525485319254953,0.208,0.844178794178794,0.93985044423207,-0.0294598234873251,-0.0294598234873251,1,0.39,0.0588166722758678,0.03135412270729,0.745,0,0.405250773023081,0.464067445298949,0.464067445298949,0,1
"Strong quantitative HTE",2000,144,0.375790499475229,0.477661770213423,0,0.0174224710802093,0.0854201476831075,-0.0127239803076212,0,0.465641260757682,0.368,0.864355357928623,0.958673113983842,-0.00221732881209891,-0.00221732881209891,1,0.906,0.0603448429341089,0.0310975368859368,0.769,0,0.406966613564028,0.467311456498137,0.467311456498137,0,1
"Strong quantitative HTE",2000,145,0.239715962143767,0.319980771439486,0,-0.00866235771121752,0.0149944564175274,0.00268709631448338,0,0.512745465670592,0.522,0.725496929541048,0.896023214550866,-4.871280830826e-05,-4.871280830826e-05,1,0.996,0.0604716426114241,0.0314815365922529,0.755,0,0.407991875611466,0.46846351822289,0.46846351822289,0,1
"Strong quantitative HTE",2000,146,0.203890468979042,0.341144590481533,0,-0.00254778447119529,0.0104965369897637,0.0124216377455559,0,0.514487891806604,0.398,0.61765808685679,0.829774437566277,-0.011906156096155,-0.011906156096155,1,0.754,0.0606121290546287,0.0313118275938864,0.7605,0,0.407204172129101,0.46781630118373,0.46781630118373,0,1
"Strong quantitative HTE",2000,147,0.295231360338791,0.388155667182654,0,0.0125702934145392,0.0364927745261901,-0.000995697564448172,0,0.513640470154622,0.424,0.635475978139078,0.795179008649376,-0.000314813373105127,-0.000314813373105127,1,0.99,0.0602136911916142,0.0309180918075101,0.7625,0,0.406606261046001,0.466819952237615,0.466819952237615,0,1
"Strong quantitative HTE",2000,148,0.919415816122857,1,0,-0.00372193178912815,0.0389669537554132,-0.013875961622225,0,0.498173828137682,0.498,0.735382223136905,0.703553060877681,-0.00432777341734053,-0.00432777341734053,1,0.922,0.0595768009164983,0.0311641492913387,0.766,0,0.406233582929034,0.465810383845533,0.465810383845533,0,1
"Strong quantitative HTE",2000,149,0.0342097796022399,0.0145451898930295,1,0.00246588815025175,0.00246635722656765,-0.0195738908388651,0,0.552766821789794,0.412,0.638813405797101,0.795542237666618,-0.0063813465728037,-0.0063813465728037,1,0.846,0.0589046607601431,0.031096017814104,0.7485,0,0.404749565603614,0.463654226363757,0.463654226363757,0,1
"Strong quantitative HTE",2000,150,0.00264506417140679,0.00185069198793334,1,0.00377768900257569,0.00338359609425273,0.00618503048100011,0,0.575362295627387,0.074,0.891241476852927,0.964806192412396,-0.0120897107396842,-0.0120897107396842,1,0.628,0.0599317940277525,0.031357842664329,0.7545,0,0.406885518047211,0.466817312074963,0.466817312074963,0,1
"Strong quantitative HTE",2000,151,0.488822551729596,0.666233231349099,0,0.0270780796176634,0.0458605112159449,0.0041819071670558,0,0.510740904652722,0.524,0.756550430225787,0.901145510735055,-6.31185756098107e-05,-6.31185756098107e-05,1,0.996,0.0602401707234318,0.0320784682867796,0.733,0,0.40706528981226,0.467305460535692,0.467305460535692,0,1
"Strong quantitative HTE",2000,152,0.331782258468887,0.299651403242222,0,0.00437253129629301,0.0528247357279088,-0.0431394687560579,0,0.698963740584588,0.03,0.744773202436142,0.904062676234203,-0.0169517789745221,-0.0169517789745221,1,0.578,0.0594322543893517,0.0310773987548879,0.756,0,0.406951406629088,0.46638366101844,0.46638366101844,0,1
"Strong quantitative HTE",2000,153,0.547288880217227,0.798322288923551,0,0.00862581535393083,0.0298807889163268,0,0,0.517752935371276,0.516,0.54356125600549,0.77287818850754,0,0,1,1,0.0595219422607597,0.0319000419207518,0.7455,0,0.406155472434184,0.465677414694944,0.465677414694944,0,1
"Strong quantitative HTE",2000,154,0.176212091660611,0.176585182830861,0,0.00326171517651809,0.00438893947469377,0,0,0.52411624684763,0.478,0.824286659108088,0.929328432588924,0,0,1,1,0.0608332629036996,0.0314068377400821,0.7765,0,0.40700445259173,0.467837715495429,0.467837715495429,0,1
"Strong quantitative HTE",2000,155,0.205801976436231,0.184532583650209,0,-0.00702292339891769,0.00180840747670834,-0.0297275740707277,0,0.562307231074526,0.214,0.538602666666667,0.838194890009856,-0.0291500522304157,-0.0291500522304157,1,0.434,0.0605086987679444,0.0318062913946801,0.7445,0,0.406912775802998,0.467421474570943,0.467421474570943,0,1
"Strong quantitative HTE",2000,156,0.931510748986796,1,0,0.000546793964602652,0.0468964325905684,-0.0457715069237182,0,0.709370149703827,0.022,0.691679018445323,0.670961987011155,-0.0292195842874206,-0.0292195842874206,1,0.554,0.0609523623663099,0.0318226212700866,0.753,0,0.408218270074242,0.469170632440552,0.469170632440552,0,1
"Strong quantitative HTE",2000,157,0.194030682123391,0.331270170455552,0,0.010305927800313,0.0291075636767385,-0.00210996173801625,0,0.519774954170195,0.508,0.865675675675676,0.948246982190165,-0.000237023549416959,-0.000237023549416959,1,0.982,0.0602275965273067,0.0313995257666752,0.754,0,0.405978707929981,0.466206304457288,0.466206304457288,0,1
"Strong quantitative HTE",2000,158,0.258558890953534,0.195179472606826,0,-0.00521762143496284,0.0336838527251731,-0.00322545984947459,0,0.494683068282329,0.54,0.741704469086022,0.908519604344452,-0.000127012550446226,-0.000127012550446226,1,0.996,0.0599690144349421,0.031583061828707,0.752,0,0.405825116339029,0.465794130773971,0.465794130773971,0,1
"Strong quantitative HTE",2000,159,0.0559083839579119,0.0303264621644959,0,0.00279339186575952,0.0153151847119818,-0.00830812087950106,0,0.522337620971396,0.298,0.555784226292561,0.843208696292088,-0.00309176676383677,-0.00309176676383677,1,0.964,0.0609097318161794,0.0312016220116053,0.7575,0,0.407143304350137,0.468053036166316,0.468053036166316,0,1
"Strong quantitative HTE",2000,160,0.657806190073659,0.620282441918377,0,0.010397159085829,0.0232942031369543,0.0057597625657756,0,0.540181823724771,0.212,0.771473743647656,0.893700428358183,-0.000617075537878542,-0.000617075537878542,1,0.952,0.0589881269534622,0.0318794749544358,0.7415,0,0.406034187280667,0.465022314234129,0.465022314234129,0,1
"Strong quantitative HTE",2000,161,0.439143620418335,0.653579938486406,0,0.000736198282010611,0.012011411762605,0.0130220688698213,0,0.540216775861885,0.312,0.708996218877078,0.897536994522,-0.00139732040268642,-0.00139732040268642,1,0.96,0.0613165610941907,0.0313312615213462,0.7665,0,0.408618030099192,0.469934591193382,0.469934591193382,0,1
"Strong quantitative HTE",2000,162,0.0156712727847776,0.01215044725206,1,0.0109583743417371,0.0208770648123299,-0.00792710375808853,0,0.536223630030209,0.294,0.80670462600901,0.923460182523777,-0.018652756870165,-0.018652756870165,1,0.574,0.0604947646634102,0.0312059162421883,0.7605,0,0.407604466863636,0.468099231527046,0.468099231527046,0,1
"Strong quantitative HTE",2000,163,0.624530917053224,0.794865719477622,0,0.00558267081161151,0.0408104075334171,0.00752955035904923,0,0.498173828137682,0.498,0.522324561403509,0.78835781188244,-0.00436462474671462,-0.00436462474671462,1,0.922,0.0594544525764559,0.0313963192454179,0.7555,0,0.405376602738314,0.46483105531477,0.46483105531477,0,1
"Strong quantitative HTE",2000,164,0.370204548012823,0.564426951870871,0,-0.0156825710279044,0.00125101430902801,-0.000224565432618062,0,0.51769093278795,0.486,0.563574561403509,0.759421362650848,-0.00548962953272886,-0.00548962953272886,1,0.934,0.0591579994453762,0.0314283723008172,0.743,0,0.40646840837195,0.465626407817327,0.465626407817327,0,1
"Strong quantitative HTE",2000,165,0.337161170682631,0.353760536106489,0,-0.00675508716845907,-0.00712384971513254,6.48302579044358e-05,0,0.570616821518586,0.158,0.695034958427816,0.907800621844191,-0.000347068625508595,-0.000347068625508595,1,0.996,0.0599465672978913,0.0311507311658391,0.7575,0,0.406629268482755,0.466575835780646,0.466575835780646,0,1
"Strong quantitative HTE",2000,166,0.513238550728201,0.504611412205586,0,-0.00607289406803291,0.0156674357332885,-0.0168244194152627,0,0.52493980974238,0.496,0.743677344928566,0.906140110239554,-0.00250860585906026,-0.00250860585906026,1,0.968,0.0597294912566239,0.0316449258381965,0.747,0,0.406500565273255,0.466230056529879,0.466230056529879,0,1
"Strong quantitative HTE",2000,167,0.00933644869741064,0.00234772194184887,1,0.0145378149704133,0.037759076950087,0.00441021652072765,0,0.63410552609068,0.052,0.787690582476116,0.928036093512097,-0.00079503947709364,-0.00079503947709364,1,0.964,0.0595131653339288,0.0311882892484801,0.754,0,0.406228783967742,0.465741949301671,0.465741949301671,0,1
"Strong quantitative HTE",2000,168,0.715250751285439,1,0,0.00758661087758612,0.0267710457856477,-0.00234115940234031,0,0.51172982601496,0.522,0.725804630152456,0.64170459012177,-0.000148905854771342,-0.000148905854771342,1,0.998,0.0603688113759998,0.0314915629780615,0.762,0,0.406312213956925,0.466681025332925,0.466681025332925,0,1
"Strong quantitative HTE",2000,169,0.381331705473272,0.635241513887349,0,-0.0173554733544743,0.0297805396818599,-0.0648047563404122,0,0.696645814251832,0.046,0.75683077785685,0.876290825294955,-0.0238594406540999,-0.0238594406540999,1,0.526,0.0601617525762344,0.031334329240797,0.757,0,0.406133984186009,0.466295736762244,0.466295736762244,0,1
"Strong quantitative HTE",2000,170,0.0270043591107367,0.0446299389900278,1,0.0112631707241846,0.0178531315632815,0.0196156024466517,0,0.532354377895136,0.31,0.565014367816092,0.825347902412344,-0.0201491936674389,0.0419216981771288,0,0.602,0.060030166548826,0.0311022577306145,0.768,0,0.407297939954737,0.467328106503562,0.467328106503562,0,1
"Strong quantitative HTE",2000,171,0.115675640846761,0.0456527640349713,0,0.00785327252190082,0.0382796870408259,-0.0137891613109369,0,0.50684467213263,0.13,0.784637239979706,0.909514898980396,-0.00627026227476363,-0.00627026227476363,1,0.842,0.0597470570816125,0.0314699674622289,0.7555,0,0.405579933520341,0.465326990601954,0.465326990601954,0,1
"Strong quantitative HTE",2000,172,0.0298353476895814,0.0227462340906226,1,0.00582683848831773,0.0286004159761875,-0.019077443731201,0,0.519843908719257,0.42,0.580606308517407,0.870624931984082,-0.014524689756944,-0.014524689756944,1,0.806,0.0595119806374056,0.0313977642504739,0.7555,0,0.405418932450526,0.464930913087932,0.464930913087932,0,1
"Strong quantitative HTE",2000,173,0.100260092449285,0.250477543429663,0,0.00680024278676741,0.000628531686107562,0.0336825485644815,0,0.570438194421566,0.12,0.663889911634757,0.879936520989031,-0.0166602904667209,-0.0166602904667209,1,0.676,0.0597134037007875,0.0310358414323246,0.758,0,0.405956561901341,0.465669965602129,0.465669965602129,0,1
"Strong quantitative HTE",2000,174,0.162197438224834,0.382066639071402,0,0.014770558667278,0.0306734071815778,-0.0064461854985769,0,0.528693782154761,0.332,0.895787690570299,0.961936199263502,-0.0179933555622924,-0.0179933555622924,1,0.642,0.0609829332337156,0.0317291004795565,0.7625,0,0.408656487842072,0.469639421075787,0.469639421075787,0,1
"Strong quantitative HTE",2000,175,0.387421743306639,0.637692679731755,0,-0.00914421276067854,-0.0130953469789998,-0.00436802291919214,0,0.562499542813219,0.226,0.592479416008827,0.794854558319495,-0.00065354680074059,-0.00065354680074059,1,0.994,0.0594058625495119,0.0307710412256997,0.7695,0,0.406352637443054,0.465758499992566,0.465758499992566,0,1
"Strong quantitative HTE",2000,176,0.528154767455273,0.940606293609067,0,-0.0025095563502868,0.0230237972953179,-0.0086106538015634,0,0.515234563836344,0.452,0.736893182469838,0.904785191849758,-0.00705910475466626,-0.00705910475466626,1,0.862,0.0594528803302096,0.0309890254249933,0.7525,0,0.407023936639634,0.466476816969844,0.466476816969844,0,1
"Strong quantitative HTE",2000,177,0.200034176458107,0.299857713565975,0,-0.0115579941205858,0.0185372312073671,-0.00456049770203454,0,0.590290904365519,0.09,0.90076754385965,0.970304662132578,-0.0442733319929352,0.0171408691230031,0,0.182,0.0599114747870185,0.0314053036016428,0.755,0,0.406318079204185,0.466229553991203,0.466229553991203,0,1
"Strong quantitative HTE",2000,178,0.93464926222865,1,0,0.000782917246475324,0.0214252116606402,-0.000163238373538377,0,0.555474207748616,0.054,0.643306666666667,0.772001072941934,-0.000140869970196078,-0.000140869970196078,1,0.996,0.0593115333845361,0.0310167222438985,0.7565,0,0.406588961653384,0.46590049503792,0.46590049503792,0,1
"Strong quantitative HTE",2000,179,0.19938032267927,0.100519230214496,0,0.00951056862498115,0.0439998783948009,-0.00971027626319132,0,0.509502681237466,0.512,0.887969432775326,0.962967219610847,-0.000736179381967683,-0.000736179381967683,1,0.97,0.06089819174388,0.0319236526942496,0.753,0,0.408133070239624,0.469031261983504,0.469031261983504,0,1
"Strong quantitative HTE",2000,180,0.337518023421893,0.315911965818847,0,0.00531483188684012,0.042252485835975,-0.00592928632770717,0,0.489237675406901,0.22,0.54190391255631,0.852100692454148,-0.00379826553059937,-0.00379826553059937,1,0.936,0.0597328196248202,0.0310240573553117,0.759,0,0.404848177535706,0.464580997160526,0.464580997160526,0,1
"Strong quantitative HTE",2000,181,0.103353245649774,0.117389339282255,0,-0.00449356886073186,0.0314210347370575,0.00794819288703902,0,0.494970779303833,0.502,0.846842674077505,0.934773461659247,-0.00169341634428949,-0.00169341634428949,1,0.924,0.0608513124437232,0.0313410336514513,0.766,0,0.408642750031454,0.469494062475177,0.469494062475177,0,1
"Strong quantitative HTE",2000,182,0.161874934464608,0.168844266070689,0,0.0118517072647807,0.0660829645611931,0.0761381233534959,0,0.480601179454251,0.554,0.59046052631579,0.788093271787354,-0.0309738911297319,0.031123861011642,0,0.486,0.0610236985325991,0.031700171305074,0.7585,0,0.408430784321991,0.46945448285459,0.46945448285459,0,1
"Strong quantitative HTE",2000,183,0.0446371694811087,0.0275773437734964,1,-0.00736998443343729,0.0491894467066133,-0.0402836183871026,0,0.509184461041785,0.29,0.977745428880214,0.99323393901328,-0.0112868728529669,-0.0112868728529669,1,0.612,0.0605734790291121,0.0313323376706502,0.761,0,0.406534042381796,0.467107521410908,0.467107521410908,0,1
"Strong quantitative HTE",2000,184,0.242159264606471,0.139346611111691,0,0.0221686971384193,0.0938588037663161,-0.0206030834750741,0,0.442557077201921,0.266,0.985093514070007,0.994701763847545,-0.000800729959379187,-0.000800729959379187,1,0.95,0.0590913589932478,0.0312113083622942,0.749,0,0.405395434759431,0.464486793752678,0.464486793752678,0,1
"Strong quantitative HTE",2000,185,0.518357438982919,0.979411770460765,0,-0.000374465941073927,0.0586255188985205,-0.00727335857825562,0,0.564845126181726,0.058,0.534935964241877,0.806169389174588,-0.0117880354200702,-0.0117880354200702,1,0.742,0.0602639415420223,0.0311302720904877,0.7675,0,0.407359907199594,0.467623848741616,0.467623848741616,0,1
"Strong quantitative HTE",2000,186,0.109144414632338,0.244090416092472,0,0.00287540261315296,-0.00940731789956266,0.00549674933391081,0,0.591328441204881,0.088,0.807126976284585,0.898284471904379,-0.00033675687726259,-0.00033675687726259,1,0.974,0.0593580666953012,0.0314381573548254,0.7415,0,0.405066573013516,0.464424639708817,0.464424639708817,0,1
"Strong quantitative HTE",2000,187,0.195115990381046,0.420317735033311,0,0.00459579104990903,0.0633726257249655,0.00693192686444277,0,0.471156055729867,0.536,0.722822453688728,0.894297740250792,-0.00206136686244385,-0.00206136686244385,1,0.946,0.0605286288869074,0.0313094449177476,0.763,0,0.407742909507216,0.468271538394124,0.468271538394124,0,1
"Strong quantitative HTE",2000,188,0.00638241442758936,0.0310228872397024,1,0.00739997536136798,0.0130130976030145,0,0,0.553873076615378,0.296,0.858904167727697,0.944599971549448,0,0,1,1,0.0587609006836136,0.0317784643889193,0.729,0,0.40588887106529,0.464649771748904,0.464649771748904,0,1
"Strong quantitative HTE",2000,189,0.23112553897291,0.345826230453171,0,0.00254276294984336,0.0478035728006577,0.00262327885677793,0,0.517883327310966,0.264,0.72295179365307,0.893783562966222,-0.00329450473609755,-0.00329450473609755,1,0.922,0.0589530425810184,0.0314730769904929,0.7405,0,0.406460576323263,0.465413618904282,0.465413618904282,0,1
"Strong quantitative HTE",2000,190,0.000487727996643592,0.000795497531146745,1,0.0206813312366013,0.0511229548540417,-0.00157443823532388,0,0.505969390900807,0.46,0.892587508579272,0.967066311540489,-0.000148688705753408,-0.000148688705753408,1,0.99,0.0598118380816169,0.0317704016770879,0.7485,0,0.405822687994368,0.465634526075985,0.465634526075985,0,1
"Strong quantitative HTE",2000,191,0.0976844121729971,0.106013327793181,0,0.0087453037401775,0.0252802741598713,0.00798238841451177,0,0.565783051665493,0.036,0.787442969962251,0.925492261656166,-0.00206369468111356,-0.00206369468111356,1,0.93,0.0603461842982258,0.031447990479758,0.757,0,0.407431908847962,0.467778093146188,0.467778093146188,0,1
"Strong quantitative HTE",2000,192,0.36167856672725,0.545097304023496,0,0.00379538427884043,0.0306815015724566,-0.00520448185501993,0,0.512651764358916,0.514,0.60193894755524,0.856130206771446,-0.000462863657098467,-0.000462863657098467,1,0.986,0.0598567020122141,0.0312346569741945,0.761,0,0.405869617985343,0.465726319997557,0.465726319997557,0,1
"Strong quantitative HTE",2000,193,0.198232227510106,0.122223411323862,0,-0.0197648167333051,0.00927297590987445,-0.0554506652542781,0,0.557827676388288,0.098,0.50402144772118,0.733151479440804,-0.0279716068889075,-0.0279716068889075,1,0.49,0.0597980834975101,0.0318919322866244,0.7395,0,0.406255772320462,0.466053855817973,0.466053855817973,0,1
"Strong quantitative HTE",2000,194,0.862587535451623,1,0,0.0032738568026811,0.0447531207333393,0.022623451432105,0,0.58038669923007,0.038,0.857064448713348,0.945091606883244,-0.0379587793067394,0.0218808311380636,0,0.264,0.0593598524504035,0.0312712645447764,0.7485,0,0.405109217482517,0.464469069932921,0.464469069932921,0,1
"Strong quantitative HTE",2000,195,0.10080744359376,0.147935101750051,0,0.00140602863854017,0.0360305349459248,-0.00404187784297816,0,0.492522963533713,0.268,0.713986013986014,0.869344220940181,-0.0251037684055833,-0.0251037684055833,1,0.478,0.0607554824238918,0.0314690452285063,0.764,0,0.408148291930119,0.468903774354011,0.468903774354011,0,1
"Strong quantitative HTE",2000,196,0.240659355871545,0.199199536555226,0,-0.00337200015653629,-0.00619370546537372,-0.00705330170197399,0,0.540836939480265,0.492,0.58596967932544,0.751694924331551,-0.000725764939397966,-0.000725764939397966,1,0.992,0.0611815270695062,0.0313966087046942,0.771,0,0.407917965716527,0.469099492786033,0.469099492786033,0,1
"Strong quantitative HTE",2000,197,0.449354522522294,0.3761235670114,0,0.00375627808670814,0.0483034695167184,-0.0499825496448111,0,0.525891302704269,0.288,0.669890924058449,0.872800418717773,-0.024373679750363,-0.024373679750363,1,0.55,0.0605127285119946,0.0314582124393228,0.765,0,0.406924641594694,0.467437370106689,0.467437370106689,0,1
"Strong quantitative HTE",2000,198,0.064909541822683,0.0342823545384919,0,-0.00759179686238896,0.00806174050016655,0.0113553071120642,0,0.716472194514317,0.03,0.907962577962578,0.968114567788158,-0.0305819254088366,0.0290525744388839,0,0.336,0.0609227450165202,0.0315236585643726,0.7605,0,0.40859596390752,0.469518708924041,0.469518708924041,0,1
"Strong quantitative HTE",2000,199,0.0255466834935856,0.0405543671088638,1,0.00690760344707496,0.0286288543013329,-0.0181089670585809,0,0.512430413385833,0.32,0.852448453608248,0.955983313970308,-0.011937404593711,-0.011937404593711,1,0.668,0.0613540733378338,0.0308113513686731,0.773,0,0.407321459400201,0.468675532738035,0.468675532738035,0,1
"Strong quantitative HTE",2000,200,0.254670349826373,0.215031578148039,0,-0.0186596224217672,-0.00844103467439313,0.00803107130086667,0,0.551443248481139,0.322,0.563967814387579,0.814868736815608,-0.0020154638242979,-0.0020154638242979,1,0.972,0.0598046942858567,0.0314365385743473,0.763,0,0.40662470698823,0.466429401274087,0.466429401274087,0,1
"Strong quantitative HTE",2000,201,0.841906091543107,1,0,-0.0105749656324097,0.0348721971438569,-0.029055965297248,0,0.524095208459463,0.296,0.667546777546777,0.84273110618892,-0.00889537644900668,-0.00889537644900668,1,0.85,0.0603898071935118,0.0318823290496584,0.7565,0,0.406967079694109,0.467356886887621,0.467356886887621,0,1
"Strong quantitative HTE",2000,202,0.86261840921203,1,0,0.0138791059157483,0.0405718450714807,-0.00343734172386501,0,0.491693175308997,0.152,0.466280451574569,0.790739583551496,-0.0391532292117686,-0.0391532292117686,1,0.3,0.0605685838130771,0.0315133825534205,0.754,0,0.406879003191031,0.467447587004108,0.467447587004108,0,1
"Strong quantitative HTE",2000,203,0.325635615963111,0.450948641304646,0,-0.0124709096963517,0.0103904526668434,-0.0174879444898892,0,0.543797546669892,0.226,0.662971721351857,0.8749922957687,-0.00139691054725655,-0.00139691054725655,1,0.954,0.0607406205811692,0.0313120939762526,0.7575,0,0.407452121376864,0.468192741958034,0.468192741958034,0,1
"Strong quantitative HTE",2000,204,0.644663974640738,1,0,0.000728596306973017,0.019402588829983,0.00325133537867422,0,0.520767155775072,0.512,0.512957687764886,0.825175007323997,-0.000805695076988744,-0.000805695076988744,1,0.992,0.0598415820332816,0.031200584415315,0.758,0,0.406686439584016,0.466528021617298,0.466528021617298,0,1
"Strong quantitative HTE",2000,205,0.0924502503660274,0.0590536846092508,0,0.0143756075393814,0.0427705514610756,0.0547215878853705,0,0.508646509159372,0.348,0.585864769584766,0.820401608561719,-0.0177465255833266,0.0419957620019035,0,0.648,0.0612192631786489,0.0314805318625325,0.763,0,0.408654448897022,0.46987371207567,0.46987371207567,0,1
"Strong quantitative HTE",2000,206,0.433069768868087,0.322884218574882,0,-0.0126420687734123,0.0327682303419559,-0.034344931884858,0,0.742138774853013,0.024,0.566810344827586,0.826048806405993,-0.0210189713144714,-0.0210189713144714,1,0.634,0.0612699118526576,0.031212234610716,0.7745,0,0.407758788831767,0.469028700684424,0.469028700684424,0,1
"Strong quantitative HTE",2000,207,0.819221610082009,1,0,-0.0181571816874995,0.0394753676866106,-0.0224674779359714,0,0.492046087788985,0.472,0.473045523116514,0.818732472389113,-0.00670027896567155,-0.00670027896567155,1,0.882,0.0605802664142061,0.0314701708489116,0.755,0,0.406314849737943,0.466895116152149,0.466895116152149,0,1
"Strong quantitative HTE",2000,208,0.111095424213572,0.0603242780368269,0,0.0201772208356198,0.0215307940396615,0.0209790154629949,0,0.522316748305423,0.418,0.78341024048274,0.931135134803768,-0.0193595163164291,0.0409530106396566,0,0.502,0.0597660039102485,0.0311073899802331,0.7615,0,0.406645228220072,0.46641123213032,0.46641123213032,0,1
"Strong quantitative HTE",2000,209,0.510280643921426,0.516312417901593,0,-0.0232900382764791,0.0296290072240628,-0.00198411696566636,0,0.686098091730426,0.056,0.605954388144467,0.764402155069886,-0.000522098730551646,-0.000522098730551646,1,0.994,0.0608062021574492,0.0311908695744042,0.7715,0,0.40848083153597,0.469287033693419,0.469287033693419,0,1
"Strong quantitative HTE",2000,210,0.0285642870870566,0.0679604479467267,1,-0.00773708068626957,-0.0268875469145517,-0.0479873447411875,0,0.575544920645173,0.29,0.682245195607412,0.842499691867423,-0.0191979524937109,0.0411688371331804,0,0.616,0.061056295731678,0.0312435664874424,0.7715,0,0.407993704799357,0.469050000531035,0.469050000531035,0,1
"Strong quantitative HTE",2000,211,0.0479069503566054,0.0977548316099661,1,0.00919772720683265,0.0365536298465408,0.0019154170501352,0,0.507711446291844,0.526,0.878215792646173,0.968372159450567,-0.000146233352149527,-0.000146233352149527,1,0.994,0.0601809695763409,0.0312280351914309,0.7665,0,0.407198316130573,0.467379285706914,0.467379285706914,0,1
"Strong quantitative HTE",2000,212,0.00582736100531275,0.00488299001213606,1,0.0126152704654636,0.0615705008106607,-0.0185079579200211,0,0.504765588164864,0.174,0.786225978037062,0.916333468385249,-0.0212068340659137,-0.0212068340659137,1,0.532,0.0600495812591808,0.0313198992977331,0.758,0,0.406672526970854,0.466722108230035,0.466722108230035,0,1
"Strong quantitative HTE",2000,213,0.144799171799854,0.340793110540778,0,0.00330781118905247,0.0193779657536052,0.00445918641708887,0,0.599220490929138,0.066,0.557287960147506,0.782596423279722,-0.00179878412454193,-0.00179878412454193,1,0.97,0.0582120884198065,0.0313904047860097,0.735,0,0.404722114937779,0.462934203357585,0.462934203357585,0,1
"Strong quantitative HTE",2000,214,0.559945274277527,0.711684648618222,0,0.0171113650280496,0.076730242399216,-0.00251018156344773,0,0.481551490145917,0.19,0.639030415315733,0.67781882906691,-0.00108966752507,-0.00108966752507,1,0.982,0.0603454609097075,0.0313644641837775,0.757,0,0.407773417923972,0.46811887883368,0.46811887883368,0,1
"Strong quantitative HTE",2000,215,2.629128345425e-05,4.00505549845804e-05,1,0.0556097553071004,0.0648762689059564,0.056903812604191,0,0.492357826851265,0.402,0.996935812124122,0.999127873980779,-0.00340947594618457,-0.00340947594618457,1,0.806,0.0598517845934761,0.0313954041097639,0.7575,0,0.406534683823416,0.466386468416892,0.466386468416892,0,1
"Strong quantitative HTE",2000,216,0.00119984768407192,0.00287880528465136,1,0.0114765313162913,0.0417803645674526,-0.0701027435590585,0,0.635533069144327,0.056,0.934244791666666,0.981927598631189,-0.049006725806721,-0.049006725806721,1,0.12,0.0599462042751388,0.031243413902045,0.7565,0,0.407005683401865,0.466951887677003,0.466951887677003,0,1
"Strong quantitative HTE",2000,217,0.166378429232735,0.248848783294492,0,0.00383839655713529,0.0199564797643097,-0.00351934400067017,0,0.521025911817599,0.354,0.721559711736445,0.89415027029004,-0.00401326558195597,-0.00401326558195597,1,0.894,0.0595993086004934,0.03173045660901,0.7425,0,0.406094461005594,0.465693769606087,0.465693769606087,0,1
"Strong quantitative HTE",2000,218,0.00625115968958474,0.00145513338731216,1,0.00917855476224596,0.000902498093324789,0.0463164017068871,0,0.522492433011783,0.336,0.94925407925408,0.986054662083201,-0.0116796420671473,-0.0116796420671473,1,0.642,0.0596403946220813,0.0311823942611527,0.758,0,0.407294083711131,0.466934478333212,0.466934478333212,0,1
"Strong quantitative HTE",2000,219,0.293253124466925,0.446610157504289,0,-0.0286695334462055,-0.00258815464684472,-0.0834723620205475,0,0.59383836239694,0.064,0.67271662763466,0.874254487220623,-0.0298634724580689,-0.0298634724580689,1,0.406,0.0589768789347088,0.0313437645558834,0.7465,0,0.406136289205269,0.465113168139978,0.465113168139978,0,1
"Strong quantitative HTE",2000,220,0.122362068796609,0.122946392672332,0,-0.0049903413421825,0.0413238086897858,0.00209087994389806,0,0.517649885128292,0.208,0.727194072233561,0.89279649794762,-0.00339988964677185,-0.00339988964677185,1,0.924,0.0602733627018649,0.0310433303886342,0.7675,0,0.407764100764511,0.468037463466376,0.468037463466376,0,1
"Strong quantitative HTE",2000,221,0.0862665059554692,0.0393138308221463,0,0.00565337429499695,0.0208431613691773,0.0263692079314379,0,0.519269709928559,0.328,0.778563892509154,0.931009944029732,-0.011860450437548,0.0470402826105237,0,0.622,0.0605819344407414,0.0313645257801537,0.7635,0,0.407133969689887,0.467715904130628,0.467715904130628,0,1
"Strong quantitative HTE",2000,222,0.00858453948597487,0.0105645809235286,1,0.0188650408839068,0.0511018843909811,-0.00446403695435721,0,0.503499282531405,0.458,0.711616040471881,0.884677151655461,-0.00471062519662496,-0.00471062519662496,1,0.864,0.0600463691536196,0.0314255446116279,0.752,0,0.406075524051672,0.466121893205291,0.466121893205291,0,1
"Strong quantitative HTE",2000,223,0.106209657774101,0.272577596212995,0,-0.00114658207907208,0.00547631125301602,0.0068340647662023,0,0.561521688843182,0.176,0.651134952004517,0.87170286093934,-0.00903032175900165,-0.00903032175900165,1,0.818,0.0598194378751337,0.0314446277200225,0.754,0,0.406378509308002,0.466197947183135,0.466197947183135,0,1
"Strong quantitative HTE",2000,224,0.0583203163468563,0.0358329276090569,0,-0.00744028258152109,0.0100997289472104,-0.0415578770264886,0,0.564277272985593,0.13,0.699197748655915,0.87590236975454,-0.024258085296409,-0.024258085296409,1,0.468,0.0591106684427619,0.031527689747532,0.7485,0,0.406024690428111,0.465135358870873,0.465135358870873,0,1
"Strong quantitative HTE",2000,225,0.847158337333926,1,0,-0.00515086789765985,0.0515082673537327,-0.0380549410996821,0,0.49471738839166,0.476,0.699346405228758,0.86688441476744,-0.0049015592147012,-0.0049015592147012,1,0.874,0.0585134108917119,0.0308765908479597,0.7435,0,0.404722841546368,0.46323625243808,0.46323625243808,0,1
"Strong quantitative HTE",2000,226,0.532339925372497,1,0,-0.0107949249194483,-0.00693141265909397,-0.00443664102877617,0,0.545012055106707,0.352,0.601212271664701,0.795091163480355,-0.00203319394019419,-0.00203319394019419,1,0.976,0.0593835003955443,0.0313072360340838,0.7535,0,0.405864825844119,0.465248326239663,0.465248326239663,0,1
"Strong quantitative HTE",2000,227,0.0493256064152527,0.0220084970603619,1,0.0302269906116425,0.073435026829709,0.00326715422858381,0,0.491395810838278,0.538,0.488617995689655,0.703257014012049,-0.000502598206532257,-0.000502598206532257,1,0.986,0.0599273014293868,0.0313228402891361,0.7605,0,0.407193635947534,0.467120937376921,0.467120937376921,0,1
"Strong quantitative HTE",2000,228,0.19093541672611,0.260539734269281,0,-0.013532645831032,-0.0173509223441264,0.00133807459152158,0,0.536883025903764,0.468,0.707526588491955,0.891725914707346,-2.22563818197408e-05,-2.22563818197408e-05,1,0.998,0.059771948548017,0.031148615344193,0.758,0,0.406699922893992,0.466471871442009,0.466471871442009,0,1
"Strong quantitative HTE",2000,229,0.615995738012312,0.790096035299162,0,-0.0411209884589368,-0.008831198813966,-0.0229758854024367,0,0.502779476936722,0.534,0.569984679060621,0.713816258048498,-0.00212721257941179,-0.00212721257941179,1,0.948,0.0603529494199612,0.0315087198130789,0.753,0,0.407637663242488,0.46799061266245,0.46799061266245,0,1
"Strong quantitative HTE",2000,230,0.742220767643254,0.928594399561054,0,-0.0105046097795927,0.0458656007968869,-0.045014591187319,0,0.529157983183811,0.306,0.690507532543513,0.613470578638905,-0.00908520924728073,-0.00908520924728073,1,0.812,0.0600478051264675,0.0318579122203916,0.7455,0,0.406309713645744,0.466357518772212,0.466357518772212,0,1
"Strong quantitative HTE",2000,231,0.636628672907553,0.780969949675771,0,0.00445581326136174,0.0489320196885742,-0.0291088857407971,0,0.541952671400953,0.108,0.929950768186062,0.975394857014092,-0.0269666736795799,-0.0269666736795799,1,0.422,0.0603109469486064,0.0318076575520274,0.7435,0,0.40679568660142,0.467106633550027,0.467106633550027,0,1
"Strong quantitative HTE",2000,232,0.133890859565363,0.163426554279772,0,-0.029609022581597,-0.0249317043292716,-0.0128426346783729,0,0.612466910929792,0.13,0.647128720985024,0.819894476246993,-0.00200800951278096,-0.00200800951278096,1,0.93,0.0593823458278976,0.0316548241392014,0.7385,0,0.40593785105113,0.465320196879027,0.465320196879027,0,1
"Strong quantitative HTE",2000,233,0.120644310517341,0.054486591574588,0,-0.00299830241530413,0.0384246226518597,0.0628211727016605,0,0.506189907192237,0.43,0.890639405052139,0.961002003207382,-0.0048170293070729,0.055937373451499,0,0.804,0.0608726189330587,0.0314699529198664,0.759,0,0.407085380148598,0.467957999081657,0.467957999081657,0,1
"Strong quantitative HTE",2000,234,0.628037649384267,0.629147411449659,0,-0.00280780802840696,0.0351798341467299,-0.019373823102424,0,0.505244718216196,0.474,0.637318087318087,0.815660686248882,-0.00672666257040239,-0.00672666257040239,1,0.88,0.0603328689229328,0.0316066353985563,0.7555,0,0.407045842977251,0.467378711900183,0.467378711900183,0,1
"Strong quantitative HTE",2000,235,0.595477331758333,1,0,-0.00256634600068128,0.0226983228903829,-0.0043845519067845,0,0.525942796884338,0.268,0.737600777076251,0.897975258025877,-0.00047154889099843,-0.00047154889099843,1,0.99,0.0584438268274912,0.0315962346878961,0.7415,0,0.404611683770529,0.46305551059802,0.46305551059802,0,1
"Strong quantitative HTE",2000,236,0.255292038072675,0.290702049106051,0,0.0129908023454204,0.0934242233147983,-0.0098362294851656,0,0.543546985161379,0.05,0.853217972070431,0.941810997606259,-0.00329048741001658,-0.00329048741001658,1,0.91,0.0601262456612016,0.0312551707896259,0.7595,0,0.406690668738862,0.466816914400063,0.466816914400063,0,1
"Strong quantitative HTE",2000,237,0.373572133389381,0.275119391095726,0,-0.00182212112180958,0.0298575471484103,-0.028132128847791,0,0.620623773861551,0.036,0.582540812145522,0.808123369077842,-0.0278992232537396,-0.0278992232537396,1,0.502,0.0595309548090149,0.0313787401310312,0.7435,0,0.406302104782227,0.465833059591241,0.465833059591241,0,1
"Strong quantitative HTE",2000,238,0.24355663165019,0.259020094139035,0,0.0163084046932154,0.0804738542138208,-0.0126069374206481,0,0.460431443840746,0.342,0.796746334605343,0.924661767827735,-0.00124250757613387,-0.00124250757613387,1,0.946,0.0594989011147408,0.0314495599883777,0.75,0,0.405374292023175,0.464873193137916,0.464873193137916,0,1
"Strong quantitative HTE",2000,239,0.186261004318259,0.0865981085066268,0,-0.00163381583366178,0.0357141548461291,-0.0403977678677664,0,0.509189905780515,0.324,0.775793109717298,0.925835397369394,-0.00514267156992709,-0.00514267156992709,1,0.846,0.0601603188674157,0.0314065125293575,0.764,0,0.406549663357809,0.466709982225224,0.466709982225224,0,1
"Strong quantitative HTE",2000,240,0.373710177650911,0.273414401926299,0,0.0074281765680649,0.0785711762108273,-0.028418624299898,0,0.475524292639585,0.496,0.614982928298855,0.849780889707339,-0.00562274087089687,-0.00562274087089687,1,0.88,0.0602381066998915,0.0310287261002162,0.7635,0,0.406731384420788,0.46696949112068,0.46696949112068,0,1
"Strong quantitative HTE",2000,241,0.207951788037933,0.407133484003624,0,-0.0159635112565551,0.000165363053996556,-0.0230474562746885,0,0.561222285598376,0.334,0.526881046407154,0.758899587939941,-0.00633378969656839,-0.00633378969656839,1,0.896,0.0599052929082327,0.0317173620255627,0.7485,0,0.406553038559886,0.466458331468119,0.466458331468119,0,1
"Strong quantitative HTE",2000,242,0.339286816171056,0.723078779556228,0,-0.0070230254887288,0.0574579494954427,-0.0240728871902454,0,0.45707455542665,0.422,0.707412895114943,0.678037958603962,-0.0175028037895272,-0.0175028037895272,1,0.72,0.0598767075577896,0.031571679156462,0.75,0,0.405699830917613,0.465576538475402,0.465576538475402,0,1
"Strong quantitative HTE",2000,243,0.598287202311455,1,0,-0.00461065919589635,0.00361507665296346,0.00267608882865789,0,0.653305111855697,0.036,0.556643356643357,0.791916192055243,-0.00257181571153714,-0.00257181571153714,1,0.954,0.0593489527739293,0.0314502581514121,0.748,0,0.406201100863534,0.465550053637463,0.465550053637463,0,1
"Strong quantitative HTE",2000,244,0.162393520755726,0.150200713835846,0,-0.0221551620452034,-0.00500543614284525,-0.0103177701510702,0,0.60782733811758,0.11,0.881543518226217,0.94842997439098,-0.000170085302392431,-0.000170085302392431,1,0.99,0.0585910580460128,0.0316997037014813,0.7295,0,0.4039774372497,0.462568495295713,0.462568495295713,0,1
"Strong quantitative HTE",2000,245,0.461059815941286,0.416604937735721,0,-0.0218282223215451,0.0164437302636012,-0.0052435648469662,0,0.52570367563204,0.32,0.616664276495052,0.685062865926635,-0.00471849902069343,-0.00471849902069343,1,0.932,0.0595907025019854,0.0310187534694509,0.759,0,0.406897031092643,0.466487733594628,0.466487733594628,0,1
"Strong quantitative HTE",2000,246,0.295384045930209,0.310498957269517,0,0.0154007382200281,0.0808157560901111,0.000880030348734073,0,0.45041392230101,0.51,0.66780924291038,0.858413923793671,-0.000423149206709827,-0.000423149206709827,1,0.984,0.0591938975187665,0.0316266314687488,0.7395,0,0.404950676885902,0.464144574404668,0.464144574404668,0,1
"Strong quantitative HTE",2000,247,0.0994130272260511,0.0479198237608461,0,-0.012317477371214,0.0107752388168652,-0.00808715032946933,0,0.555049923065715,0.05,0.927277088466822,0.977025974657408,-0.000420763736369345,-0.000420763736369345,1,0.976,0.0598011657092318,0.0313042666838705,0.7635,0,0.406918729769823,0.466719895479055,0.466719895479055,0,1
"Strong quantitative HTE",2000,248,0.140638834456332,0.4494129857544,0,0.0106100334093865,0.0511700837875097,0,0,0.497040828501764,0.498,0.614313936781609,0.836465920879273,0,0,1,1,0.0603186439129,0.0316187357586634,0.7575,0,0.406448978190635,0.466767622103535,0.466767622103535,0,1
"Strong quantitative HTE",2000,249,0.514304451895208,0.411090044454444,0,0.00906676245416099,0.0234252159524326,-0.000701043894666187,0,0.525673705343433,0.324,0.529563492063492,0.76078061023961,-0.000768337994727197,-0.000768337994727197,1,0.962,0.0592877988168647,0.0314450262431219,0.7455,0,0.406050079506423,0.465337878323287,0.465337878323287,0,1
"Strong quantitative HTE",2000,250,0.0881420714064503,0.0412890721817972,0,-0.0122082701140197,0.000732645168203107,-0.00175047130307543,0,0.822545238724061,0.018,0.705877192982456,0.893371225233736,-0.00578687113280107,-0.00578687113280107,1,0.864,0.0602736293306986,0.0311179267953575,0.764,0,0.406805554854734,0.467079184185433,0.467079184185433,0,1
"Strong quantitative HTE",2000,251,0.00300436428418793,0.00783373076552886,1,-0.00116520279663655,-0.00958801276892943,0.021407264199765,0,0.694765863019843,0.034,0.608902210260174,0.80968140097382,-0.00415252985691505,-0.00415252985691505,1,0.898,0.0598323829538836,0.0310045449046664,0.7615,0,0.407146757641286,0.46697914059517,0.46697914059517,0,1
"Strong quantitative HTE",2000,252,0.240051894718191,0.525121170204441,0,-0.0181399646922898,-0.00336314688525069,-0.0373358934846119,0,0.696701273919163,0.036,0.663087775915927,0.85860911753084,-0.0185522407504825,-0.0185522407504825,1,0.618,0.059849577605246,0.0320033650757369,0.7355,0,0.406751365314889,0.466600942920135,0.466600942920135,0,1
"Strong quantitative HTE",2000,253,0.321115428528984,0.327445396133267,0,0.0185588018774847,0.0154637563175735,0.0139064995077255,0,0.53440449325938,0.38,0.639731315971525,0.854497129656323,-0.0103773725827532,-0.0103773725827532,1,0.758,0.061147564962022,0.0314469994596442,0.766,0,0.406832663337044,0.467980228299066,0.467980228299066,0,1
"Strong quantitative HTE",2000,254,0.520790633477961,0.542664347690456,0,-0.00779860215897208,0.0732256764639508,-0.00860596832872551,0,0.653277578963882,0.02,0.548507006431734,0.809291263441919,-0.00246710774360231,-0.00246710774360231,1,0.962,0.0609658644366547,0.0310954824775188,0.77,0,0.408407574043114,0.469373438479769,0.469373438479769,0,1
"Strong quantitative HTE",2000,255,0.0996202963003096,0.0500392556752213,0,-0.00814486966401471,0.0198435176834497,-0.00858274536130355,0,0.582256496457115,0.028,0.821496881496881,0.912093511642681,-0.00118993137752404,-0.00118993137752404,1,0.95,0.059127140590471,0.031426391489128,0.7465,0,0.405887842841092,0.465014983431563,0.465014983431563,0,1
"Strong quantitative HTE",2000,256,0.370503168847386,0.346356594498739,0,0.00223264234291927,0.057605311418502,-0.011619991977117,0,0.593695744667899,0.038,0.637474798387097,0.817806387358931,-0.0046072405151108,-0.0046072405151108,1,0.876,0.0613112869540185,0.0320394082853501,0.753,0,0.407904039154016,0.469215326108035,0.469215326108035,0,1
"Strong quantitative HTE",2000,257,0.560519142715229,0.945987775355578,0,-0.0108295523727777,0.00384003139113307,-0.00536382269951557,0,0.610871501862147,0.074,0.512839741841651,0.789205206171379,-0.00196585731414328,-0.00196585731414328,1,0.944,0.0608223357730792,0.0312715544015312,0.7645,0,0.406883851778912,0.467706187551991,0.467706187551991,0,1
"Strong quantitative HTE",2000,258,0.119411570877619,0.177543576412269,0,0.0126230974276184,0.0257734104828774,-0.00505837836413003,0,0.519862278803872,0.446,0.721260380848968,0.810208948544063,-0.00415446012761411,-0.00415446012761411,1,0.858,0.0599299006202339,0.0314778006131158,0.752,0,0.407351947235003,0.467281847855237,0.467281847855237,0,1
"Strong quantitative HTE",2000,259,0.160322954845847,0.244579536595188,0,-0.00372842816852122,0.0423952979509688,0.00160488111122548,0,0.496796722621902,0.116,0.811973684210526,0.93113959167488,-0.002076531861334,-0.002076531861334,1,0.924,0.0593282305747867,0.0313349536892614,0.7505,0,0.405876844406871,0.465205074981657,0.465205074981657,0,1
"Strong quantitative HTE",2000,260,0.070779873582141,0.0245857662812828,0,-0.00921721211289075,-0.0287607183269163,0.000869123972098484,0,0.552902521773422,0.396,0.846174046541694,0.941197547055601,-7.98366864779299e-05,-7.98366864779299e-05,1,0.994,0.0590689679731443,0.0311135222236705,0.7535,0,0.405566248740264,0.464635216713408,0.464635216713408,0,1
"Strong quantitative HTE",2000,261,0.226856093305572,0.184890367995479,0,-0.00457006909959701,-0.0161989305146222,0.00384317919595717,0,0.547733777480103,0.438,0.541909746053535,0.735479804348243,-0.00820547044758924,-0.00820547044758924,1,0.892,0.0597617145031009,0.0309048855420429,0.7635,0,0.406466062377446,0.466227776880547,0.466227776880547,0,1
"Strong quantitative HTE",2000,262,0.119449468450429,0.218827500845692,0,0.00738666621361176,0.0467867961689285,-0.0057128915184329,0,0.483404508545904,0.04,0.575975852370173,0.742977686600251,-0.000417468749451921,-0.000417468749451921,1,0.98,0.0602677904566396,0.0311485533428587,0.7685,0,0.407074146650789,0.467341937107428,0.467341937107428,0,1
"Strong quantitative HTE",2000,263,0.279136780715469,0.3183107120443,0,0.000492484607689074,-0.0030647112428021,-0.0102228822681456,0,0.667634048607735,0.026,0.707581935934059,0.64664092871339,-0.000537880773518462,-0.000537880773518462,1,0.99,0.0605902862476636,0.0319473333056223,0.747,0,0.407085098210618,0.467675384458282,0.467675384458282,0,1
"Strong quantitative HTE",2000,264,0.0593498074041065,0.0319331103619637,0,0.0239449347516184,0.039770503839974,0.026854612736944,0,0.485162303014885,0.252,0.819757824389599,0.947263089398658,-0.0232114127063787,-0.0232114127063787,1,0.442,0.061167069285018,0.0310457327141701,0.7725,0,0.407793455923598,0.468960525208616,0.468960525208616,0,1
"Strong quantitative HTE",2000,265,0.449313704098424,0.598526360281608,0,0.0207429162500617,0.0303840416812309,0.00087352027539872,0,0.537528348450404,0.062,0.60476778123837,0.770491615106112,-0.0488191641792963,-0.0488191641792963,1,0.138,0.0593145532548593,0.0311958605566539,0.749,0,0.40571519030041,0.465029743555269,0.465029743555269,0,1
"Strong quantitative HTE",2000,266,0.623795454593737,0.730848886787908,0,0.000272592590312928,0.0472568935791447,-0.00396053943469399,0,0.490662660953579,0.544,0.680304414003044,0.616844718169249,-0.000408877544661068,-0.000408877544661068,1,0.996,0.0602770449350888,0.0310508078156192,0.757,0,0.408219485693241,0.46849653062833,0.46849653062833,0,1
"Strong quantitative HTE",2000,267,0.168703853872748,0.0935201292513211,0,0.0149657657229216,0.0343098457409468,-0.00538170040681735,0,0.521805341706742,0.506,0.891189898008742,0.958284491887231,-0.000413306833629168,-0.000413306833629168,1,0.982,0.0587599316707717,0.0314984667802886,0.731,0,0.404990297725598,0.46375022939637,0.46375022939637,0,1
"Strong quantitative HTE",2000,268,0.386574439624379,0.450230136191692,0,0.0235032918260883,0.0326912420165572,0.024430817140131,0,0.493504429825262,0.228,0.711222804972805,0.909621460686453,-0.0259771159400009,-0.0259771159400009,1,0.504,0.0605244931235063,0.031058579653743,0.77,0,0.407237406708991,0.467761899832497,0.467761899832497,0,1
"Strong quantitative HTE",2000,269,0.00108582372813031,0.00166288886739501,1,0.0146297014727101,0.0501150598023271,-0.00356801809961982,0,0.63960399175416,0.032,0.934328797043011,0.977237520256084,-0.0176456443779373,-0.0176456443779373,1,0.504,0.060087118126172,0.0315931927143525,0.7465,0,0.406195610181229,0.466282728307401,0.466282728307401,0,1
"Strong quantitative HTE",2000,270,0.457773350071367,0.664982003126783,0,0.00510315486679591,-0.0402949682246038,0.0212089830108175,0,0.561717360477673,0.204,0.55599404800414,0.778808654720059,-0.00831785698752469,-0.00831785698752469,1,0.802,0.0585010661806891,0.0313042969521151,0.743,0,0.403740228835358,0.462241295016047,0.462241295016047,0,1
"Strong quantitative HTE",2000,271,0.21765689402841,0.113657417467251,0,-0.0142992235070596,0.0136893683180857,-0.0444893868257211,0,0.512651764358916,0.514,0.772260419319243,0.607095869373451,-0.0223281328236879,-0.0223281328236879,1,0.696,0.0602270131929248,0.0321965975785439,0.75,0,0.407744376456103,0.467971389649028,0.467971389649028,0,1
"Strong quantitative HTE",2000,272,0.336229879986963,0.377495409592056,0,-0.00890204581897385,0.0138194014222041,0.00232921109474665,0,0.520812798580407,0.502,0.610943404192438,0.831393477380605,-0.00146406392391374,-0.00146406392391374,1,0.966,0.0608351470452212,0.0314561074940108,0.765,0,0.407495333366055,0.468330480411276,0.468330480411276,0,1
"Strong quantitative HTE",2000,273,0.00805416351166422,0.00496625795157155,1,0.032221709050611,0.0800909586887664,-0.0021770079888998,0,0.4815337240237,0.552,0.730096905136206,0.918933658221516,-0.00030526920468027,-0.00030526920468027,1,0.994,0.0612248033929247,0.0309858166702567,0.779,0,0.407547650114477,0.468772453507402,0.468772453507402,0,1
"Strong quantitative HTE",2000,274,0.897806188259078,1,0,-0.0072265460640879,0.0344713831421701,-0.0282371386336405,0,0.506058325397188,0.392,0.718810601163543,0.845582767494562,-0.0139654723609297,-0.0139654723609297,1,0.73,0.0597600250761015,0.0316751997912415,0.7465,0,0.407789799799526,0.467549824875628,0.467549824875628,0,1
"Strong quantitative HTE",2000,275,0.0768415400362259,0.0932651600790254,0,0.0165228630729635,0.0534601572702165,0.0227470006268624,0,0.505030298809159,0.238,0.627825933523016,0.863193129160819,-0.0130821632484435,-0.0130821632484435,1,0.746,0.0597844939955972,0.030773129423543,0.7755,0,0.406669252739686,0.466453746735283,0.466453746735283,0,1
"Strong quantitative HTE",2000,276,0.958972089552999,1,0,-0.0183642364895487,0.00838073670506569,-0.0117294851968306,0,0.643066655713177,0.036,0.532178892827925,0.785376695373636,-0.0121914274540758,-0.0121914274540758,1,0.842,0.059786866674703,0.0313985885031894,0.7515,0,0.406668693447438,0.466455560122141,0.466455560122141,0,1
"Strong quantitative HTE",2000,277,0.0769659023106645,0.126788364841336,0,0.0243844234457197,0.0122192892473176,0.00523329894741953,0,0.635123453090695,0.046,0.930409091889327,0.97735065100333,-0.000661786597338954,-0.000661786597338954,1,0.976,0.0601273267089292,0.0312683149875915,0.757,0,0.406346432228203,0.466473758937132,0.466473758937132,0,1
"Strong quantitative HTE",2000,278,0.164813379331752,0.117525075773518,0,-0.0198774261642566,0.0108645740862016,-0.0107091628692078,0,0.583631825424294,0.094,0.758340150895373,0.914614279878649,-0.00070284945529342,-0.00070284945529342,1,0.978,0.0597004739561496,0.0312730549803117,0.755,0,0.405607486520972,0.465307960477121,0.465307960477121,0,1
"Strong quantitative HTE",2000,279,0.285713973980425,0.399694853731749,0,-0.00131705206105742,0.044841911014392,-0.0412558598366012,0,0.502110709714897,0.398,0.813949092741935,0.935967955437581,-0.0082491755970579,-0.0082491755970579,1,0.742,0.0598126592394529,0.031036008319484,0.7615,0,0.406408855475049,0.466221514714502,0.466221514714502,0,1
"Strong quantitative HTE",2000,280,0.807911227903076,1,0,0.0280246304979058,0.0582448880466645,-0.00128169041874265,0,0.505752319726352,0.53,0.561730391839728,0.774100839096224,-2.26116846507862e-05,-2.26116846507862e-05,1,0.998,0.0594175225662898,0.0314736001360677,0.7445,0,0.405793857350065,0.465211379916355,0.465211379916355,0,1
"Strong quantitative HTE",2000,281,0.294104725004617,0.26879316133042,0,-0.00696260719660541,0.0053222581881003,0,0,0.770158531478066,0.026,0.809782608695652,0.56884991057122,0,0,1,1,0.0580535258256099,0.0311292841445951,0.738,0,0.403376012382437,0.461429538208046,0.461429538208046,0,1
"Strong quantitative HTE",2000,282,0.00966130199198182,0.00312317386882625,1,0.0190796208893888,0.0478913059063996,0.003770376513338,0,0.502589280065851,0.528,0.690573584219617,0.905872102850565,-0.000585026725547666,-0.000585026725547666,1,0.988,0.0594090893814918,0.0311571122839417,0.7565,0,0.406400193464478,0.465809282845969,0.465809282845969,0,1
"Strong quantitative HTE",2000,283,0.164500174889567,0.0723563169364647,0,0.0103499833674519,0.0478234301775094,-0.00112423572951809,0,0.60410636823113,0.024,0.906293859649122,0.967729537138785,-2.23868217458789e-05,-2.23868217458789e-05,1,0.998,0.060823077755581,0.0316133776301458,0.7605,0,0.40719649342522,0.468019571180801,0.468019571180801,0,1
"Strong quantitative HTE",2000,284,0.174053607014693,0.0933851312106019,0,0.0117040514161427,-0.0193298727395961,0.0110825969643869,0,0.568433919873137,0.468,0.785266554955626,0.916835768367359,-0.00477091387290235,-0.00477091387290235,1,0.862,0.0585841663124631,0.0313875004835914,0.747,0,0.405875895727012,0.464460062039475,0.464460062039475,0,1
"Strong quantitative HTE",2000,285,0.000501257254173521,0.000287160203849706,1,0.0271924925282318,0.0747396290839099,0.00623092942582099,0,0.481302683754753,0.506,0.737320508100147,0.916526874388291,-0.00246639309688951,-0.00246639309688951,1,0.908,0.0608564441707473,0.0314568008974884,0.764,0,0.407026804029486,0.467883248200234,0.467883248200234,0,1
"Strong quantitative HTE",2000,286,0.145835550429303,0.108909021401589,0,-0.00943812786717568,0.00562189421868282,-0.0345216535192663,0,0.555224928994434,0.252,0.784002932867525,0.922316874722807,-0.0231679227551145,-0.0231679227551145,1,0.508,0.0607985997672909,0.0309592750516893,0.777,0,0.409160057545491,0.469958657312782,0.469958657312782,0,1
"Strong quantitative HTE",2000,287,0.0668194748673463,0.0342451237185179,0,-0.000663742488346508,0.0412601427566813,-0.0320537978893048,0,0.507028243452159,0.316,0.938936781609196,0.982442221431974,-0.016998434241617,-0.016998434241617,1,0.584,0.0604307128594197,0.0312123300671872,0.7675,0,0.408098541659675,0.468529254519095,0.468529254519095,0,1
"Strong quantitative HTE",2000,288,0.0713682783597288,0.150591230578249,0,0.0178429159865975,0.0398952922350581,0.0172286545339961,0,0.513534966307532,0.046,0.900237685078174,0.963173859948996,-0.0105981224449043,-0.0105981224449043,1,0.662,0.0606335653338001,0.0313592778663498,0.765,0,0.407914132123331,0.468547697457131,0.468547697457131,0,1
"Strong quantitative HTE",2000,289,0.147161060872353,0.085781034513053,0,-0.00594027035160486,-0.0158478274493082,-0.0168600049048248,0,0.55187084330447,0.23,0.870926914580265,0.941095123334221,-0.00355278381214597,-0.00355278381214597,1,0.836,0.0595318157948578,0.0309322274397729,0.761,0,0.406032772416105,0.465564588210962,0.465564588210962,0,1
"Strong quantitative HTE",2000,290,0.701602673837053,1,0,-0.00241478947451538,0.0350467658901822,-0.008031403888353,0,0.689838959202831,0.02,0.620968621208487,0.830849012176764,-0.00260643855744919,-0.00260643855744919,1,0.938,0.0601979487898748,0.031639555412474,0.749,0,0.406480725497409,0.466678674287284,0.466678674287284,0,1
"Strong quantitative HTE",2000,291,0.00770338414194953,0.0103277115576678,1,0.0122991659385302,0.0307004081685215,-0.00548229419108209,0,0.527286257615682,0.322,0.659600740893188,0.888448400811506,-0.0210031826971744,-0.0210031826971744,1,0.62,0.060448472118023,0.0312694114404703,0.765,0,0.407852158060539,0.468300630178562,0.468300630178562,0,1
"Strong quantitative HTE",2000,292,0.174267120059302,0.081037055415851,0,-0.0105972665437143,0.0839436493359555,-0.00196753487853174,0,0.520454751235021,0.104,0.546874651313294,0.790284906034767,-0.00168824845337634,-0.00168824845337634,1,0.982,0.0602133616704012,0.0313192997329734,0.763,0,0.407019909331819,0.46723327100222,0.46723327100222,0,1
"Strong quantitative HTE",2000,293,0.601476182399251,1,0,-0.00689901615397961,0.0258256657022263,-0.0316011172237936,0,0.579616626192243,0.104,0.817422010489145,0.923726998233546,-0.0144319505160109,-0.0144319505160109,1,0.65,0.0595746194586493,0.0313982019367254,0.751,0,0.405114335680428,0.464688955139078,0.464688955139078,0,1
"Strong quantitative HTE",2000,294,0.42129650208806,0.587534196499565,0,-0.00618011476196296,0.0300443391067466,-0.0201989761570998,0,0.617644978836767,0.06,0.89105386981963,0.963239122500145,-0.00757913832302592,-0.00757913832302592,1,0.762,0.0597091906791401,0.0308305278445981,0.762,0,0.406174874419306,0.465884065098446,0.465884065098446,0,1
"Strong quantitative HTE",2000,295,0.745655158748323,1,0,0.00331783886604815,0.0476694805150708,0,0,0.520414430145506,0.13,0.836053704048491,0.940103101492725,0,0,1,1,0.0603808145511839,0.0316019292927869,0.754,0,0.40737993643083,0.467760750982013,0.467760750982013,0,1
"Strong quantitative HTE",2000,296,0.0293293245160272,0.0345732309022467,1,0.00466981415957096,0.027935035971251,0.00142618297527697,0,0.531149177506626,0.292,0.83463440020817,0.946929959507644,-0.0108815928283741,-0.0108815928283741,1,0.74,0.0608535076967919,0.0316417260264425,0.763,0,0.407615215779973,0.468468723476764,0.468468723476764,0,1
"Strong quantitative HTE",2000,297,0.205113209068079,0.191962880236324,0,-0.0116733799919075,0.0574204527416608,-0.0150967710481554,0,0.477224792508598,0.488,0.878408555448567,0.949647986211524,-0.00134152304278995,-0.00134152304278995,1,0.94,0.0591706262139835,0.0312804463201498,0.753,0,0.405555360863096,0.464725987077079,0.464725987077079,0,1
"Strong quantitative HTE",2000,298,0.260127202579134,0.201557656704499,0,3.9284781902617e-05,-0.0154955408625456,0.00724120022342717,0,0.619592536367403,0.076,0.602465986394558,0.860274909037389,-0.000225086808987307,-0.000225086808987307,1,0.994,0.0601754542248023,0.0310414211498937,0.7635,0,0.407158356144068,0.46733381036887,0.46733381036887,0,1
"Strong quantitative HTE",2000,299,0.7457925495144,1,0,-0.00793309952657985,0.0287026076486764,-0.0215378124887288,0,0.509372683651127,0.454,0.842423416053086,0.603135401771908,-0.00886982783262347,-0.00886982783262347,1,0.856,0.0591053417494304,0.0318076513232964,0.741,0,0.405886481641219,0.46499182339065,0.46499182339065,0,1
"Strong quantitative HTE",2000,300,0.74573980590729,0.865674268711244,0,-0.0100800333255514,0.0439475809255954,-0.0047116526213235,0,0.465777570729782,0.53,0.700006694784763,0.882985536659943,-0.000795936563223132,-0.000795936563223132,1,0.98,0.0600447838228176,0.0314356281349315,0.75,0,0.405630578734718,0.465675362557535,0.465675362557535,0,1
"Strong quantitative HTE",2000,301,0.116607667255463,0.0540426451023176,0,-0.00698828508385753,-0.0519572752240322,0.00640486630310749,0,0.660661824049208,0.094,0.708108836206896,0.907595734770306,-0.0080943728937215,-0.0080943728937215,1,0.794,0.0592978425334781,0.0314368308506544,0.742,0,0.404806800426395,0.464104642959873,0.464104642959873,0,1
"Strong quantitative HTE",2000,302,0.194027577699158,0.277360593572052,0,0.0153765006400341,0.041166245485932,-0.00182909730514036,0,0.523205620197679,0.218,0.479809878920735,0.827615303237711,-9.28798545161702e-05,-9.28798545161702e-05,1,0.998,0.0598839717432112,0.0316834847647644,0.75,0,0.407279385829371,0.467163357572582,0.467163357572582,0,1
"Strong quantitative HTE",2000,303,0.248048186486525,0.337018322489846,0,0.011075935936218,0.0355129892315617,0.0139699694156248,0,0.518709099954903,0.228,0.820078937613118,0.933512447164898,-0.000761882344619269,-0.000761882344619269,1,0.954,0.0605737977041491,0.0313762940290249,0.77,0,0.40806309728825,0.4686368949924,0.4686368949924,0,1
"Strong quantitative HTE",2000,304,0.559916022081396,0.531036266537879,0,-0.00678086550801786,0.0120991938538416,-0.0064186478976177,0,0.579616626192243,0.104,0.711189333333333,0.879483086219453,-0.000216837220754107,-0.000216837220754107,1,0.986,0.0595048454223085,0.0315037040530691,0.7515,0,0.406121210656431,0.46562605607874,0.46562605607874,0,1
"Strong quantitative HTE",2000,305,0.0018989612418549,0.00159956432064275,1,-0.000832729064563616,0.00335575993105925,0.0104555809638213,0,0.544820028446269,0.334,0.992980072463768,0.997674735583639,-0.00389121923787622,-0.00389121923787622,1,0.802,0.0602041505900232,0.0311782238967699,0.7615,0,0.407212814896749,0.467416965486772,0.467416965486772,0,1
"Strong quantitative HTE",2000,306,0.852848722257287,1,0,-0.0147328344978232,0.04426377859629,-0.00159559772912043,0,0.728063594547345,0.016,0.870305317026629,0.573914303549162,-6.74870862970578e-05,-6.74870862970578e-05,1,0.998,0.0583771727689057,0.0315430449902848,0.735,0,0.404611253998769,0.462988426767675,0.462988426767675,0,1
"Strong quantitative HTE",2000,307,0.347324165503226,0.314381384640376,0,-0.00674213537245736,0.0313706791998996,-0.0135290827473309,0,0.555474207748616,0.054,0.711064064801179,0.908647654191439,-0.00591389913950929,-0.00591389913950929,1,0.87,0.0601115211989159,0.0313840621908795,0.76,0,0.407626419675978,0.467737940874894,0.467737940874894,0,1
"Strong quantitative HTE",2000,308,0.116650269940747,0.25319581454676,0,0.0117280004548889,0.064719917432029,-0.00952485332693126,0,0.47384809078632,0.278,0.920771671414346,0.978388440699315,-0.00192453939799886,-0.00192453939799886,1,0.922,0.0604418657999978,0.031418671715653,0.7675,0,0.407169006279324,0.467610872079322,0.467610872079322,0,1
"Strong quantitative HTE",2000,309,0.168236456147604,0.182137375024503,0,-0.0141676593840666,0.052907160585758,-0.0223204373151358,0,0.472428994398736,0.456,0.563649694852386,0.773435337148062,-0.0112020415585114,-0.0112020415585114,1,0.802,0.0604792645798133,0.031810325620758,0.759,0,0.406640627204269,0.467119891784083,0.467119891784083,0,1
"Strong quantitative HTE",2000,310,0.632273342735709,0.664561432459391,0,-0.0091476641368138,0.00322787751724998,-0.029085994727725,0,0.546074257703604,0.394,0.545685333333333,0.727946138552057,-0.0116847302657874,-0.0116847302657874,1,0.796,0.060938458253429,0.0315310112049909,0.7655,0,0.40842154799379,0.469360006247219,0.469360006247219,0,1
"Strong quantitative HTE",2000,311,0.206546657769228,0.293512237598055,0,-0.0112254637106709,0.0153164732021556,-0.0185327588144573,0,0.517755583227389,0.518,0.748384393127329,0.617191989281234,-0.0601691986701763,0.00111869137055093,0,0.048,0.0602002170803534,0.0312724902918041,0.754,0,0.406434966903568,0.466635183983922,0.466635183983922,0,1
"Strong quantitative HTE",2000,312,0.349495553921626,0.264047744304326,0,-0.0138186736629218,0.0224191861859614,-0.0147685752964491,0,0.51437493708438,0.478,0.770776255707762,0.845907653415316,-0.00166994671628568,-0.00166994671628568,1,0.912,0.0604491768910957,0.0314135103273526,0.757,0,0.408093080055189,0.468542256946284,0.468542256946284,0,1
"Strong quantitative HTE",2000,313,0.0224900496155344,0.0114078695282944,1,0.0183235472217305,0.0471213396019709,-0.00259291395391797,0,0.490436436315058,0.24,0.88116922543152,0.960125757124479,-0.0232918173525641,-0.0232918173525641,1,0.424,0.0603530640369096,0.03159566876618,0.756,0,0.407427690736516,0.467780754773425,0.467780754773425,0,1
"Strong quantitative HTE",2000,314,8.50230827818238e-05,3.49302978575526e-05,1,0.0405731609739334,0.119138075281991,-0.0165459264125079,0,0.358899975409181,0.144,0.892331920609556,0.957865544583549,-0.0084094161520436,-0.0084094161520436,1,0.72,0.0596454389629621,0.0309874709658602,0.766,0,0.406801617051531,0.466447056014493,0.466447056014493,0,1
"Strong quantitative HTE",2000,315,0.832501959784099,1,0,0.0187901820117367,0.0545945354370445,0.00214311446823001,0,0.501189725767426,0.518,0.767884267631103,0.932894495119567,-0.00213935661313203,-0.00213935661313203,1,0.966,0.0610728455969539,0.0310832216120808,0.768,0,0.408719570704061,0.469792416301015,0.469792416301015,0,1
"Strong quantitative HTE",2000,316,0.0148687992948081,0.00752986013097216,1,0.036700415728167,0.0681621696577378,-2.63107812614738e-05,0,0.508617072905178,0.52,0.860869565217391,0.953068120512177,-0.000366309930255382,-0.000366309930255382,1,0.984,0.0592007003544313,0.0308250738218387,0.757,0,0.404921686562632,0.464122386917064,0.464122386917064,0,1
"Strong quantitative HTE",2000,317,0.163387052567731,0.207961816580683,0,0.0229732337532297,0.0679975320920237,-0.00398509228528382,0,0.455758392066953,0.078,0.681553691528754,0.884305470141647,-0.0110526360881386,-0.0110526360881386,1,0.808,0.0607084477221181,0.0311442372633134,0.77,0,0.407474934342277,0.468183382064395,0.468183382064395,0,1
"Strong quantitative HTE",2000,318,0.57611699011593,0.736757269672386,0,-0.0149319200818566,0.00148386131230027,0.00177337611141648,0,0.519854895760506,0.462,0.585856958762887,0.859284830885676,-0.00535110191101201,-0.00535110191101201,1,0.906,0.0597386896880125,0.0314162839396851,0.7555,0,0.406892660494961,0.466631350182973,0.466631350182973,0,1
"Strong quantitative HTE",2000,319,0.622132675403231,0.771998395353286,0,0.020192971531387,0.0556064604716156,-0.00169001283897291,0,0.51252650533533,0.056,0.614476933073424,0.892665026582105,-0.000149410252947846,-0.000149410252947846,1,0.998,0.060180187370529,0.0312492384493216,0.7695,0,0.406742916248728,0.466923103619257,0.466923103619257,0,1
"Strong quantitative HTE",2000,320,0.263520099341205,0.173330929796524,0,0.00260811901389346,0.0215410716358577,-0.00596305501789562,0,0.643181470502146,0.046,0.92906919449072,0.98113256670146,-0.0157429065331569,-0.0157429065331569,1,0.578,0.0611362730094182,0.0315670510673247,0.7595,0,0.40737540099588,0.468511674005298,0.468511674005298,0,1
"Strong quantitative HTE",2000,321,0.751095505141994,0.873734787674292,0,0.0266257128183879,0.0195401570415498,0.0111140585165305,0,0.545382616855797,0.386,0.547454227857928,0.736616508107456,-0.00312256207444289,-0.00312256207444289,1,0.932,0.0601963293323447,0.0309579822219766,0.763,0,0.406554210008856,0.466750539341201,0.466750539341201,0,1
"Strong quantitative HTE",2000,322,0.456828486007127,0.4347074929863,0,0.00622770547209028,0.0124253628873702,0.0108235041421791,0,0.534980216150426,0.364,0.702110488860629,0.91411028693344,-0.0101983508251098,-0.0101983508251098,1,0.836,0.0609082754325419,0.0314104210354223,0.765,0,0.407023674597258,0.4679319500298,0.4679319500298,0,1
"Strong quantitative HTE",2000,323,0.774852027560434,0.916271756040951,0,0.00944031912829543,0.058101357811805,-0.00164619597320848,0,0.493628331521384,0.54,0.582690820953217,0.750966299028129,-0.000197306669205088,-0.000197306669205088,1,0.994,0.0601051490136417,0.0318624524687156,0.7445,0,0.407555490643269,0.467660639656911,0.467660639656911,0,1
"Strong quantitative HTE",2000,324,0.0409210106989313,0.0202859357213981,1,0.000183013920400298,0.0618576683046112,-0.00550330623932394,0,0.478552393521378,0.502,0.842013327295077,0.938141199088707,-0.000149175678443803,-0.000149175678443803,1,0.99,0.0600450018313853,0.0314376262249504,0.7545,0,0.406436832833516,0.466481834664901,0.466481834664901,0,1
"Strong quantitative HTE",2000,325,0.00984437221205409,0.0271546817200562,1,0.0215257621501815,0.0453514513616222,0.0096458841481718,0,0.440015827827245,0.04,0.810921052631579,0.930137381218371,-0.013897889855579,-0.013897889855579,1,0.664,0.0593489320864629,0.0311999088880832,0.756,0,0.407340701041327,0.466689633127789,0.466689633127789,0,1
"Strong quantitative HTE",2000,326,0.229387414552827,0.628464200482695,0,0.0150737945126895,0.0139068016990979,0.0113581731533401,0,0.547802597920311,0.086,0.644358777894838,0.885954566325927,-0.00230444889512921,-0.00230444889512921,1,0.956,0.0597822029658298,0.0310152885415601,0.768,0,0.407926892196997,0.467709095162827,0.467709095162827,0,1
"Strong quantitative HTE",2000,327,0.0526274520371743,0.0427567977265596,0,0.0138715655718376,0.0216236074846555,-0.0118140147709989,0,0.580967030245556,0.036,0.788557103558435,0.908796102919979,-0.000639514230194649,-0.000639514230194649,1,0.958,0.0597010015293159,0.0312315072565059,0.756,0,0.406730437362397,0.466431438891713,0.466431438891713,0,1
"Strong quantitative HTE",2000,328,0.329236938242849,0.25024355216163,0,0.0110121127460467,0.00970133886071925,0.0206536061103272,0,0.512034992834378,0.236,0.708616600790514,0.853667261728617,-0.0049108314360693,-0.0049108314360693,1,0.844,0.0600340568000909,0.0311755503083767,0.7585,0,0.407054946348493,0.467089003148584,0.467089003148584,0,1
"Strong quantitative HTE",2000,329,0.0846657029875217,0.0399799788838288,0,-0.00226370835437589,0.0310995669466973,-0.00270642346788208,0,0.514756190074967,0.342,0.709119766643789,0.694305310104131,-0.00134836957642626,-0.00134836957642626,1,0.982,0.0609629556532403,0.0311855828967686,0.7725,0,0.408274588408506,0.469237544061746,0.469237544061746,0,1
"Strong quantitative HTE",2000,330,0.308767073279902,0.340815687972236,0,-0.00648406936489952,0.0240191215686245,0.0022799595710945,0,0.502716736538226,0.532,0.657872011635306,0.830030584655961,-6.07595067486644e-05,-6.07595067486644e-05,1,0.996,0.0599441173224823,0.031501206582838,0.752,0,0.406454662853156,0.466398780175638,0.466398780175638,0,1
"Strong quantitative HTE",2000,331,0.511952388171853,0.562748973319576,0,-0.00946191406074543,0.0301262266993623,-0.00522619596400964,0,0.503631028226865,0.528,0.69392299588162,0.871072872525154,-0.000282161083542953,-0.000282161083542953,1,0.99,0.0602864432805275,0.0314052338076232,0.766,0,0.407254950504736,0.467541393785264,0.467541393785264,0,1
"Strong quantitative HTE",2000,332,0.0559488700197297,0.206096999785897,0,0.0121992394182103,0.055685747323175,-0.0304869431970974,0,0.494190527204217,0.232,0.786390782409362,0.923165696121549,-0.00311069586279772,-0.00311069586279772,1,0.892,0.0596005764086633,0.0314674671017684,0.7465,0,0.406592307230783,0.466192883639447,0.466192883639447,0,1
"Strong quantitative HTE",2000,333,0.0724898283831471,0.0690707450943057,0,-0.00151068134560551,0.0406784449283768,-0.000936219002391603,0,0.635747372389397,0.034,0.902725395114942,0.967449634624764,-8.88694550207902e-05,-8.88694550207902e-05,1,0.994,0.0600059297341932,0.0311557391926548,0.765,0,0.406741079676305,0.466747009410498,0.466747009410498,0,1
"Strong quantitative HTE",2000,334,0.0608057175514936,0.210949088267388,0,-0.000880130378646328,0.077698042240297,0,0,0.474087583423709,0.056,0.522786458333333,0.787688707537358,0,0,1,1,0.0594976745609062,0.0314879439416497,0.7505,0,0.405724837967407,0.465222512528314,0.465222512528314,0,1
"Strong quantitative HTE",2000,335,0.95665045811983,1,0,-0.01023378140953,-0.0416847128462355,0,0,0.750777142586309,0.024,0.517171052631579,0.780801656559344,0,0,1,1,0.0590982291631931,0.0309637865478847,0.7475,0,0.4054474024328,0.464545631595993,0.464545631595993,0,1
"Strong quantitative HTE",2000,336,0.126542320064967,0.334744805179237,0,0.00120679162809479,0.0274269689644523,-0.00247001767116017,0,0.490436436315058,0.24,0.803793859649123,0.944083291677306,-0.0250461378336569,-0.0250461378336569,1,0.424,0.0595371219136963,0.0311313539089588,0.7545,0,0.406079354731617,0.465616476645313,0.465616476645313,0,1
"Strong quantitative HTE",2000,337,0.126751992960456,0.105964593650177,0,0.00315689560542061,0.0277789861974046,-0.00358057399095441,0,0.520880862237968,0.222,0.779129197127515,0.889880806022066,-0.00141422404260133,-0.00141422404260133,1,0.948,0.0603348791952525,0.031226196510873,0.764,0,0.406462228392184,0.466797107587437,0.466797107587437,0,1
"Strong quantitative HTE",2000,338,0.915457916003948,1,0,-0.0362602881930252,0.00741790734803761,-0.0550262278277366,0,0.517399968171115,0.426,0.574290918553214,0.71087647435496,-0.0145411794671782,-0.0145411794671782,1,0.802,0.0604299481424734,0.0314423743230042,0.7575,0,0.40758937295549,0.468019321097963,0.468019321097963,0,1
"Strong quantitative HTE",2000,339,0.371580054297958,0.718703741768769,0,-0.00937005855172594,0.0228217290906364,-0.0432384133105257,0,0.529438727591497,0.29,0.72078267814358,0.670855438268059,-0.0312978881558638,-0.0312978881558638,1,0.558,0.0599185180969557,0.0309601659393513,0.7585,0,0.407575414498976,0.467493932595931,0.467493932595931,0,1
"Strong quantitative HTE",2000,340,0.311526259934407,0.29585338209813,0,0.0213063234328795,0.057309066026065,-0.00210001678154503,0,0.501611608929156,0.53,0.657500148165708,0.642119483314669,-0.000466703032959259,-0.000466703032959259,1,0.99,0.0584081284432032,0.0311476939434013,0.7505,0,0.405688741414162,0.464096869857365,0.464096869857365,0,1
"Strong quantitative HTE",2000,341,0.0546774994412651,0.0478156720221489,0,-0.00856697724840739,0.05039707464679,-0.0236186624163016,0,0.484643709483673,0.488,0.842507058159232,0.954030212987054,-0.00409476989719354,-0.00409476989719354,1,0.88,0.0602056942065914,0.0313182006535762,0.7585,0,0.406943914663975,0.467149608870567,0.467149608870567,0,1
"Strong quantitative HTE",2000,342,0.255203067162537,0.332837578719897,0,-0.0121648898595035,-0.00562761943304109,0.0109683829542623,0,0.52493980974238,0.496,0.564217032967033,0.731316529870813,-0.00159032100669099,-0.00159032100669099,1,0.974,0.0591704869205955,0.0312026548752833,0.7475,0,0.406056730646417,0.465227217567013,0.465227217567013,0,1
"Strong quantitative HTE",2000,343,0.852735956876682,1,0,0.0189883299805366,0.02227119052149,0.000358452002214682,0,0.527854928269872,0.502,0.582571640316206,0.735547547587522,-0.000971255015344175,-0.000971255015344175,1,0.986,0.0588177687571309,0.0316231055085429,0.7385,0,0.404472725789831,0.463290494546962,0.463290494546962,0,1
"Strong quantitative HTE",2000,344,0.159148819982247,0.117519929076511,0,0.00382038924574006,0.0166600447168849,-0.00166258341197223,0,0.52574599545111,0.51,0.511727031309277,0.812516685141605,-6.29065260087658e-05,-6.29065260087658e-05,1,0.998,0.0589760698900159,0.0313771594637491,0.7455,0,0.405949672496041,0.464925742386057,0.464925742386057,0,1
"Strong quantitative HTE",2000,345,0.458284031796359,0.706431385593946,0,-0.0233065237265622,0.0280213218401743,-0.0261508609423701,0,0.669427712247763,0.044,0.657223356109681,0.860698650702527,-0.00433164573349076,-0.00433164573349076,1,0.858,0.06035705955301,0.0316243005623623,0.7565,0,0.407253096779763,0.467610156332773,0.467610156332773,0,1
"Strong quantitative HTE",2000,346,0.120178408027897,0.0896402555868081,0,-0.0145589580491643,0.0102915987673208,-0.0135398915471873,0,0.517679156990232,0.482,0.637539438768048,0.840424982495623,-0.00239581967972974,-0.00239581967972974,1,0.926,0.0595727365785698,0.0312506669267312,0.747,0,0.406474768183171,0.46604750476174,0.46604750476174,0,1
"Strong quantitative HTE",2000,347,0.107345639285105,0.043694613197595,0,0.0118299137725698,0.0467807243805507,0.000128902836751765,0,0.48783671708938,0.1,0.926745940189902,0.977519026013431,-0.00781968618757733,-0.00781968618757733,1,0.694,0.0600308219214638,0.0315020339978452,0.754,0,0.407106218528296,0.46713704044976,0.46713704044976,0,1
"Strong quantitative HTE",2000,348,0.689903926251588,1,0,-0.01860077254416,0.0536053068306999,-0.0309185173862368,0,0.46925222181058,0.518,0.771496329757199,0.912995286220339,-0.00172517838691794,-0.00172517838691794,1,0.91,0.0595089000643333,0.0314294044669207,0.7515,0,0.40562834722205,0.465137247286383,0.465137247286383,0,1
"Strong quantitative HTE",2000,349,0.720721410236435,1,0,-0.00374871497421312,-0.0361890183957304,0.000752398354852579,0,0.568537703433386,0.458,0.686524656679151,0.866305796700025,-0.000800346663455298,-0.000800346663455298,1,0.978,0.0595022408215888,0.0316590662533017,0.743,0,0.406224868166631,0.46572710898822,0.46572710898822,0,1
"Strong quantitative HTE",2000,350,0.129689643801396,0.179368536006538,0,0.016214737260693,0.0131436409461034,0.0321778336200226,0,0.539477792835228,0.326,0.712397080044139,0.896555434876536,-0.021831385524599,-0.021831385524599,1,0.552,0.0600930530107591,0.0314712586443832,0.756,0,0.406385428790617,0.466478481801377,0.466478481801377,0,1
"Strong quantitative HTE",2000,351,0.310147440584768,0.249448105981253,0,0.0145860819769766,0.0407865171919586,-0.00456312860836977,0,0.553696296593459,0.044,0.55812188971458,0.72675010716303,-0.0132841896511562,-0.0132841896511562,1,0.762,0.0599718106428516,0.0310410942803203,0.7485,0,0.406290666897,0.466262477539852,0.466262477539852,0,1
"Strong quantitative HTE",2000,352,0.525450664895287,0.784334718555013,0,-0.016137931557301,0.0365142413836276,-0.0095508233855921,0,0.490117323576605,0.516,0.565059267241379,0.728762488073081,-0.00165170729367764,-0.00165170729367764,1,0.942,0.0597372271885583,0.0314451133355443,0.755,0,0.406777345628546,0.466514572817104,0.466514572817104,0,1
"Strong quantitative HTE",2000,353,0.336022633809037,0.376057104857972,0,-0.00347453400251557,0.0109847534985413,-0.0412575896647143,0,0.540889003635035,0.378,0.534881714864894,0.796256573365484,-0.0147518807644088,-0.0147518807644088,1,0.754,0.0589751159708476,0.0315573067171502,0.7445,0,0.40497089611478,0.463946012085628,0.463946012085628,0,1
"Strong quantitative HTE",2000,354,0.217807710185967,0.301513911964303,0,0.00412813444072088,0.0255558518564033,-0.001865581912535,0,0.511179691856345,0.486,0.523078814201718,0.774750315312075,-0.000613802574872369,-0.000613802574872369,1,0.994,0.0605192152808958,0.0315232242486415,0.76,0,0.406586534676365,0.467105749957261,0.467105749957261,0,1
"Strong quantitative HTE",2000,355,0.0143218516096716,0.0434051179954344,1,-0.000263901476463328,-0.00237245567663893,-3.47564795130095e-05,0,0.546730255678381,0.402,0.909002079002079,0.959132108597744,-0.0035800489694115,-0.0035800489694115,1,0.814,0.0593282973829297,0.0311478173735202,0.7505,0,0.405406352257357,0.464734649640287,0.464734649640287,0,1
"Strong quantitative HTE",2000,356,0.473780900684365,0.343860265037197,0,-0.00360773655349246,0.0212906672262868,0.0108174638610967,0,0.68310469795747,0.032,0.84794865122734,0.94663779998974,-0.0409695602397389,0.0190402113093146,0,0.252,0.0592867394792079,0.0312879191341383,0.76,0,0.405889711636679,0.465176451115886,0.465176451115886,0,1
"Strong quantitative HTE",2000,357,0.403789430378109,0.389573737031285,0,0.0198398269924673,0.0467685270690542,-0.00120292982030312,0,0.5529665388021,0.042,0.604780701754386,0.714941338220594,-0.0206655843691992,-0.0206655843691992,1,0.604,0.0600569363747589,0.0312171942313483,0.76,0,0.406227370397225,0.466284306771984,0.466284306771984,0,1
"Strong quantitative HTE",2000,358,0.740449551287192,0.817843167926288,0,0.00036471197560352,0.0390053976127863,-0.0416954500869522,0,0.492482656949004,0.208,0.701643681151878,0.689955124458303,-0.0439500313639119,-0.0439500313639119,1,0.378,0.0605445624407662,0.0315959085079746,0.757,0,0.406734912149137,0.467279474589903,0.467279474589903,0,1
"Strong quantitative HTE",2000,359,0.721509188155011,1,0,0.00132373124178421,0.0182949227697087,-0.00235691121486109,0,0.523792149785178,0.508,0.732429674327802,0.694222168797582,-0.000827793875006755,-0.000827793875006755,1,0.99,0.0598543949672094,0.0310660913970883,0.762,0,0.407046531589492,0.466900926556701,0.466900926556701,0,1
"Strong quantitative HTE",2000,360,0.00910693324667551,0.0356886168247661,1,0.00826070870422392,0.026003651123029,0.0132324565344626,0,0.573232965444316,0.08,0.550017959770115,0.809695443015139,-0.0231910845545629,0.0366431570068516,0,0.544,0.0600584478320033,0.0316575210229294,0.7605,0,0.407080668584072,0.467139116416075,0.467139116416075,0,1
"Strong quantitative HTE",2000,361,0.0509915881687242,0.061700257566756,0,0.0222556356087754,0.089285865331037,-0.0119749936682914,0,0.450440454069249,0.258,0.803051523639758,0.927412921339884,-0.0129165657341243,-0.0129165657341243,1,0.638,0.0587572112763853,0.0314917673470845,0.743,0,0.40410047160062,0.462857682877006,0.462857682877006,0,1
"Strong quantitative HTE",2000,362,0.539909965043026,0.547753601133949,0,0.00656862575375994,0.067593252931951,-0.0529430510373948,0,0.489061305087946,0.304,0.953970893970893,0.98255593628384,-0.0168401738947985,-0.0168401738947985,1,0.59,0.0595875387377138,0.0314187765130993,0.75,0,0.404812584447694,0.464400123185408,0.464400123185408,0,1
"Strong quantitative HTE",2000,363,0.392052982789546,0.677084372749037,0,0.00220928667456147,0.0238197652959156,-0.00417193022596307,0,0.53691078045823,0.35,0.495017335746528,0.751679764303964,-0.0127959547576086,-0.0127959547576086,1,0.816,0.061145879685364,0.0313483350332733,0.771,0,0.407250701755543,0.468396581440907,0.468396581440907,0,1
"Strong quantitative HTE",2000,364,0.613999597488748,0.658902758215297,0,-0.00298260456584051,0.0203248761193513,0.00384479170298302,0,0.510155089390262,0.49,0.605552755376344,0.780852539143228,-0.000844958837208032,-0.000844958837208032,1,0.974,0.0591731905610978,0.0317996211762747,0.749,0,0.405941923661607,0.465115114222704,0.465115114222704,0,1
"Strong quantitative HTE",2000,365,0.272022896926548,0.472426741158643,0,-0.00152096172498421,0.000494632064915674,-0.00179270014257954,0,0.680732604549598,0.036,0.604645487620907,0.853056126594306,-0.0164807565506707,-0.0164807565506707,1,0.7,0.0608836962605349,0.0313092784182069,0.773,0,0.408261156019637,0.469144852280172,0.469144852280172,0,1
"Strong quantitative HTE",2000,366,0.70615245095875,0.886150935056521,0,-0.0181315345098271,0.0363420471014699,-0.067807348076881,0,0.51400006131656,0.316,0.584931421833302,0.742010810181236,-0.0226937950013014,-0.0226937950013014,1,0.608,0.0602297839746129,0.03140832621811,0.757,0,0.407536707900751,0.467766491875364,0.467766491875364,0,1
"Strong quantitative HTE",2000,367,0.0624953211156066,0.0216888563692957,0,0.00638448764505818,0.0432203387394228,0.00212245372677861,0,0.506277504302546,0.204,0.985718781965536,0.994541514785416,-0.00231816504301707,-0.00231816504301707,1,0.858,0.0594818559476691,0.0318873017952819,0.74,0,0.405560988956525,0.465042844904195,0.465042844904195,0,1
"Strong quantitative HTE",2000,368,0.0773478506877522,0.319447225185873,0,-0.00595664633249328,0.00828203115954851,-0.0136729126954312,0,0.685837541124776,0.04,0.804070864790665,0.937030162475234,-0.00576955344771918,-0.00576955344771918,1,0.896,0.0599613712743975,0.0311617027922181,0.749,0,0.406042553945832,0.466003925220229,0.466003925220229,0,1
"Strong quantitative HTE",2000,369,0.236608271336316,0.157569245854789,0,-0.00736701686846989,-0.0122135281670919,-0.0043154528836068,0,0.531627758342522,0.336,0.68987012987013,0.849330532602466,-0.00175465971501354,-0.00175465971501354,1,0.914,0.0618024010255383,0.0311478127850902,0.782,0,0.408102986705095,0.469905387730634,0.469905387730634,0,1
"Strong quantitative HTE",2000,370,0.962171902617291,1,0,-0.0196883407853421,0.01045019203921,-0.0289698530286932,0,0.537898072950524,0.388,0.49015350877193,0.731678615657982,-0.0145864031522493,-0.0145864031522493,1,0.846,0.06045054491405,0.0312844606007061,0.765,0,0.406977682923463,0.467428227837513,0.467428227837513,0,1
"Strong quantitative HTE",2000,371,0.23165747310715,0.278125923134109,0,-0.0123493214717506,-0.0157533771727933,0,0,0.552151573384775,0.33,0.70598840425314,0.885028132324312,0,0,1,1,0.060599316663073,0.0314608218536204,0.755,0,0.408635712743202,0.469235029406275,0.469235029406275,0,1
"Strong quantitative HTE",2000,372,0.404275408905115,0.28261193603976,0,0.0110473738084747,-0.00394075475442097,0.0344543842276941,0,0.545224786335208,0.328,0.766923076923077,0.913017750058318,-0.0136286885922209,-0.0136286885922209,1,0.656,0.059879934659987,0.0312583017459455,0.751,0,0.405571674198411,0.465451608858398,0.465451608858398,0,1
"Strong quantitative HTE",2000,373,0.0942444417347691,0.0614873481423797,0,-0.00056675692226554,0.0395048225065535,0.00765182844788281,0,0.497690523482152,0.512,0.638018523992512,0.853491485750348,-0.000669094852178365,-0.000669094852178365,1,0.948,0.0606873905390374,0.0313150064321071,0.76,0,0.406957022584242,0.467644413123279,0.467644413123279,0,1
"Strong quantitative HTE",2000,374,0.135395350243886,0.156041991619011,0,-0.00535434256269345,0.0323411700175813,-0.056188891994839,0,0.537354517595086,0.134,0.719231874341538,0.915814518223498,-0.0363360973464767,-0.0363360973464767,1,0.298,0.0604217945384898,0.0316813190897291,0.7565,0,0.407290254819365,0.467712049357855,0.467712049357855,0,1
"Strong quantitative HTE",2000,375,0.102441967500185,0.351974529384543,0,0.0129504148227596,0.0572032916652453,0.0019257189121481,0,0.492468090608497,0.518,0.834884134415931,0.937166150205336,-0.00135964051059206,-0.00135964051059206,1,0.95,0.0587753711749893,0.0316110931372848,0.7315,0,0.405233150717449,0.464008521892438,0.464008521892438,0,1
"Strong quantitative HTE",2000,376,0.854994903192186,1,0,-0.0117104747548586,0.0326323837329814,0.00495472770352251,0,0.573272754366426,0.096,0.692763333037537,0.674353759878538,-0.0518006830986088,0.00978225196088156,0,0.188,0.0608548904379392,0.0313748932453963,0.7615,0,0.407437993269265,0.468292883707204,0.468292883707204,0,1
"Strong quantitative HTE",2000,377,0.447463753376221,0.449902462986285,0,0.0184040192350343,0.0199149754179733,0.0315360922045582,0,0.522427193542359,0.39,0.525423728813559,0.794251324426281,-0.0147687029700087,-0.0147687029700087,1,0.75,0.0599821743505719,0.0308507420642943,0.771,0,0.407006659096344,0.466988833446916,0.466988833446916,0,1
"Strong quantitative HTE",2000,378,0.949572099771745,1,0,-0.00865650132950381,0.0237509766510496,0,0,0.622855109402386,0.122,0.493945609739959,0.742908159807277,0,0,1,1,0.0600832488968138,0.0311481283385303,0.764,0,0.406181103372685,0.466264352269498,0.466264352269498,0,1
"Strong quantitative HTE",2000,379,0.072577714020935,0.0603351690108577,0,-0.000577860528066385,0.0592445427352246,-0.0515559515734836,0,0.49932936991857,0.31,0.899794907514898,0.963929109434946,-0.00917940124851635,-0.00917940124851635,1,0.638,0.0608610181368044,0.031415579570024,0.7645,0,0.407200633107981,0.468061651244786,0.468061651244786,0,1
"Strong quantitative HTE",2000,380,0.0108666480727786,0.0108325561689083,1,0.029019673039483,0.0752339493659733,0.00355940492668483,0,0.465625460321146,0.32,0.836616222275603,0.936165366140213,-0.000310330452680807,-0.000310330452680807,1,0.988,0.0594775979688707,0.0315328323167634,0.744,0,0.405695170444743,0.465172768413613,0.465172768413613,0,1
"Strong quantitative HTE",2000,381,0.0566022076494898,0.256208821353413,0,-0.0231270055253625,0.045537544665432,-0.071471000291366,0,0.501453518295833,0.386,0.630092031105087,0.845094637070267,-0.0148263427542574,-0.0148263427542574,1,0.712,0.0595530733647364,0.0313814285602241,0.7525,0,0.405989846327981,0.465542919692717,0.465542919692717,0,1
"Strong quantitative HTE",2000,382,0.00723912831130169,0.0105569743645033,1,0.00560469559971408,0.0368302530267492,-0.0117339271600404,0,0.514141374749095,0.232,0.471244654821522,0.749211240761169,-0.0266687119775065,-0.0266687119775065,1,0.618,0.0599028810923267,0.0313133559564604,0.7545,0,0.406089552256041,0.465992433348368,0.465992433348368,0,1
"Strong quantitative HTE",2000,383,0.720761914106423,1,0,-0.0116414398717081,0.0149772726687438,-0.00237169253346975,0,0.607339039488295,0.056,0.631605340688272,0.671190996289983,-0.00261152382705315,-0.00261152382705315,1,0.956,0.0591662049068711,0.0313054091549807,0.751,0,0.405545704382871,0.464711909289742,0.464711909289742,0,1
"Strong quantitative HTE",2000,384,0.247954088454011,0.196773257666204,0,-0.00707066939163005,0.0139921394152832,-0.0569313262430205,0,0.589770928022542,0.142,0.546763482902004,0.752618015459474,-0.038720990482042,-0.038720990482042,1,0.298,0.0591783307401066,0.0316071621646412,0.7425,0,0.405045931039656,0.464224261779763,0.464224261779763,0,1
"Strong quantitative HTE",2000,385,0.0752574869422321,0.170857547209176,0,-0.0114449740104148,0.0108416612447008,-0.0340621961609001,0,0.549183106906143,0.164,0.890410666666667,0.960002993547509,-0.0268553577394671,-0.0268553577394671,1,0.398,0.0598898854614277,0.0312991169836893,0.752,0,0.405836729283507,0.465726614744935,0.465726614744935,0,1
"Strong quantitative HTE",2000,386,0.917946701678059,1,0,-0.00826554869779666,0.0163405542313991,0.00256193055558823,0,0.515745826498518,0.518,0.654757007698185,0.845960017917166,-0.000203057490033021,-0.000203057490033021,1,0.994,0.059607202319524,0.0313451387418831,0.75,0,0.406212335255705,0.465819537575229,0.465819537575229,0,1
"Strong quantitative HTE",2000,387,0.144706975617547,0.345664625649228,0,0.0155252706725067,0.0445852335089837,-0.00659416806104629,0,0.517733354046132,0.504,0.630373023715415,0.83969386498986,-0.000885375145911638,-0.000885375145911638,1,0.97,0.0591697003578642,0.0310830818901486,0.7505,0,0.404679941674745,0.463849642032609,0.463849642032609,0,1
"Strong quantitative HTE",2000,388,0.136450692252003,0.1722451500474,0,-0.00771361145065537,0.0252295422727869,0.000695690467382826,0,0.506984063670689,0.38,0.601922587216705,0.686919381453324,-0.00755563639120393,-0.00755563639120393,1,0.858,0.0600838816744583,0.0315207236835205,0.752,0,0.406749492277003,0.466833373951461,0.466833373951461,0,1
"Strong quantitative HTE",2000,389,0.725598678720178,1,0,-0.0118500604629626,0.00379637458687313,-0.0181399651020158,0,0.541619217381176,0.226,0.600806538569365,0.82771811291728,-0.0222201080135027,-0.0222201080135027,1,0.494,0.060181392175087,0.0313944340046737,0.751,0,0.407049427560784,0.467230819735871,0.467230819735871,0,1
"Strong quantitative HTE",2000,390,0.00975070737410054,0.0039152062439582,1,0.0247015010152942,0.0721875546705431,0.00862282548728566,0,0.474273826681286,0.472,0.935338421622711,0.984225032824143,-0.0096976101745388,-0.0096976101745388,1,0.724,0.0614511039633082,0.0310153487195472,0.783,0,0.408838009101993,0.470289113065301,0.470289113065301,0,1
"Strong quantitative HTE",2000,391,0.0598004284484118,0.0612123513852582,0,0.0100556810157792,0.00898230241656089,-0.00549743245583317,0,0.586462287801642,0.098,0.727127192982457,0.89828224612252,-0.000403454198759978,-0.000403454198759978,1,0.982,0.0604645472283153,0.0312371057687881,0.7675,0,0.406999567481195,0.46746411470951,0.46746411470951,0,1
"Strong quantitative HTE",2000,392,0.752827561657096,1,0,0.0131255239294081,-0.0213170348669959,0.00543518314579999,0,0.576350457260083,0.302,0.532971960381833,0.753788129149194,-0.00312195280508415,-0.00312195280508415,1,0.964,0.0595437676429866,0.0314985818423067,0.749,0,0.405301084332681,0.464844851975668,0.464844851975668,0,1
"Strong quantitative HTE",2000,393,0.966553733766088,1,0,0.0147153820478903,0.0290202876209092,-0.00374852035111267,0,0.4939265181487,0.246,0.574846491228071,0.723370246745601,-0.00450453004449886,-0.00450453004449886,1,0.92,0.0591949619283024,0.0313577324370246,0.7445,0,0.40642853532817,0.465623497256472,0.465623497256472,0,1
"Strong quantitative HTE",2000,394,0.536541416295981,0.554263303972351,0,0.0203024041153493,0.0864284013575315,-0.0142176926046172,0,0.479221508795857,0.496,0.549701069529779,0.74381432390303,-0.00718008884778149,-0.00718008884778149,1,0.886,0.0595290138566267,0.0314702867357464,0.7425,0,0.406420651098498,0.465949664955125,0.465949664955125,0,1
"Strong quantitative HTE",2000,395,0.907033089958017,1,0,-0.0174679897272665,0.00375571567347483,-0.00323091843507367,0,0.510481328901244,0.508,0.694517742922885,0.630533636490696,-0.00105771025315582,-0.00105771025315582,1,0.976,0.0597113271781815,0.0312638590641546,0.751,0,0.405986105428347,0.465697432606529,0.465697432606529,0,1
"Strong quantitative HTE",2000,396,0.358682018090992,0.472389171679657,0,-0.010372739820189,0.0223047499478529,-0.0620712207467591,0,0.554910842963522,0.204,0.789627192982456,0.918880420209259,-0.0329385632704964,-0.0329385632704964,1,0.406,0.0605846389336664,0.0315510119566607,0.7585,0,0.408372842616015,0.468957481549681,0.468957481549681,0,1
"Strong quantitative HTE",2000,397,0.429976700531353,0.375059609064832,0,0.00146267738778654,0.0260548999228454,0,0,0.507839992078674,0.052,0.665032679738562,0.823236661833295,0,0,1,1,0.0596043983964518,0.0319307493887742,0.747,0,0.406716208659387,0.466320607055839,0.466320607055839,0,1
"Strong quantitative HTE",2000,398,0.250429413044089,0.422252225242929,0,-0.011381176133267,0.0322445389845054,-0.0588790004413913,0,0.562318012512504,0.156,0.741842105263158,0.631232136882699,-0.0320924822324846,-0.0320924822324846,1,0.546,0.0606359383505746,0.031590004324784,0.7615,0,0.406880557063723,0.467516495414298,0.467516495414298,0,1
"Strong quantitative HTE",2000,399,0.747435294829102,0.991189831965558,0,0.00684874826905878,0.00843277221718927,0.0059024160526191,0,0.578427453241554,0.044,0.704873413266384,0.908134828487272,-0.00186802221576426,-0.00186802221576426,1,0.962,0.0601692897814301,0.0316436365369114,0.755,0,0.406387683467467,0.466556973248897,0.466556973248897,0,1
"Strong quantitative HTE",2000,400,0.577544569319944,0.493116483182332,0,-0.00489829991187595,0.0352740061975943,-0.0125483765419124,0,0.504984838996106,0.502,0.583670839469809,0.846122293653464,-0.00354007829494446,-0.00354007829494446,1,0.942,0.0611823768952347,0.0310534645863855,0.7815,0,0.408689238612442,0.469871615507677,0.469871615507677,0,1
"Strong quantitative HTE",2000,401,0.141494415781887,0.0965089143280188,0,-0.00436897684818749,0.0708335187598998,0.0605135748036447,0,0.47847625457554,0.488,0.71253189123182,0.878945672283024,-0.04899743140224,0.0116173998012332,0,0.162,0.0596175952813,0.0315755447015078,0.7575,0,0.40617212770551,0.46578972298681,0.46578972298681,0,1
"Strong quantitative HTE",2000,402,0.279833566689493,0.224329408485741,0,0.017598908253503,0.0269748650743617,0.0168859818285751,0,0.504187155248827,0.276,0.513939393939394,0.801707616612048,-0.00151146033330907,-0.00151146033330907,1,0.962,0.0598086354075839,0.0306854544502326,0.7675,0,0.406308471055291,0.466117106462875,0.466117106462875,0,1
"Strong quantitative HTE",2000,403,0.34130042573013,0.516204653003343,0,-0.0165106907221004,0.0361425043084305,0.00616917472191442,0,0.496480370792447,0.442,0.766632016632017,0.91397458568418,-0.0362934397886627,0.0227438536503796,0,0.334,0.0596890366890983,0.0314308578279952,0.7535,0,0.405348807205821,0.465037843894919,0.465037843894919,0,1
"Strong quantitative HTE",2000,404,0.377434749926439,0.594992345489028,0,0.00123179744716287,-0.0166537568492376,0.00220526918024955,0,0.57267366081816,0.308,0.925096649484536,0.979019367823853,-0.00276391978940205,-0.00276391978940205,1,0.884,0.0583668871042419,0.0313043496363978,0.7425,0,0.406025906454719,0.464392793558961,0.464392793558961,0,1
"Strong quantitative HTE",2000,405,0.552139009512976,0.645784379005623,0,0.00388590082268786,0.0582490971040142,0.000332802202251292,0,0.485434496778619,0.546,0.670614702573943,0.889183907643448,-0.000209996299932125,-0.000209996299932125,1,0.996,0.0599270496263573,0.0319084291055729,0.7535,0,0.406928910203253,0.466855959829611,0.466855959829611,0,1
"Strong quantitative HTE",2000,406,0.282455243422895,0.212483398217054,0,0.0188377833681717,0.0446576283366898,0.0371328012227638,0,0.548711554040448,0.136,0.564439307279938,0.74260768339634,-0.0347843593052437,0.0234222973410966,0,0.34,0.0591941310724891,0.0315798965012732,0.7465,0,0.4058578960545,0.465052027126989,0.465052027126989,0,1
"Strong quantitative HTE",2000,407,0.199511943158135,0.176315542691102,0,0.00708522004987015,0.0836763423936339,0.00140924044949575,0,0.459541845658366,0.576,0.919958534594941,0.975203473965505,-2.41958605597947e-05,-2.41958605597947e-05,1,0.998,0.058832670265711,0.0316909666453107,0.744,0,0.406083570973967,0.464916241239679,0.464916241239679,0,1
"Strong quantitative HTE",2000,408,0.34582106154292,0.396556298584137,0,0.012200898680446,0.0144409391777601,-0.00230969858024327,0,0.530402783445446,0.324,0.947326152683295,0.983740381887593,-0.000102624775227877,-0.000102624775227877,1,0.994,0.0608087143796921,0.031671983533369,0.761,0,0.407694996174869,0.468503710554561,0.468503710554561,0,1
"Strong quantitative HTE",2000,409,0.599266001274028,0.81240067000469,0,-0.0032751005575825,0.00378156426143276,-0.0166474773580869,0,0.549613758500956,0.232,0.784568212365591,0.933817484837885,-0.0172904664111757,-0.0172904664111757,1,0.476,0.0592196011969094,0.0313587919796558,0.74,0,0.406241927506663,0.465461528703572,0.465461528703572,0,1
"Strong quantitative HTE",2000,410,0.722273140464236,0.908827013368631,0,-0.00211321866692846,0.0225037750100734,-0.000960399086545494,0,0.507254050861464,0.506,0.75115058910162,0.9099374647077,-0.000198617838381931,-0.000198617838381931,1,0.988,0.0607078290906353,0.0308962775324115,0.776,0,0.40717201219308,0.467879841283716,0.467879841283716,0,1
"Strong quantitative HTE",2000,411,0.928224027358615,1,0,0.0123919634890391,0.0286929419532461,-7.83404982588332e-05,0,0.515372832976138,0.466,0.801563681027967,0.940276191281042,-0.000240863554599569,-0.000240863554599569,1,0.992,0.0610107045675764,0.0315642626481866,0.764,0,0.408077680259179,0.469088384826755,0.469088384826755,0,1
"Strong quantitative HTE",2000,412,0.735546662035078,1,0,0.0190965392111751,0.0295677990966408,-0.0102278950486298,0,0.53020213394409,0.486,0.661072079104866,0.807202408578837,-0.000828810390672452,-0.000828810390672452,1,0.958,0.0609137562303998,0.0313935667832134,0.768,0,0.407312994860694,0.468226751091094,0.468226751091094,0,1
"Strong quantitative HTE",2000,413,0.514632825276095,0.406590368150434,0,0.00499845621095046,0.0447994783786646,-0.0163155193430821,0,0.552043608581881,0.04,0.70455101541473,0.643769548796471,-0.0279240656914925,-0.0279240656914925,1,0.674,0.0603963444056972,0.0313819567546854,0.7525,0,0.407837515522533,0.46823385992823,0.46823385992823,0,1
"Strong quantitative HTE",2000,414,0.583615740738693,0.679797262511424,0,0.0154372913386152,0.0330794920398016,0.0175443659235986,0,0.510809357497362,0.466,0.733918730420068,0.918156533115445,-0.0077322717975577,-0.0077322717975577,1,0.882,0.0614423111077993,0.031270583943417,0.772,0,0.40848399980894,0.469926310916739,0.469926310916739,0,1
"Strong quantitative HTE",2000,415,0.438578498395348,0.974820721663912,0,-0.0155810146358996,0.00504590495292117,0.00271024919215973,0,0.516500302598759,0.466,0.740387063916476,0.896353570026123,-0.00545982533662204,-0.00545982533662204,1,0.892,0.0598859258713053,0.0312306132187437,0.756,0,0.406758628037934,0.466644553909239,0.466644553909239,0,1
"Strong quantitative HTE",2000,416,0.472170073989679,0.627032701182682,0,-0.0133605408532012,0.00750542388181128,0.0019497978124014,0,0.555111128706729,0.284,0.589160839160839,0.838603197374225,-6.73653886441028e-05,-6.73653886441028e-05,1,0.998,0.0611314162329057,0.0313152024641363,0.7625,0,0.407479131208869,0.468610547441774,0.468610547441774,0,1
"Strong quantitative HTE",2000,417,0.194947490759709,0.222946099905685,0,-0.00643263013077931,0.0340529345633787,-0.00599154656058787,0,0.591288756951571,0.138,0.590898187923854,0.840748258854127,-0.00822767559296816,-0.00822767559296816,1,0.876,0.0607742926522117,0.0316398690099578,0.757,0,0.40759024752666,0.468364540178871,0.468364540178871,0,1
"Strong quantitative HTE",2000,418,0.0924817309212166,0.047433888213281,0,-0.0104854271455732,0.0429711414349267,-0.0302229972413605,0,0.563167448088889,0.03,0.706202814001373,0.900719981194184,-0.013438988199506,-0.013438988199506,1,0.724,0.0602289191173771,0.0316238136262325,0.7615,0,0.406051724661366,0.466280643778743,0.466280643778743,0,1
"Strong quantitative HTE",2000,419,0.121698039638177,0.0738008453853325,0,0.000390117912090988,0.0426080194332235,-0.0262945129240695,0,0.592339880396414,0.04,0.818978138415345,0.946306919723761,-0.0056914506342472,-0.0056914506342472,1,0.84,0.0602429835400431,0.0310326719401525,0.7675,0,0.406781034431759,0.467024017971802,0.467024017971802,0,1
"Strong quantitative HTE",2000,420,0.0312987697459129,0.0302098791322768,1,0.0216061506111862,0.0475131988459603,0.0163870077741661,0,0.497655950870816,0.332,0.842211095694839,0.950020414768099,-0.0155814815352313,-0.0155814815352313,1,0.604,0.0580737691786689,0.0313314550051435,0.741,0,0.405007943934332,0.463081713113001,0.463081713113001,0,1
"Strong quantitative HTE",2000,421,0.00769704403391939,0.00185604255115787,1,0.0106397190044565,0.079128368378078,-0.0346989634419015,0,0.472961038386332,0.214,0.809428306484656,0.942184227303899,-0.0116483793993719,-0.0116483793993719,1,0.66,0.0600906660842858,0.031651344674645,0.7485,0,0.40628894585959,0.466379611943876,0.466379611943876,0,1
"Strong quantitative HTE",2000,422,0.497690002192154,0.42283486607803,0,0.0245630236678396,0.0451734202904488,0.00187602744625048,0,0.515734906262043,0.516,0.638436990917409,0.86406957658169,-0.00041715972919637,-0.00041715972919637,1,0.99,0.0607510351640361,0.0311848333067991,0.7665,0,0.407520661734744,0.46827169689878,0.46827169689878,0,1
"Strong quantitative HTE",2000,423,0.204842726722292,0.193828332111315,0,0.00657182289186565,0.0257171424517063,0.00058227073031375,0,0.60555074081247,0.088,0.878048780487805,0.950138811969493,-0.00131270229048935,-0.00131270229048935,1,0.932,0.0605744469609231,0.0316324122244976,0.761,0,0.407012107851996,0.467586554812919,0.467586554812919,0,1
"Strong quantitative HTE",2000,424,0.000651869628304334,0.000462137092601374,1,0.00977000501307598,0.0214438451907016,-0.0085500385917609,0,0.537280359722307,0.142,0.956787516840602,0.98424019645501,-0.00256669892831629,-0.00256669892831629,1,0.896,0.0600318865272948,0.0310679020237526,0.754,0,0.406352303228339,0.466384189755633,0.466384189755633,0,1
"Strong quantitative HTE",2000,425,0.235009870335618,0.190571627690168,0,0.00742334042927359,0.0453257630338192,-0.00269030018648525,0,0.500492480383203,0.528,0.891616489115331,0.966011112146407,-0.000243808450219762,-0.000243808450219762,1,0.982,0.0591646446241982,0.0311764378777315,0.766,0,0.404630032973257,0.463794677597455,0.463794677597455,0,1
"Strong quantitative HTE",2000,426,0.00359643982414234,0.0341718601703487,1,0.0203984320315291,0.0389159953678778,0.00471738867906685,0,0.511627888031002,0.448,0.556813244609087,0.717785832286653,-0.00645817329806941,-0.00645817329806941,1,0.85,0.0595326400634419,0.0313219582916344,0.7585,0,0.406711433439191,0.466244073502633,0.466244073502633,0,1
"Strong quantitative HTE",2000,427,0.216751799021383,0.325561409329085,0,0.00126206051321335,0.0208533626927142,0.00384640237869277,0,0.53677516435831,0.236,0.614538878842676,0.855549907856345,-0.00215688488042798,-0.00215688488042798,1,0.968,0.0614248014612098,0.0310009181624771,0.776,0,0.408418189572202,0.469842991033411,0.469842991033411,0,1
"Strong quantitative HTE",2000,428,0.0271819161751415,0.0780006576233289,1,0.00446292865355009,-0.00519147966424465,0.00997466862227064,0,0.610876015893702,0.06,0.726667534044583,0.887371130926679,-0.00636802955019689,-0.00636802955019689,1,0.836,0.0595214966331382,0.0309964449549214,0.765,0,0.405606468360776,0.465127964993914,0.465127964993914,0,1
"Strong quantitative HTE",2000,429,0.188913505205556,0.098181924252897,0,-0.00480636896537419,0.0470374978348457,-0.10771915322728,0,0.492776206428235,0.544,0.57058212058212,0.78860062229007,-0.0519114294939623,-0.0519114294939623,1,0.106,0.0602848212756214,0.0308105412578601,0.766,0,0.407177021056397,0.467461842332019,0.467461842332019,0,1
"Strong quantitative HTE",2000,430,0.0346163338358306,0.0281159988547915,1,-0.00163105665985992,0.024878605229301,-0.0285619573246509,0,0.595178794807745,0.062,0.60457883940978,0.856003663240381,-0.0118042582924093,-0.0118042582924093,1,0.742,0.060217653223377,0.0315048786196002,0.76,0,0.405874906924197,0.466092560147574,0.466092560147574,0,1
"Strong quantitative HTE",2000,431,0.00105042844189825,0.00172831812958764,1,0.0214240548208285,0.086735022916221,-0.0081415216329867,0,0.472460515390767,0.514,0.962048904645033,0.988951524715937,-0.00149267605981795,-0.00149267605981795,1,0.908,0.060048351053571,0.0313930233876821,0.7585,0,0.406997597026792,0.467045948080363,0.467045948080363,0,1
"Strong quantitative HTE",2000,432,0.106631230885857,0.0869558789785038,0,0.00690669227806074,0.0244699745130658,0.00184582435350134,0,0.51165810388577,0.344,0.56576016233265,0.780641153419137,-0.000952208959484446,-0.000952208959484446,1,0.974,0.058941453841492,0.0308805976252497,0.76,0,0.405914911085842,0.464856364927334,0.464856364927334,0,1
"Strong quantitative HTE",2000,433,0.299763003121798,0.397703670790146,0,-0.0130270851874413,0.0318331290458206,-0.00170125503163959,0,0.521478536882289,0.178,0.702163439687301,0.902167599791492,-0.000596450564047502,-0.000596450564047502,1,0.976,0.0607145064069479,0.0317018397026126,0.75,0,0.406843347963384,0.467557854370332,0.467557854370332,0,1
"Strong quantitative HTE",2000,434,0.0401075220125097,0.0553387856892221,1,-0.0068606291967485,0.0501698934933766,-0.0198360972251572,0,0.485706704377786,0.242,0.90709107955455,0.971849224896113,-0.000914288744207736,-0.000914288744207736,1,0.944,0.0595074467632069,0.0311492527496065,0.751,0,0.405273275878618,0.464780722641825,0.464780722641825,0,1
"Strong quantitative HTE",2000,435,0.0264835389307645,0.0582832290952712,1,0.0177683097611617,0.0279114891343956,0,0,0.527293091611505,0.412,0.709584533113945,0.877290407185582,0,0,1,1,0.0596852532097343,0.0314270350335876,0.744,0,0.407287318726619,0.466972571936353,0.466972571936353,0,1
"Strong quantitative HTE",2000,436,0.491652271666786,0.362539526929802,0,0.0048579053696923,0.0349848870884043,0.00876536436892306,0,0.587856259436579,0.062,0.861682665160926,0.956859505551108,-0.0103867785244669,-0.0103867785244669,1,0.732,0.0596547465713427,0.0317179070964318,0.7445,0,0.406286041465606,0.465940788036948,0.465940788036948,0,1
"Strong quantitative HTE",2000,437,0.641196044093551,1,0,0.0169303182276037,0.0876317631053317,0.00487695102576635,0,0.464102315250432,0.516,0.549141333333333,0.740385428603323,-0.0048559209110921,-0.0048559209110921,1,0.898,0.0601159973964458,0.0315116897416195,0.759,0,0.408207230624415,0.468323228020861,0.468323228020861,0,1
"Strong quantitative HTE",2000,438,0.499793262207983,0.638283494244224,0,-7.09334058165568e-05,0.00128614560094051,-0.000129262043638112,0,0.55967553271154,0.384,0.497520693810625,0.791398256823607,-0.0306293228541551,0.0278418024145945,0,0.476,0.0587512885011312,0.0312557816415904,0.7455,0,0.404815679031199,0.463566967532331,0.463566967532331,0,1
"Strong quantitative HTE",2000,439,0.101345323623454,0.0388832433628349,0,0.00375502976120978,0.0615257074399183,-0.0219721929090176,0,0.505292708969907,0.218,0.906457106038292,0.97565825892104,-0.00842701370612048,-0.00842701370612048,1,0.668,0.0603618364517297,0.0313094418392908,0.77,0,0.406733057008674,0.467094893460404,0.467094893460404,0,1
"Strong quantitative HTE",2000,440,0.0232585232117881,0.0785571275632702,1,0.0153697483135525,0.0611860006138256,-0.00116392390472186,0,0.519443694423352,0.124,0.6341523286693,0.819401231754609,-2.36474613817816e-05,-2.36474613817816e-05,1,0.998,0.0615083077255324,0.0314318989457961,0.7715,0,0.409568387213856,0.471076694939388,0.471076694939388,0,1
"Strong quantitative HTE",2000,441,0.376506320309634,0.378568413579071,0,0.00479850257429506,0.0254264407238892,0.0155328439666441,0,0.499923904947672,0.486,0.530467599410899,0.800386853473973,-0.00661797412020076,-0.00661797412020076,1,0.902,0.0598971062965356,0.0314742741950583,0.753,0,0.406626002959626,0.466523109256161,0.466523109256161,0,1
"Strong quantitative HTE",2000,442,0.786172939262337,1,0,0.00454225357591314,0.0234193582918031,-0.00682573567679601,0,0.632171468824693,0.048,0.570854930241134,0.815707873819599,-0.00207370203905488,-0.00207370203905488,1,0.98,0.0598572341297472,0.0309408937608474,0.76,0,0.407053585075227,0.466910819204975,0.466910819204975,0,1
"Strong quantitative HTE",2000,443,0.414326633033054,0.327885268158594,0,-0.00917432587424677,0.0557657692333538,0,0,0.472725282356733,0.564,0.592425946756656,0.83761151570366,0,0,1,1,0.0597791295304193,0.0314548645820444,0.7615,0,0.406673645962054,0.466452775492474,0.466452775492474,0,1
"Strong quantitative HTE",2000,444,0.0726455215485426,0.0568583880886093,0,-0.00738342345215276,0.012516569260939,-0.0225200709049964,0,0.527926768187036,0.196,0.805978341179203,0.934317064844188,-0.00230608784336483,-0.00230608784336483,1,0.92,0.0594353758817908,0.0315535440181094,0.7475,0,0.406643458944474,0.466078834826265,0.466078834826265,0,1
"Strong quantitative HTE",2000,445,0.571919916329366,0.585569499429186,0,-0.0161043939651289,0.0225321225899727,-0.0746399273628753,0,0.493885479085776,0.462,0.499290087851628,0.834943530745602,-0.0487772569759163,-0.0487772569759163,1,0.16,0.0605694337209896,0.0313805696169191,0.7595,0,0.406103445646571,0.466672879367561,0.466672879367561,0,1
"Strong quantitative HTE",2000,446,0.097340997204578,0.0423064386958115,0,0.0100816926873686,-0.00788748448872272,0.0172260492581495,0,0.557694217777844,0.166,0.800186741363212,0.928563176453201,-0.00231960068827025,-0.00231960068827025,1,0.938,0.0597299951497338,0.0314823613998813,0.751,0,0.405997313757973,0.465727308907707,0.465727308907707,0,1
"Strong quantitative HTE",2000,447,0.386602508865219,0.654576653790061,0,0.0196025961456191,0.0342326433976271,-0.00146398410893961,0,0.517685158083116,0.484,0.703986448334275,0.906552339152657,-0.00578421271757473,-0.00578421271757473,1,0.93,0.0608949749697661,0.0315146657178136,0.7645,0,0.407791686178578,0.468686661148344,0.468686661148344,0,1
"Strong quantitative HTE",2000,448,0.312939436657824,0.387031318887087,0,0.000520970462227136,0.0617732159331809,-0.0122794628528213,0,0.483735244644439,0.522,0.715070876835582,0.872815183674387,-0.00137980790843978,-0.00137980790843978,1,0.942,0.0604166865197731,0.0313244361733716,0.7605,0,0.40796625828649,0.468382944806263,0.468382944806263,0,1
"Strong quantitative HTE",2000,449,0.918387779547046,1,0,0.00274126663279333,0.0237481470609233,0,0,0.526829422873475,0.44,0.635708512931034,0.680064664701482,0,0,1,1,0.0607926555934236,0.0315206340828,0.7645,0,0.407411823381292,0.468204478974715,0.468204478974715,0,1
"Strong quantitative HTE",2000,450,0.0820824287886703,0.0382072665441377,0,0.0168338422067458,0.081653192152194,0.000993440444342186,0,0.462452577360569,0.572,0.874247957611197,0.951390239399077,-8.51229670449927e-05,-8.51229670449927e-05,1,0.996,0.059841817607072,0.0316967709366152,0.7465,0,0.405949873524633,0.465791691131705,0.465791691131705,0,1
"Strong quantitative HTE",2000,451,0.254784090280504,0.201009328042211,0,0.00554982583685614,0.00723687885652641,0.0352872732997868,0,0.541495787097499,0.046,0.591920374707259,0.812369999288479,-0.0403040395504239,-0.0403040395504239,1,0.272,0.0595582348827651,0.0311948293443886,0.7475,0,0.405893345217577,0.465451580100342,0.465451580100342,0,1
"Strong quantitative HTE",2000,452,0.0957673815744728,0.213968479329015,0,0.00633937441474887,0.0456165289517909,-0.0100689629016251,0,0.501654781754171,0.416,0.936706895021742,0.981257358308997,-0.00551594747113499,-0.00551594747113499,1,0.77,0.0605598047362972,0.0311294652926168,0.769,0,0.407380852709179,0.467940657445476,0.467940657445476,0,1
"Strong quantitative HTE",2000,453,0.131487963405007,0.168920644996029,0,0.00860964821183452,0.023558872060089,0.0187170523619563,0,0.577345009365928,0.098,0.741969118821546,0.890453315203761,-0.0020470919684914,-0.0020470919684914,1,0.934,0.0608885009069664,0.0320258509495879,0.76,0,0.406923695896826,0.467812196803793,0.467812196803793,0,1
"Strong quantitative HTE",2000,454,0.78901295234897,1,0,0.00119817347549391,0.0424996049263478,-0.0113724010324898,0,0.625850554871103,0.04,0.61692441588003,0.662767182944361,-0.00661001365297831,-0.00661001365297831,1,0.846,0.0593844949032148,0.0311694291249554,0.756,0,0.406579697001195,0.46596419190441,0.46596419190441,0,1
"Strong quantitative HTE",2000,455,0.014120591692594,0.0417483623600594,1,0.0125490548291718,0.0268263220770529,0.000158695219653726,0,0.516064844749354,0.33,0.740516349665407,0.900793119117423,-0.000445937104641247,-0.000445937104641247,1,0.984,0.0591875288750568,0.0313129013512374,0.7455,0,0.405938590415168,0.465126119290225,0.465126119290225,0,1
"Strong quantitative HTE",2000,456,0.414982501402745,0.528450667864975,0,-0.00807924643977241,0.0168365995805032,-0.0356973205932862,0,0.537491021545093,0.368,0.833647906657516,0.932572480252508,-0.00903612624655942,-0.00903612624655942,1,0.728,0.0583420474931968,0.0310129382457259,0.75,0,0.40480901787688,0.463151065370077,0.463151065370077,0,1
"Strong quantitative HTE",2000,457,0.505113445536682,0.655341727237261,0,-0.00428495010880272,0.0171017938831285,0.00341560383032324,0,0.641634402228574,0.042,0.791011623644088,0.91315000517996,-0.00139168885043012,-0.00139168885043012,1,0.932,0.0590464074937253,0.0315615093630847,0.742,0,0.404312052992708,0.463358460486434,0.463358460486434,0,1
"Strong quantitative HTE",2000,458,0.509849239417606,0.594006345398828,0,-0.00397563737804842,0.0338387306205643,0.0145805758631374,0,0.512578766820024,0.324,0.488298666666667,0.788985994867967,-0.0256242837705577,0.0333952116703067,0,0.57,0.0589979421222448,0.0311195837191823,0.752,0,0.40565080446735,0.464648746589595,0.464648746589595,0,1
"Strong quantitative HTE",2000,459,0.0424008888551041,0.027004661303528,1,0.0274460468086841,0.0472682419998066,-0.00183463189298622,0,0.480835919337755,0.392,0.966013241034267,0.987865425377465,-4.32615531652525e-05,-4.32615531652525e-05,1,0.996,0.0607155106072077,0.0314774553856714,0.7685,0,0.407378122705068,0.468093633312275,0.468093633312275,0,1
"Strong quantitative HTE",2000,460,0.0505001665698684,0.0293745524014262,0,0.00839564052333196,0.0498175414021454,7.40478761079855e-06,0,0.504326136318559,0.254,0.795428918379739,0.925196159810651,-0.00584068673739591,-0.00584068673739591,1,0.796,0.0591501569029355,0.031447781565354,0.7455,0,0.405403376392332,0.464553533295267,0.464553533295267,0,1
"Strong quantitative HTE",2000,461,0.0133274615218174,0.00840719519447552,1,0.0225712530470541,0.0703636237234459,-0.010750112494939,0,0.456519149778105,0.244,0.788933092224232,0.936882058639307,-0.00177026780072409,-0.00177026780072409,1,0.946,0.0599174223477954,0.031739354936811,0.7505,0,0.407598442777877,0.467515865125672,0.467515865125672,0,1
"Strong quantitative HTE",2000,462,0.0145427126081314,0.0160089393347496,1,0.0114258230530953,0.0334829254790756,-0.0352858228971469,0,0.541975604072139,0.104,0.706039058980235,0.872514891080406,-0.0369904943035724,-0.0369904943035724,1,0.204,0.0594373992272822,0.0314992285002906,0.755,0,0.406691307456394,0.466128706683676,0.466128706683676,0,1
"Strong quantitative HTE",2000,463,0.60165410553071,0.569421946205354,0,-0.017119344054859,-0.0359078758834276,-0.0056620954091719,0,0.661750114390371,0.028,0.437735929993137,0.689171737869354,-0.000456847033054153,-0.000456847033054153,1,0.994,0.0605118980166561,0.0315450926077092,0.7555,0,0.407375058797732,0.467886956814388,0.467886956814388,0,1
"Strong quantitative HTE",2000,464,0.0422842319507983,0.0189042688617337,1,0.0179391026267192,0.0356582988848878,0.00461080834475613,0,0.412745643073692,0.052,0.801946338477127,0.937851618646834,-0.00557094917670403,-0.00557094917670403,1,0.846,0.0597934180943444,0.0313426143544068,0.7525,0,0.40545715395887,0.465250572053214,0.465250572053214,0,1
"Strong quantitative HTE",2000,465,0.00607100096504843,0.00345339341895904,1,0.00573483769904399,0.0197492979374671,0.0147606636540855,0,0.620340842110944,0.044,0.947910196113231,0.98560218388512,-0.00465883813662893,-0.00465883813662893,1,0.806,0.0603241318421994,0.0312471600076008,0.7585,0,0.406993899063007,0.467318030905207,0.467318030905207,0,1
"Strong quantitative HTE",2000,466,0.0721116886812721,0.14025784019738,0,0.000846445398082115,0.0508512618536984,-0.00664886351359245,0,0.494293893934102,0.532,0.466304,0.806596804852767,-0.000923416650818687,-0.000923416650818687,1,0.98,0.058783386479793,0.0310484014507837,0.7485,0,0.405097214007912,0.463880600487705,0.463880600487705,0,1
"Strong quantitative HTE",2000,467,0.213484639893042,0.633624340486499,0,0.00648100613616808,0.0627249869775408,0.00116962031295081,0,0.476505093199404,0.12,0.902490129910232,0.972277611380149,-0.00198871784134119,-0.00198871784134119,1,0.918,0.060828121880419,0.0310497798852944,0.78,0,0.408393640334438,0.469221762214857,0.469221762214857,0,1
"Strong quantitative HTE",2000,468,0.133445258546987,0.248985526164386,0,0.00709340608710814,0.0700796795463964,-0.00607830242622609,0,0.464326403691794,0.448,0.772916851539622,0.91416741663442,-0.00736659944261753,-0.00736659944261753,1,0.786,0.0605225564455122,0.0317003636393389,0.7575,0,0.407544382064407,0.468066938509919,0.468066938509919,0,1
"Strong quantitative HTE",2000,469,0.354473982814046,0.334614086752294,0,-0.00138644581759792,0.024025143490597,0.0094111361672996,0,0.550737814735594,0.116,0.724566097276531,0.899619142759198,-0.0452777633687506,0.015821459628811,0,0.22,0.0594428548441421,0.031253720891995,0.755,0,0.405568412488531,0.465011267332673,0.465011267332673,0,1
"Strong quantitative HTE",2000,470,0.528425463452084,0.605241173774371,0,-0.00044465426779037,0.0350258510991822,-0.00271148812786526,0,0.499387074178344,0.5,0.506673596673597,0.772240513304831,-0.0044189774147394,-0.0044189774147394,1,0.928,0.059654236807568,0.0312003755393671,0.7525,0,0.405511702584915,0.465165939392483,0.465165939392483,0,1
"Strong quantitative HTE",2000,471,0.0200917884924475,0.00695749341241405,1,0.00538783490602567,0.0142965673957429,-0.00621744329170182,0,0.535720801450722,0.5,0.997653333333334,0.999206911665853,-0.0258853751401675,-0.0258853751401675,1,0.424,0.0608149558679007,0.0317682688004637,0.756,0,0.407448517986813,0.468263473854714,0.468263473854714,0,1
"Strong quantitative HTE",2000,472,0.00472175656729869,0.016260147932435,1,0.0175795200887637,0.0312105561634665,0,0,0.464735608067146,0.03,0.773419203747073,0.890974546354087,0,0,1,1,0.0600554251225256,0.031304250120815,0.7545,0,0.406910063744203,0.466965488866728,0.466965488866728,0,1
"Strong quantitative HTE",2000,473,0.302056559077437,0.459980457364353,0,0.0143427194239403,0.0310304864881878,-0.00149323245751271,0,0.551445721357589,0.17,0.756062912227296,0.894475691130519,-0.000104498364535188,-0.000104498364535188,1,0.994,0.0590071971630895,0.0313970725398558,0.7425,0,0.404855216305323,0.463862413468412,0.463862413468412,0,1
"Strong quantitative HTE",2000,474,0.287699684961405,0.456491938716561,0,0.0138245746080751,0.0329891123732762,-0.000961125723225487,0,0.504792712637829,0.214,0.620320528505016,0.805086062474703,-0.015175240324127,-0.015175240324127,1,0.692,0.0590031950888328,0.0317876002415507,0.7395,0,0.40532744952878,0.464330644617613,0.464330644617613,0,1
"Strong quantitative HTE",2000,475,0.402634274763599,0.536311881811569,0,-0.00878770921333645,0.0393048887150877,-0.0142859897342741,0,0.490403132615079,0.484,0.692913385826772,0.819525522407434,-0.000575930690938031,-0.000575930690938031,1,0.96,0.0602885467971085,0.0313781169561686,0.7595,0,0.407862758112979,0.468151304910088,0.468151304910088,0,1
"Strong quantitative HTE",2000,476,0.40044622471819,0.511126577148766,0,0.0268925024354709,0.0929556383275088,0.0394814324646244,0,0.488782716433863,0.122,0.688529512697323,0.874737908547905,-0.0417914125178432,0.0179929434040861,0,0.206,0.0597665605513526,0.0309960056378866,0.754,0,0.406630995367125,0.466397555918478,0.466397555918478,0,1
"Strong quantitative HTE",2000,477,0.440856989188661,0.385992265937799,0,0.0191977460381259,0.0390641569045644,-0.00348685046015323,0,0.493574292017178,0.418,0.709497459062677,0.906352762740345,-0.00227146296402247,-0.00227146296402247,1,0.956,0.0615363827049827,0.0315216346383019,0.773,0,0.408087874754436,0.469624257459419,0.469624257459419,0,1
"Strong quantitative HTE",2000,478,0.0720660230187676,0.2008973928232,0,0.00145735846018928,0.017244704541181,0.00603671479980278,0,0.630209888579454,0.03,0.607232,0.850065151228007,-0.0456504696353107,0.0145098375649118,0,0.186,0.060597473767755,0.0318843783639534,0.7565,0,0.407591197028926,0.468188670796681,0.468188670796681,0,1
"Strong quantitative HTE",2000,479,0.69130290932832,1,0,-0.0178065310477926,-0.0155021008374572,-0.00584773904501751,0,0.58501531800493,0.256,0.62405269046463,0.804334160377027,-0.00124222225856985,-0.00124222225856985,1,0.986,0.0594351390339912,0.0317895302395067,0.7425,0,0.406629301257137,0.466064440291128,0.466064440291128,0,1
"Strong quantitative HTE",2000,480,0.00442137881241204,0.00100265228439368,1,0.0278558222978796,0.0624095104439009,-0.0400062304572156,0,0.595098238537365,0.036,0.893019153225807,0.962446047135271,-0.0372193879472513,-0.0372193879472513,1,0.278,0.0607109979029032,0.0315086378304794,0.761,0,0.408701287547032,0.469412285449935,0.469412285449935,0,1
"Strong quantitative HTE",2000,481,0.323729206947584,0.6253008890917,0,-0.00222171275334044,0.0546695359761622,-0.035172837044839,0,0.502137027361563,0.178,0.567497426218257,0.800960702906305,-0.0151692817700916,-0.0151692817700916,1,0.68,0.06108807110806,0.0315467353395702,0.764,0,0.407811840363383,0.468899911471443,0.468899911471443,0,1
"Strong quantitative HTE",2000,482,0.826257958029223,1,0,0.0289185866408087,0.089782453820351,0,0,0.454912648644151,0.402,0.719661848922825,0.871610375514488,0,0,1,1,0.0608383446274121,0.0313264290742094,0.762,0,0.408257924761306,0.469096269388718,0.469096269388718,0,1
"Strong quantitative HTE",2000,483,0.529017296659759,0.544720692316881,0,0.0200553178500046,0.0707582396646898,-0.0112785326993829,0,0.482964162232366,0.468,0.780013865100726,0.88156382221577,-0.00330497524287388,-0.00330497524287388,1,0.866,0.0598634865873003,0.0317617134076256,0.749,0,0.407441099366756,0.467304585954057,0.467304585954057,0,1
"Strong quantitative HTE",2000,484,0.216373324931985,0.274165599269962,0,0.00793223850027372,0.0373541898680667,0.0457752246588745,0,0.486729840555802,0.15,0.796231242952554,0.927454893279619,-0.0289562028120274,0.0308967038989054,0,0.432,0.0604146870383868,0.0315469842224082,0.7625,0,0.40679642877799,0.467211115816377,0.467211115816377,0,1
"Strong quantitative HTE",2000,485,0.161263722002962,0.122386102591171,0,0.00178654654434171,-8.03615853416536e-05,0.0094569241542673,0,0.534100858207768,0.49,0.738077704135145,0.883675145875041,-0.053544266887927,0.00554624467599052,0,0.078,0.060550629376665,0.0314628638817074,0.7595,0,0.407842836695752,0.468393466072417,0.468393466072417,0,1
"Strong quantitative HTE",2000,486,0.195193288728536,0.335528617223012,0,0.00115424824945531,0.0380310089996793,0.0460515227973119,0,0.503153201252214,0.222,0.633771929824561,0.721811019366269,-0.0398478108316512,0.0186504184848792,0,0.4,0.0597067235070064,0.0312409995531299,0.7595,0,0.405628174022153,0.46533489752916,0.46533489752916,0,1
"Strong quantitative HTE",2000,487,0.0439162280963032,0.0161175551686101,1,0.00452809871973257,0.0613104314427915,0.00549394791149782,0,0.481877180604246,0.542,0.80447748655914,0.927478205359936,-0.000204065094854544,-0.000204065094854544,1,0.992,0.0597642329156554,0.0316628530722005,0.743,0,0.406321552004384,0.46608578492004,0.46608578492004,0,1
"Strong quantitative HTE",2000,488,0.49525674639048,0.608669125511886,0,-0.00343790966525622,0.0110805477475329,0.00746832901205502,0,0.606568504518066,0.048,0.760596264367816,0.924893453705323,-0.000949422070725736,-0.000949422070725736,1,0.978,0.0608251034782421,0.031022297383698,0.77,0,0.407604481968173,0.468429585446415,0.468429585446415,0,1
"Strong quantitative HTE",2000,489,0.0860878880500266,0.0442990924622521,0,-0.00220934087217518,0.0225186169134806,-0.00704434574039592,0,0.517480585936257,0.438,0.576329757199322,0.833648761306694,-0.00599361390798375,-0.00599361390798375,1,0.882,0.0602268256769651,0.0315020097792711,0.7645,0,0.407800623490306,0.468027449167271,0.468027449167271,0,1
"Strong quantitative HTE",2000,490,0.181103731729167,0.214074093625714,0,0.00178613797033715,0.0216520350253744,0,0,0.626757630737954,0.032,0.543550341862752,0.732506317447514,0,0,1,1,0.0603263012123111,0.0313199395039247,0.757,0,0.40756339297107,0.467889694183382,0.467889694183382,0,1
"Strong quantitative HTE",2000,491,0.195456161021342,0.133505420308214,0,0.00020785881997814,0.0157495888994219,-0.00284114950508974,0,0.624021937091103,0.048,0.688471006847473,0.885366591615837,-0.00564807474331258,-0.00564807474331258,1,0.868,0.0595703794455062,0.0313624907236146,0.7445,0,0.405794481062618,0.465364860508124,0.465364860508124,0,1
"Strong quantitative HTE",2000,492,0.394759448227162,0.93971002026973,0,0.00984805471843513,0.0630757576221126,0,0,0.484762963014851,0.552,0.858583829863203,0.956975090065919,0,0,1,1,0.0602679216176464,0.0312841057778954,0.762,0,0.406662441815095,0.466930363432741,0.466930363432741,0,1
"Strong quantitative HTE",2000,493,0.00811774274384932,0.00586075582677012,1,0.00251531158341334,0.0413688618681213,-0.00527716302212922,0,0.567810147939337,0.098,0.837919260895762,0.954825126772536,-0.00204181487248956,-0.00204181487248956,1,0.938,0.0595627997687873,0.0320880283107436,0.7445,0,0.40667771647476,0.466240516243547,0.466240516243547,0,1
"Strong quantitative HTE",2000,494,0.106390922055682,0.130821517170628,0,-0.0012364476178851,0.065236357907781,-0.0230484212102532,0,0.465750819743593,0.458,0.504280067758329,0.724051165090519,-0.00867748857819184,-0.00867748857819184,1,0.796,0.0602603486292605,0.0315507675419413,0.759,0,0.407154005645643,0.467414354274904,0.467414354274904,0,1
"Strong quantitative HTE",2000,495,0.490995540225852,0.433294324719019,0,-0.0118261782357182,-0.0126096800418778,-0.0119547196833453,0,0.614563330725905,0.082,0.809497254632807,0.884910352566592,-0.0468865417288989,-0.0468865417288989,1,0.184,0.0598236211591496,0.0308796876997517,0.7615,0,0.406564940629124,0.466388561788274,0.466388561788274,0,1
"Strong quantitative HTE",2000,496,0.0483802408278527,0.0231409272653806,1,-0.0267241709340566,-0.00222129935639642,-0.0363737253339948,0,0.61156616601449,0.158,0.822119057413175,0.920647142471282,-0.0282966339906674,0.0289869412951687,0,0.348,0.0579995856473603,0.0313406966412308,0.732,0,0.404166681909668,0.462166267557028,0.462166267557028,0,1
"Strong quantitative HTE",2000,497,0.87588939614119,1,0,0.0104378809678246,0.0428673527577008,0.0145224265555112,0,0.619751366150137,0.058,0.640826567099311,0.734887758616767,-0.0131139559176031,-0.0131139559176031,1,0.778,0.0591267012360484,0.0312121898165938,0.7445,0,0.405606150723645,0.464732851959693,0.464732851959693,0,1
"Strong quantitative HTE",2000,498,0.551206244252433,0.488071832808042,0,0.0179326804566596,-0.00962922072662265,0.00308450886279149,0,0.58025873461162,0.062,0.653054469475993,0.854110555069384,-0.000154768451390064,-0.000154768451390064,1,0.996,0.0589819776270756,0.0315207860007564,0.7395,0,0.406127767021675,0.46510974464875,0.46510974464875,0,1
"Strong quantitative HTE",2000,499,0.499345531570694,0.608911904551996,0,0.0264389331624938,0.0401730195422207,0.0392136265062467,0,0.517278225957697,0.31,0.555230288836846,0.7891489832443,-0.0229914804802125,0.035503847150115,0,0.584,0.059258831279257,0.0314988118169003,0.748,0,0.405777459272674,0.465036290551931,0.465036290551931,0,1
"Strong quantitative HTE",2000,500,0.690518833561599,0.955576493436045,0,0.0176816346507624,0.0615680672633073,-0.00304094766096669,0,0.485392527412866,0.482,0.55949264332826,0.789945588336003,-5.15708643200052e-05,-5.15708643200052e-05,1,0.996,0.0606792771519812,0.031498798685382,0.759,0,0.407797966333911,0.468477243485892,0.468477243485892,0,1
"Weak qualitative HTE",2000,1,0.710032537602199,1,0,0.0227936567886837,0.0159092375511594,-0.0013334463316208,0,0.53971286808632,0.45,0.556342388360034,0.291653137991601,0.00284273247421885,0.00284273247421885,0,0.902,0.000359840708499136,0.0467789750937769,0.314,0.4995,0.408037928052844,0.408397768761343,0.42855139680241,0.0201536280410666,0.5005
"Weak qualitative HTE",2000,2,0.0126808420288589,0.00316157295125931,1,0.0132809048062227,0.00798223537435977,0.0144035029177845,0,0.519083775894836,0.122,0.915242126092453,0.867385796544354,0.0115492250311217,0.0115492250311217,1,0.624,0.00150404558282256,0.047939066010632,0.3395,0.476,0.407626557141787,0.409130602724609,0.429378546443789,0.0202479437191792,0.524
"Weak qualitative HTE",2000,3,0.0353949616918351,0.112624636636608,1,0.0139064731306788,0.00453536166711214,0.0327190597694834,0,0.536217650090281,0.096,0.783149171270718,0.510686123336155,0.000680616388197663,0.00668454545411207,1,0.844,-9.88590981107445e-05,0.0481221051596501,0.33,0.502,0.406557874784854,0.406459015686743,0.427582890110683,0.0210250153258291,0.498
"Weak qualitative HTE",2000,4,0.0483590817506215,0.0220784130544052,1,0.0109022242722351,-0.0159495501115374,-0.008763016724193,0,0.573035099939923,0.212,0.810375889874237,0.764722990108088,0.0136662302576945,0.0169015447796775,0,0.514,-5.5721614565706e-05,0.0473257719165359,0.332,0.508,0.4069717039176,0.406915982303034,0.427713538034919,0.0207418341173193,0.492
"Weak qualitative HTE",2000,5,0.0382574274333768,0.0270376604563161,1,0.00199407410869176,-0.0332961595916828,0.0108926031316964,0,0.623288780014208,0.112,0.755999685262413,0.488533444263456,0.00657718760458947,0.011462839162546,1,0.818,-0.000978256959407332,0.0472435655819899,0.3155,0.513,0.405984108876515,0.405005851917108,0.426101401406403,0.0201172925298883,0.487
"Weak qualitative HTE",2000,6,0.0113546358780041,0.0198216323393658,1,0.00670927432328697,0.0056960035032224,0.0087023720742993,0,0.481780322075568,0.046,0.806729094076655,0.633172152661414,0.00586531021220782,0.00586531021220782,1,0.83,-0.000758182600564603,0.0475912746596669,0.326,0.503,0.406290686556392,0.405532503955828,0.426864212149613,0.0205735255932211,0.497
"Weak qualitative HTE",2000,7,0.0116295933362702,0.00991644546322677,1,0.0216726828121787,0.0429236114533087,0.00961563714247893,0,0.490822599186723,0.214,0.94782122501984,0.870670137094565,0.0166657431220774,0.0166657431220774,1,0.376,0.00011263512272064,0.0477590726288596,0.3285,0.494,0.406365846019681,0.406478481142402,0.42731821392175,0.0208397327793485,0.506
"Weak qualitative HTE",2000,8,0.143520208402546,0.198178725344623,0,0.0181333834297372,0.0221253531736126,0.00101920768174452,0,0.579103434398988,0.042,0.756914446002806,0.652415876710093,0.00348863618456674,0.00629519926108868,1,0.076,-0.00139670463458714,0.0480193381293914,0.3275,0.5085,0.404477448403481,0.403080743768894,0.424885253701453,0.0204078052979716,0.4915
"Weak qualitative HTE",2000,9,0.0661518650933844,0.129902681000247,0,0.00307757693413451,-0.00563979310130336,0.0257808733969261,0,0.536985617131598,0.438,0.575935904707884,0.412478417011256,0.00511457493760842,0.00511457493760842,1,0.872,-0.00078290506318897,0.0485007323675724,0.332,0.5015,0.405535711456029,0.40475280639284,0.426490783971061,0.0209550725150318,0.4985
"Weak qualitative HTE",2000,10,0.161001820684931,0.324006260685245,0,0.00618548521767579,-0.0096869385940366,-0.0184874911089501,0,0.55227584335107,0.404,0.795705885526245,0.55781526975161,0.00912887494021564,0.00994209208022384,0,0.828,-0.000381693463952096,0.0491770772784503,0.34,0.5005,0.406258597098749,0.405876903634797,0.427778619151411,0.0215200220526613,0.4995
"Weak qualitative HTE",2000,11,0.523081238185697,0.850815008279089,0,-0.01733954675366,0.0220663736255663,-0.0279174539920954,0,0.502291822415108,0.488,0.824489589650293,0.628689305328139,0.00426548794060699,0.00426548794060699,1,0.91,0.00127424764795409,0.0483156887938778,0.3455,0.4855,0.407184439426188,0.408458687074142,0.429138777049663,0.0206800899755204,0.5145
"Weak qualitative HTE",2000,12,0.0290551217295128,0.0223596412527013,1,0.0198181957490054,-0.00317234487577067,0.0314146589784844,0,0.523191407048786,0.118,0.93797980908408,0.893094497428702,0.0124741068670813,0.0124741068670813,0,0.222,-0.00143132270138857,0.0484089172058437,0.3225,0.514,0.405974524672971,0.404543201971583,0.42656174039051,0.0205872157175385,0.486
"Weak qualitative HTE",2000,13,0.0380229558542593,0.0228428520735133,1,-0.00614988892347469,0.0203481715953216,0.00124354504306956,0,0.631418803904408,0.054,0.816889279759614,0.758367500320798,0.00918529146559238,0.00966507828156998,0,0.18,0.000243882124286947,0.0476231942605701,0.3305,0.5015,0.406615444155313,0.4068593262796,0.42768087373825,0.0208215474586497,0.4985
"Weak qualitative HTE",2000,14,0.000409555685912161,0.000639436646749029,1,0.0197919631006638,0.0247267703992751,0.0461830324058674,0,0.507407250710128,0.264,0.784497966611575,0.660245341010863,0.0131411122272129,0.0131411122272129,0,0.484,0.000535255559335359,0.0476899789302354,0.335,0.4865,0.405452769432475,0.40598802499181,0.426603973115587,0.0206159481237765,0.5135
"Weak qualitative HTE",2000,15,0.159370989595541,0.195542651127889,0,0.00802123098853673,0.0111465251915111,0.0193901916571561,0,0.535655303654753,0.308,0.496841492053667,0.332978655696719,0.00191913619937034,0.00191913619937034,0,0.602,-0.000156352681638828,0.0478662153432783,0.3365,0.509,0.406649832880695,0.406493480199056,0.427685664464133,0.0210358315834381,0.491
"Weak qualitative HTE",2000,16,0.797295152261824,1,0,-0.00301495072294536,0.0287941038482335,-0.0106413013658607,0,0.63920202013842,0.058,0.49336267224587,0.400219492076831,0.000677353555821325,0.000689268931489184,0,0.126,0.00148941733693104,0.0477821155035102,0.3395,0.496,0.407318689902699,0.40880810723963,0.42898462382083,0.0201765165811995,0.504
"Weak qualitative HTE",2000,17,0.00041883013265075,0.00048210303769299,1,0.00514536341932213,0.0244159901234902,-0.0116578919510124,0,0.522259030341587,0.43,0.924338235294118,0.912745064880436,0.00740719883243984,0.00740719883243984,1,0.83,-0.00014847151108536,0.0473518806223346,0.321,0.495,0.406860277683701,0.406711806172615,0.427448661949752,0.0205883842660513,0.505
"Weak qualitative HTE",2000,18,0.00239780720363268,0.00714061893390025,1,-0.00495783747109968,-0.0119728284813921,-5.79151537481448e-05,0,0.557657727170181,0.184,0.986836692719046,0.974219019978524,0.0161385445426188,0.0161385445426188,0,0.366,-0.000956227297468109,0.0474568979835381,0.3165,0.505,0.406832439279587,0.405876211982119,0.427051334442343,0.0202188951627563,0.495
"Weak qualitative HTE",2000,19,0.0193983120724768,0.079102033026905,1,0.00811690512983046,0.00953889361605012,0.0385711480630715,0,0.500412835547912,0.154,0.739192390258345,0.68938451539395,0.00802551384009459,0.00802551384009459,1,0.32,-0.000670025904367811,0.0485753150740796,0.3275,0.502,0.404936924127762,0.404266898223395,0.425941012386913,0.0210040882591505,0.498
"Weak qualitative HTE",2000,20,0.0651140667452886,0.029167076486401,0,-0.0134116122652515,-0.0237307549706399,-0.00145027355426536,0,0.61238505758977,0.234,0.963918370319128,0.942886525223037,0.00263977498444556,0.00263977498444556,0,0.04,0.00191937701073039,0.0480700306744665,0.343,0.482,0.40789947446302,0.409818851473751,0.429975565445732,0.0201567139719812,0.518
"Weak qualitative HTE",2000,21,0.00474363481225972,0.0122715263555972,1,0.029600860486357,0.028101777374125,0.0012619947327373,0,0.535640325946184,0.474,0.821653989318659,0.678907864214851,0.00241083888492705,0.00366615423691474,1,0.944,0.000501013371143134,0.0482512755103835,0.342,0.4945,0.406701872264219,0.407202885635362,0.428127810078238,0.0209249244428762,0.5055
"Weak qualitative HTE",2000,22,0.00707799247952874,0.0178846290712171,1,-0.00740317537304587,-0.00962607865550026,0.0156076722934722,0,0.522203207926785,0.088,0.665742370109671,0.432936859817813,0.0031201325162446,0.00362163790890457,0,0.158,-0.000672421984852517,0.0478809851593702,0.3305,0.5085,0.406946868836784,0.406274446851931,0.427732355335639,0.0207854864988547,0.4915
"Weak qualitative HTE",2000,23,0.0686838871631609,0.0274995693270455,0,0.00151192828639794,0.00978446520640311,0.0242731632934853,0,0.588552562613029,0.046,0.811386975172236,0.673887097463472,0.00357005201507415,0.00434574894711803,1,0.886,2.77971596993413e-06,0.0475366466261664,0.323,0.4995,0.40709369040379,0.40709647011976,0.427871553568382,0.0207750834486221,0.5005
"Weak qualitative HTE",2000,24,0.45031320269542,0.405084360775175,0,-0.00769372682670828,-0.0244762083108485,-0.0341131317174278,0,0.562689377146849,0.366,0.832180600896364,0.551311028933296,0.0117622484502286,0.0117622484502286,0,0.77,-0.00125976236599265,0.0480890879933844,0.3215,0.515,0.405382516103647,0.404122753737654,0.425864758888029,0.0204822427843822,0.485
"Weak qualitative HTE",2000,25,0.00258951512203832,0.00189963145249075,1,0.0146903208461377,0.0117716046299376,0.0415042133893364,0,0.494971453401156,0.124,0.882888697647733,0.790102632433938,0.0096563035123079,0.0108411733197338,1,0.212,-0.000371257866218059,0.0482244881666001,0.3375,0.506,0.405804564465378,0.40543330659916,0.426808134348423,0.0210035698830454,0.494
"Weak qualitative HTE",2000,26,0.0493144846030225,0.137617257412657,1,0.000963817882462949,0.0262872044241727,-0.0252719386587474,0,0.563907527833191,0.114,0.844199736309445,0.74380429046904,0.00869784908438825,0.00976915845937293,1,0.57,-0.000822214161843678,0.048216498170709,0.3245,0.508,0.406764431198714,0.40594221703687,0.427519874456242,0.0207554432575279,0.492
"Weak qualitative HTE",2000,27,0.0239266528728549,0.0105974992238143,1,0.00419071724063414,-0.0323494036170603,0.0157021695272173,0,0.59567861178353,0.162,0.916181650373886,0.794765696323542,0.00372395273993942,0.00563773954896729,1,0.904,-9.31198283412178e-05,0.0469521163508703,0.322,0.494,0.406374596402408,0.406281476574067,0.426849853680387,0.0204752572779788,0.506
"Weak qualitative HTE",2000,28,0.00439263387654735,0.0025022451987139,1,0.00143252375235762,9.87129518444333e-05,-0.0053413292957894,0,0.579127495184418,0.08,0.734102787456445,0.555639268822135,0.0033459226466111,0.0033459226466111,0,0.278,0.00161147483816907,0.0486006225446093,0.3515,0.4885,0.407022362657339,0.408633837495508,0.429299584293863,0.0206657467983551,0.5115
"Weak qualitative HTE",2000,29,0.0986199114556009,0.0456029415137294,0,0.00698134818109518,-0.00272732062181663,0.0315677489891287,0,0.560352033438908,0.15,0.772070424555364,0.583046171140666,0.0132051214334535,0.0132051214334535,1,0.428,0.000344866351555348,0.0484100094137294,0.3395,0.494,0.406565105320857,0.406909971672412,0.428076354238172,0.0211663825657594,0.506
"Weak qualitative HTE",2000,30,5.20223828735031e-06,6.49513302887101e-07,1,0.0110888355349716,0.0106180761874914,0.0156639334328696,0,0.554307631480194,0.19,0.931369437980396,0.850925772701648,0.0184316848396359,0.0190838270315473,1,0.622,-0.00182916387472831,0.0483241295400386,0.325,0.514,0.405700897170077,0.403871733295348,0.426083412721577,0.0203825155515003,0.486
"Weak qualitative HTE",2000,31,0.00953659961153247,0.0482929265506458,1,-0.00743881763847285,-0.00394292634838342,-0.00854530764436751,0,0.558048775983426,0.244,0.873198529411763,0.825114782342248,0.0113544798651167,0.0113784836306908,0,0.498,-0.00105933852463191,0.0477375822853607,0.32,0.519,0.40493312729623,0.403873788771598,0.425309820952955,0.020376693656725,0.481
"Weak qualitative HTE",2000,32,0.172397636430875,0.113129128735446,0,0.0109945712839266,0.0214726252683264,-0.0061249266011475,0,0.532140224068966,0.412,0.970690690690691,0.921079935540585,0.00872551693359863,0.00872551693359863,1,0.81,-0.000726563405077713,0.0476024358364664,0.3225,0.501,0.407006548439211,0.406279985034133,0.427447434529725,0.0204408860905143,0.499
"Weak qualitative HTE",2000,33,0.0570120156858012,0.0355097187097545,0,-0.00141087695874399,-0.00446848924080962,-0.0152739665706929,0,0.548878921951239,0.336,0.621578984685196,0.395934737586776,0.00863310265085382,0.00863310265085382,1,0.678,0.000263994177910817,0.0482087996736666,0.337,0.492,0.406966953595221,0.407230947773132,0.428359174532302,0.02112822675917,0.508
"Weak qualitative HTE",2000,34,0.17497354402629,0.0862777483207357,0,0.0140376519043401,-0.00867302143082727,0.00311341968166023,0,0.545730324490186,0.418,0.666672922453268,0.529254167426171,-0.00195462008594471,0.00226830944188083,1,0.966,-0.000750639505978209,0.0485591407734579,0.334,0.5165,0.405022829007509,0.404272189501531,0.426110250083353,0.0210874210758436,0.4835
"Weak qualitative HTE",2000,35,0.0269311464897814,0.0386301052521741,1,0.0117873742134844,0.0346065464672417,0.0257127519199126,0,0.522368683485572,0.406,0.57435152057245,0.377148988128386,0.00591318070394525,0.00591318070394525,0,0.782,-0.000524251890828338,0.0485873681809708,0.3285,0.5075,0.405988303209587,0.405464051318758,0.42698162181639,0.0209933186068028,0.4925
"Weak qualitative HTE",2000,36,0.0014472690411739,0.000416496276368434,1,0.0287628700812959,0.0311540360704734,0.0470753468149752,0,0.49976233460773,0.254,0.848784032898468,0.659202694813704,0.01578141590119,0.0164319488602639,0,0.458,0.000615859021956343,0.0485037136816962,0.3405,0.4855,0.40757538661165,0.408191245633606,0.429217240875295,0.0210259952416891,0.5145
"Weak qualitative HTE",2000,37,0.0587509808331995,0.0389233073660631,0,0.0177615074879069,0.00812053411803221,0.0025447840601065,0,0.537720423136814,0.214,0.691181589988824,0.58063498884041,0.00259260106950254,0.00259260106950254,1,0.962,0.000544005050400525,0.0475918334811016,0.3265,0.4955,0.407282947070349,0.40782695212075,0.42834186832406,0.0205149162033108,0.5045
"Weak qualitative HTE",2000,38,0.0836608744274151,0.0430084716161144,0,0.0138150564950405,0.0113546117144259,0.0142241609868315,0,0.535124919641851,0.428,0.768238240418118,0.53626760950794,0.00115777543291434,0.00115777543291434,0,0.054,0.000266152456182175,0.0479108717109266,0.327,0.496,0.407345897858796,0.407612050314978,0.428439131969228,0.0208270816542503,0.504
"Weak qualitative HTE",2000,39,0.0642046424089226,0.0240078261455566,0,-0.010346846139187,0.0170465746328427,-0.0204755350873295,0,0.569373444352029,0.124,0.767867647058824,0.627325315882896,0.00917762431586938,0.010748195694933,1,0.68,-0.000416613375438822,0.0487858415091269,0.3385,0.5,0.406850823527206,0.406434210151767,0.42821241420972,0.0213615906825145,0.5
"Weak qualitative HTE",2000,40,0.15870407606382,0.0830707128268824,0,-0.000855070264055565,0.0183736567469283,-0.00257493168134021,0,0.538587534154375,0.28,0.847800925925925,0.757146260487835,0.0129129409502161,0.0129129409502161,1,0.738,-0.00083250424337742,0.0481982601935448,0.3295,0.519,0.406269870492451,0.405437366249074,0.427050380824363,0.0207805103319122,0.481
"Weak qualitative HTE",2000,41,0.473227481474657,0.715752065571623,0,0.00702915841068917,0.0352993730589491,0,0,0.502930854577511,0.506,0.92381006196907,0.84540465077855,0,0,0,0,6.63501561104631e-05,0.0479278310071962,0.3385,0.501,0.407362989359366,0.407429339515477,0.428568926666711,0.0211395871512342,0.499
"Weak qualitative HTE",2000,42,0.0321453050070469,0.00972448327892614,1,0.0059654231549733,0.0170974828918783,0.00356367949417563,0,0.521778738190924,0.51,0.705037975153664,0.573499545550004,0.00144982833590629,0.00144982833590629,0,0.036,-0.000527868883329957,0.0477674026093451,0.3205,0.501,0.40590277246975,0.40537490358642,0.426605558474589,0.0207027860048392,0.499
"Weak qualitative HTE",2000,43,0.440447620142631,0.539505277020151,0,0.0182157641648264,0.0574512560004695,0.070149080400543,0,0.490431239319481,0.284,0.682802060767144,0.429630612070975,0.00527049523151496,0.00527049523151496,0,0.442,1.54804795251664e-05,0.0481815101838316,0.339,0.5,0.406898309320018,0.406913789799543,0.428115231983636,0.0212014421840934,0.5
"Weak qualitative HTE",2000,44,0.644509636544161,0.889223135605042,0,0.0183680836543837,0.0416340891187241,0.00222188412579422,0,0.505371629387,0.478,0.657424769255975,0.581422391957459,-0.000454749506847874,-7.83985739205573e-05,1,0.896,-0.000471367576045911,0.0483460521088278,0.327,0.502,0.407021143237051,0.406549775661005,0.428054256559833,0.021033113322782,0.498
"Weak qualitative HTE",2000,45,0.0262016352862416,0.0302222366201953,1,0.0261024291571114,0.0157069449870079,0.0374198256975037,0,0.535645884514804,0.264,0.702065972222222,0.587632099996241,0.00368034505067616,0.00368034505067616,1,0.512,0.00251516988503344,0.0476845111417107,0.359,0.4745,0.408752599699062,0.411267769584095,0.430986649030319,0.019718879446224,0.5255
"Weak qualitative HTE",2000,46,0.483203784339753,0.757451708723811,0,-0.00313069345559943,-0.0233217262610847,-0.00387887155760014,0,0.616499316770688,0.162,0.925626413387608,0.866648560731164,0.000454900227520705,0.000503108171402089,0,0.008,-0.00121254209358739,0.0479445479960443,0.3245,0.5105,0.405014591555021,0.403802049461434,0.425492602565603,0.0204780110105817,0.4895
"Weak qualitative HTE",2000,47,0.0149983736384117,0.00476226350621686,1,0.0115144252788331,0.0239960306306684,0.0320729696261722,0,0.522491660192607,0.362,0.788132807363576,0.630991333759156,0.0119105769871982,0.0119105769871982,0,0.694,0.000803783497996721,0.0482290052289751,0.339,0.49,0.407166706242584,0.407970489740581,0.428764194850951,0.0207937051103699,0.51
"Weak qualitative HTE",2000,48,0.166915376702407,0.0976150452616023,0,-0.0233301312304747,0.0194817396870488,-0.0778945336590945,0,0.54008568861919,0.162,0.703048394391677,0.576368482794931,0.00895792848595994,0.011686654047044,1,0.308,-0.00106412957473509,0.0474961223046435,0.3185,0.51,0.405119688352133,0.404055558777398,0.425358803333067,0.0202391149809347,0.49
"Weak qualitative HTE",2000,49,0.189138023582556,0.218503827555586,0,0.0189990997004581,0.0126955201007998,-0.00641311590913002,0,0.624179092795941,0.06,0.793886876262949,0.720159159934616,0.00558822792870028,0.00558822792870028,0,0.126,0.000314782402635276,0.0478318044890622,0.337,0.508,0.406788719409005,0.40710350181164,0.427867449173136,0.0207639473614959,0.492
"Weak qualitative HTE",2000,50,0.776355193610353,1,0,0.00221121095753091,0.0293756018684911,-0.024858694524784,0,0.521099392717125,0.396,0.580063319764813,0.290494763587528,-0.00337862571362796,-0.00176666941472009,1,0.786,-0.000663528528255911,0.0489177444318966,0.3305,0.4985,0.40576305607253,0.405099527544274,0.426966368116611,0.0212033120440818,0.5015
"Weak qualitative HTE",2000,51,0.25483080019197,0.512078744958521,0,0.00298746710097957,-0.00573513453667547,0.0126579013227192,0,0.554566730696113,0.188,0.505082109207898,0.309971639523164,0.00292284929345538,0.00292284929345538,1,0.916,0.000582621698491155,0.0480080487936321,0.3335,0.498,0.406885192743283,0.407467814441774,0.428239079215901,0.0207712647741266,0.502
"Weak qualitative HTE",2000,52,0.00327723670883051,0.00143036671771831,1,0.017045343453528,-0.0148052384066329,0.0187479526547428,0,0.51315445049585,0.138,0.944250871080137,0.903536655166274,0.0137870628379705,0.0137870628379705,0,0.246,-0.000522115105180722,0.0483855461013955,0.3295,0.5005,0.406824549025507,0.406302433920326,0.427807875166987,0.0209833261414803,0.4995
"Weak qualitative HTE",2000,53,0.0673821846375219,0.0267086802376443,0,0.00225739654132713,0.0460454827632508,-0.0358849549814516,0,0.505347427149688,0.346,0.856395642450038,0.727755677791297,0.0103732540914369,0.0103732540914369,1,0.64,0.000252513815404336,0.048293281962477,0.3395,0.5015,0.407642537886045,0.407895051701449,0.429044496015028,0.0211494443135782,0.4985
"Weak qualitative HTE",2000,54,0.00352133348021191,0.00795858402992856,1,-0.00811731654953258,-0.0279389619354751,-0.00769700134814266,0,0.568043719152353,0.228,0.93914846851957,0.891110486298243,0.0126554753501709,0.0126554753501709,1,0.728,0.000104200160486493,0.0476764675507865,0.3325,0.498,0.406687007366712,0.406791207527198,0.427548633659724,0.0207574261325253,0.502
"Weak qualitative HTE",2000,55,0.105779915779253,0.228891922277108,0,0.00776895355379089,0.0220165564602935,0.00240701029353652,0,0.537552369492356,0.424,0.486600105097215,0.34213144977606,0.000253027215393054,0.000253027215393054,0,0.014,-0.00139994127621413,0.0475180138509572,0.318,0.514,0.405897427182501,0.404497485906287,0.426032257520351,0.0201348303378501,0.486
"Weak qualitative HTE",2000,56,0.0873078106889654,0.0854984456672784,0,0.0204102072093955,-0.00512867478213664,0.0235322022511145,0,0.558488673328588,0.094,0.877557704573269,0.81245964336645,0.0113089564325149,0.0113089564325149,1,0.748,-0.000863519795526814,0.0485979899563949,0.3255,0.5105,0.406756367637533,0.405892847842007,0.427671123813371,0.0209147561758377,0.4895
"Weak qualitative HTE",2000,57,0.00140566852866469,0.000343476015163649,1,0.0234198523484092,0.0247507853847041,0.0357009629351958,0,0.54207560304402,0.486,0.719403193926991,0.600716386338804,0.0120515585232701,0.0132489944513791,0,0.44,0.000847724532646997,0.0479777463263411,0.3455,0.5035,0.408223897524964,0.409071622057611,0.429840630017294,0.0207690079596822,0.4965
"Weak qualitative HTE",2000,58,0.261847457286377,0.429701179861327,0,0.0100841425548379,-0.00506043585394976,-0.0323903503429759,0,0.554794666599936,0.466,0.474099821746882,0.338897413487666,0.00144035544102489,0.00324918451434814,0,0.966,0.00197612446222075,0.0479808071780097,0.3445,0.478,0.408295920352262,0.410272044814482,0.430433576845591,0.0201615320311084,0.522
"Weak qualitative HTE",2000,59,0.395845590434857,0.47644628586061,0,-0.0092065639102049,-0.0160155773570152,-0.00219825501050475,0,0.549660886713827,0.486,0.522855133614627,0.332544150226624,0.000909372698823019,0.00199755949822444,1,0.96,-0.000235766165932822,0.0474039088127842,0.3255,0.4915,0.406546184287807,0.406310418121874,0.427166189545692,0.0206200052578844,0.5085
"Weak qualitative HTE",2000,60,0.00169510200889893,0.000763248364360631,1,0.0136872376377195,0.0173033280242311,0.00119747343215743,0,0.578413287238308,0.14,0.659574853007688,0.490461229161497,0.000436668341211199,0.00198316476763799,1,0.974,-0.00208226350343521,0.0483573690347029,0.329,0.5215,0.403921089524013,0.401838826020577,0.42426302674165,0.0203419372176371,0.4785
"Weak qualitative HTE",2000,61,0.318200514735183,0.408446483442551,0,0.00644337012552805,0.0365557034438515,0,0,0.509577240846078,0.516,0.723106617647061,0.705427076478571,-0.000361266553346284,0,1,1,-0.000720562332476749,0.0476516219058354,0.3255,0.5095,0.406666145367863,0.405945583035386,0.427202027320876,0.0205358819530129,0.4905
"Weak qualitative HTE",2000,62,0.0513408584197634,0.192165595990231,0,-0.0111732113117947,-0.0251898902072837,0.000602045186349209,0,0.661750114390371,0.028,0.635742838107929,0.520638747897841,0.00219143881317929,0.00219143881317929,1,0.446,0.00132597379523065,0.0476462701099839,0.334,0.4965,0.407516044647435,0.408842018442666,0.429016895849952,0.0201748774072858,0.5035
"Weak qualitative HTE",2000,63,0.0570667466384263,0.0260983230464365,0,0.0201305746195807,-0.0103450994111146,-0.00241444652024941,0,0.566838557983777,0.466,0.775190045897877,0.632398222452603,0.0114071845281481,0.0140652712999742,0,0.55,0.00195400018161105,0.0482780862692111,0.355,0.473,0.407823385293013,0.409777385474624,0.430106283399461,0.0203288979248366,0.527
"Weak qualitative HTE",2000,64,0.0524664258005519,0.0202433171628137,0,0.0147168787188715,0.0115906683808265,0.0222322648588739,0,0.546688323626666,0.19,0.650808281338627,0.506917499950452,0.00507917514494488,0.00518444931902795,1,0.37,0.000613047290939129,0.0470321399460286,0.329,0.497,0.407755589640779,0.408368636931718,0.428588003303937,0.0202193663722187,0.503
"Weak qualitative HTE",2000,65,0.75422760045805,1,0,0.0120485606662797,-0.00252444675580098,-0.00342758596535614,0,0.549705130604279,0.308,0.653881426336516,0.469783156986606,0.000855681962091626,0.000855681962091626,0,0.62,4.93834023731564e-05,0.0481930991698334,0.3395,0.5075,0.407041785822813,0.407091169225186,0.42834796510611,0.0212567958809232,0.4925
"Weak qualitative HTE",2000,66,0.0113373542109753,0.00346935945351604,1,0.02025108549973,0.0282837104186192,0.0440124691165251,0,0.49932936991857,0.31,0.858846809212333,0.767864601324461,0.0131043848061808,0.014482152247539,1,0.646,0.000393206523565386,0.0479012307762449,0.3325,0.496,0.406712457338915,0.40710566386248,0.427909724743752,0.0208040608812722,0.504
"Weak qualitative HTE",2000,67,0.440398799236359,0.825243439748409,0,0.00741757392097042,0.0101747980438123,0.00960960471131883,0,0.595189318670803,0.098,0.625232009333403,0.531636268967193,0.00134594977955127,0.00134594977955127,1,0.82,0.0016920268738381,0.0478545835026067,0.352,0.4995,0.408413713832616,0.410105740706454,0.430187231843481,0.0200814911370276,0.5005
"Weak qualitative HTE",2000,68,0.0145582759312104,0.0200705713000183,1,0.0145830507981112,0.0559816830351513,0.0385824317945395,0,0.482190493565668,0.12,0.657711021789719,0.425577081832097,0.00407896940410918,0.00407896940410918,0,0.2,0.000323934507809209,0.0483274644445943,0.3455,0.502,0.407336551757463,0.407660486265272,0.428769338083772,0.0211088518184999,0.498
"Weak qualitative HTE",2000,69,0.0700183069805979,0.0342272954692988,0,0.0198940437997578,0.016225497685382,0.038523703915296,0,0.523921278098222,0.362,0.747934027777776,0.525676414973631,0.0101288766854402,0.0101288766854402,1,0.696,0.000689077942600151,0.0474275138942508,0.3315,0.489,0.407061254914932,0.407750332857532,0.428065411871905,0.0203150790143723,0.511
"Weak qualitative HTE",2000,70,0.275081683663899,0.491835660623922,0,-0.0158961822525605,0.0184593529572901,-0.00236827663130212,0,0.596656518408358,0.118,0.664658525554048,0.384885628656417,0.000412341108765202,0.000412341108765202,0,0.112,0.000869348646567066,0.0478970526973498,0.337,0.494,0.406216836002158,0.407086184648725,0.427663402178417,0.0205772175296924,0.506
"Weak qualitative HTE",2000,71,0.431116501972107,0.536583625402439,0,-0.0163308429408206,-0.0403064447541402,-0.0335586785690302,0,0.648968240297999,0.082,0.477070606867506,0.346918934615766,-0.00428406161679357,-0.00176714876323386,0,0.19,0.000587589862760688,0.0477192512661572,0.3325,0.4965,0.407265520952062,0.407853110814823,0.42849195760156,0.0206388467867369,0.5035
"Weak qualitative HTE",2000,72,0.547721235757942,0.666611118167584,0,0.00670726307701426,-0.0226972155221048,0.0470606699029403,0,0.548723769741423,0.338,0.656558507549362,0.447441431152359,0.00655122693705251,0.00655122693705251,1,0.682,-0.00026601580709288,0.047784269292023,0.3295,0.4985,0.40634115590616,0.406075140099067,0.427214504506641,0.0208733486004807,0.5015
"Weak qualitative HTE",2000,73,0.206650980245578,0.169220653024552,0,-0.0278088731201915,0.019913648768781,-0.0866583963391064,0,0.538152420713503,0.064,0.697789661319072,0.675076573425069,0.00576554204691493,0.00576554204691493,1,0.344,0.000509378375361479,0.0485306325413253,0.342,0.4945,0.40752028351252,0.408029661887882,0.429175931653473,0.0211462697655915,0.5055
"Weak qualitative HTE",2000,74,2.21308234945467e-05,5.92252606356398e-05,1,0.012121801692301,0.0388932505626841,-0.000218130703277475,0,0.501004642805241,0.286,0.878821526389813,0.809250435987483,-6.59101712554566e-05,0.00025327951581211,1,0.996,-0.000527600715207872,0.047560056990489,0.318,0.5165,0.406155606834485,0.405628006119277,0.426623519352638,0.0204679125181534,0.4835
"Weak qualitative HTE",2000,75,0.0163162457747915,0.00919690642593234,1,0.0275805144551758,0.0465420610480612,0.0454772762533649,0,0.42046604160259,0.106,0.864156605485379,0.722691661094699,0.0154711510768138,0.0186405214021795,0,0.57,0.00325915155686494,0.048090866771025,0.3665,0.462,0.408026343739103,0.411285495295968,0.430962848878855,0.019677353582887,0.538
"Weak qualitative HTE",2000,76,0.933292871689324,1,0,0.00450540083766105,-0.0221653102973407,-0.0274090257791711,0,0.571110062412198,0.252,0.564169884169885,0.415632349179495,0.000932516990742982,0.00243758154700685,0,0.526,0.000280624322912791,0.0485005191045768,0.3425,0.4965,0.406642744343131,0.406923368666044,0.428156512803494,0.0212331441374502,0.5035
"Weak qualitative HTE",2000,77,0.0171304948210729,0.0600620283097061,1,0.00520802629509405,-0.0255511911557144,0.03216432433844,0,0.552068679424701,0.392,0.968212134251289,0.941612411573896,0.0110513224395455,0.0110513224395455,1,0.746,0.000973943970722335,0.0482665946040039,0.339,0.495,0.407016251862313,0.407990195833035,0.428719117791278,0.0207289219582427,0.505
"Weak qualitative HTE",2000,78,0.657855807151196,1,0,-0.00812513462408847,-0.0305588620038463,0.0017876283761345,0,0.623024750047619,0.088,0.571489377452069,0.344732614573641,-0.000723666229407893,-5.35369542956077e-05,1,0.998,-7.93288212438451e-05,0.0481954235853431,0.3395,0.5025,0.406849559252044,0.406770230430801,0.42799160272936,0.0211420434773152,0.4975
"Weak qualitative HTE",2000,79,0.242165036123206,0.342523734701928,0,-0.00872022273453547,0.0199756642303574,-0.0245357373345149,0,0.673259642312083,0.032,0.709841084204733,0.626211349751919,0.000848399175385872,0.000848399175385872,1,0.936,0.00270956146499427,0.0472967326591186,0.35,0.4755,0.408586884821319,0.411296446286313,0.430742029473251,0.019445583186938,0.5245
"Weak qualitative HTE",2000,80,0.377844182555803,0.630191373598525,0,0.00824230104324291,0.0256272533221046,0.0094675968813771,0,0.519490549746183,0.348,0.844069058423142,0.777905423627831,0.0101761791978444,0.011270648285545,0,0.398,0.000399598546430922,0.0478931918822746,0.3335,0.5055,0.407344204335968,0.407743802882399,0.428504799753345,0.0207609968709453,0.4945
"Weak qualitative HTE",2000,81,0.00250324964948193,0.000936449535364925,1,0.0164038511616596,0.0597015137915667,-0.00405849426805238,0,0.499457383663147,0.45,0.866530550514218,0.797037790362371,0.000253427291093511,0.000253427291093511,0,0.004,-0.00014902648968149,0.0475859556377884,0.3225,0.5025,0.406867598950813,0.406718572461131,0.427714977840515,0.0208473788897022,0.4975
"Weak qualitative HTE",2000,82,0.210521794279977,0.232300397429516,0,-0.0166927473917438,-0.00373895896617689,-0.0110520222966064,0,0.522152248551625,0.45,0.700366579558653,0.423498426319171,0.000685820722944597,0.000685820722944597,0,0.096,-0.000328949859381704,0.0486508155215213,0.34,0.506,0.405441860079176,0.405112910219794,0.426821538295792,0.0213796782166165,0.494
"Weak qualitative HTE",2000,83,0.237107995685964,0.457645341983404,0,0.00152352142619006,-0.00744144411513121,0.00508319676768126,0,0.555188665438911,0.268,0.629705453807706,0.393769590326558,0.00077206067685065,0.00402125146784493,1,0.88,-0.00120637703853025,0.0488237064680563,0.3345,0.5125,0.405636648413203,0.404430271374673,0.42671157008469,0.0210749216714871,0.4875
"Weak qualitative HTE",2000,84,0.141638123029869,0.189939672594109,0,-0.00244945928800214,-0.00138595673394349,-0.00857327531673241,0,0.538751009743664,0.496,0.631741250717154,0.414424851038457,0.00264333911555914,0.00264333911555914,1,0.196,0.00110411271587548,0.0472502934010534,0.3425,0.4905,0.407804965958368,0.408909078674243,0.429140832450586,0.0202317537763425,0.5095
"Weak qualitative HTE",2000,85,0.0365617301516718,0.0635701036189982,1,0.0172365207158438,-0.00825957554173639,-0.00380466548331715,0,0.563384325977641,0.464,0.774106579475705,0.539054319304149,0.00103613729920365,0.00103613729920365,0,0.028,-0.00245637652743032,0.0471875405616944,0.3115,0.5135,0.404372353586611,0.401915977059181,0.423800978922556,0.0194286253359447,0.4865
"Weak qualitative HTE",2000,86,0.0036933251330793,0.0223579802865812,1,0.00780150063998403,-0.0130282386044791,0.0337494776737918,0,0.551114968392852,0.292,0.805210172762193,0.587321718858446,0.0125278105942632,0.0132828131539447,1,0.592,0.00114635879663143,0.0473136173462075,0.3445,0.487,0.407101553086521,0.408247911883152,0.428505464074297,0.0202575521911451,0.513
"Weak qualitative HTE",2000,87,0.00191597823477503,0.000563428711344937,1,-0.00151277841506118,-0.0356497616615802,-0.0442577199547858,0,0.599551635460765,0.03,0.891404059348944,0.847718576381716,0.0088640423108739,0.0088640423108739,0,0.662,-0.0014490456111953,0.0472955267787059,0.311,0.5075,0.405358288817527,0.403909243206332,0.425365823885142,0.020007535067615,0.4925
"Weak qualitative HTE",2000,88,0.109102889055869,0.133819388275387,0,0.019317919992102,0.00616356003387358,0.0284075735159143,0,0.540377772746082,0.388,0.89686980460859,0.836520751091917,0.0135965153002332,0.0135965153002332,1,0.7,0.00149294734005355,0.0479214528214576,0.342,0.4975,0.407319986021355,0.408812933361409,0.429054822324529,0.0202418889631203,0.5025
"Weak qualitative HTE",2000,89,0.000116492918155812,1.85624414304694e-05,1,0.0139396127832976,0.0399649638352976,-0.00878358653791533,0,0.489464871778643,0.182,0.945706028075972,0.881079006552278,0.0163686871906238,0.0208870877788987,1,0.396,-0.000656617677167969,0.0470295976653212,0.3205,0.512,0.405969493664217,0.405312875987049,0.426158988134367,0.0201894944701493,0.488
"Weak qualitative HTE",2000,90,0.250926582157492,0.193337140625546,0,0.00258391120874069,0.0239486485835133,-0.010788665352131,0,0.619592536367403,0.076,0.881735677821894,0.804354332069719,0.00866836302101631,0.00866836302101631,0,0.162,0.000125166663704952,0.0485318983345856,0.3325,0.5065,0.408200962627524,0.408326129291229,0.429611220005769,0.0212850907145401,0.4935
"Weak qualitative HTE",2000,91,0.0955171756539815,0.215075906689449,0,-0.00217552627553815,-0.0341698404587189,0.00953780893109824,0,0.563167448088889,0.03,0.80986724646904,0.661066675894566,0.00164082725548675,0.00285034644484822,0,0.05,0.00096852693387073,0.0481372323116043,0.337,0.482,0.407439744904271,0.408408271838141,0.429031147749685,0.020622875911544,0.518
"Weak qualitative HTE",2000,92,0.0839962061819239,0.0391468000058348,0,0.0252040671873702,0.0349835873959371,0.0591824833000978,0,0.458865722300432,0.164,0.900050470770464,0.776784203051296,0.0119945808717672,0.0146417515940722,0,0.318,0.000496436374726717,0.0479261413731249,0.333,0.501,0.407928232153666,0.408424668528393,0.429180902734666,0.0207562342062728,0.499
"Weak qualitative HTE",2000,93,0.322896540297774,0.189887468654911,0,0.014626559774643,0.0268812018554424,0.00620898851186391,0,0.580225234275321,0.022,0.695972222222222,0.567247059576878,-0.000204037128425205,0.0010208444285017,0,0.036,0.000776087748764683,0.0476631140539577,0.34,0.4945,0.407443349296584,0.408219437045348,0.428812528908259,0.0205930918629103,0.5055
"Weak qualitative HTE",2000,94,0.422553838845972,0.657506434655815,0,-0.00531819411872177,0.00324687993369334,0.0330855546223724,0,0.493252602350026,0.098,0.77248263888889,0.65630769668291,0.0040324467662618,0.00671895357070912,0,0.164,0.000319973118259461,0.0482768704993077,0.3335,0.4875,0.407209669829566,0.407529642947825,0.428576354776711,0.0210467118288859,0.5125
"Weak qualitative HTE",2000,95,0.120766094509,0.160000898115343,0,0.0016559185092168,-0.0173993007491665,0.0209923725168116,0,0.602286957868388,0.042,0.700985979194935,0.584190385783734,0.00892380693972372,0.0090779399897612,1,0.684,0.000281649570033453,0.0482368989912706,0.341,0.4925,0.406902819473514,0.407184469043547,0.42827489031037,0.0210904212668233,0.5075
"Weak qualitative HTE",2000,96,0.641246777431871,0.913471433971279,0,0.000903840565757595,0.0160553462954881,0.0141926359577602,0,0.507396916593074,0.512,0.767701359302089,0.455747441205738,0.00159918649334734,0.00159918649334734,1,0.966,0.000472468273951874,0.0473697019361367,0.33,0.499,0.406437553081463,0.406910021355415,0.427449166800307,0.0205391454448924,0.501
"Weak qualitative HTE",2000,97,0.0199612050697188,0.0185654406156611,1,0.0305794659149797,0.0546422506981497,0.00783333994708818,0,0.498160501037428,0.338,0.728570363744782,0.422962287686514,0.00173028425702321,0.00173028425702321,0,0.074,0.000736195529270961,0.0479455541031096,0.333,0.491,0.406879018924433,0.407615214453704,0.428302773720805,0.0206875592671019,0.509
"Weak qualitative HTE",2000,98,0.947219823911422,1,0,-0.00622753340740804,-0.0408925886267014,-0.0656661659100813,0,0.601840088661341,0.222,0.513221793221794,0.434192698044967,-0.00116989034476433,0.00413563724928612,0,0.536,0.000555501502463138,0.0477023898364302,0.3345,0.4875,0.407955181841904,0.408510683344367,0.429163325238825,0.0206526418944583,0.5125
"Weak qualitative HTE",2000,99,0.385544639668161,0.253908988628436,0,0.00392365595670459,-0.00065048087676179,0.0175507113310037,0,0.559306286996582,0.116,0.845862017913984,0.784545509430449,0.0104695539577135,0.010479656495437,1,0.224,2.66656640981438e-05,0.0481165904699104,0.3315,0.505,0.406077805552095,0.406104471216193,0.427160886843493,0.0210564156272999,0.495
"Weak qualitative HTE",2000,100,0.269517095767904,0.400315649925932,0,0.00138411277457417,0.0171161101479289,0.0127557131857814,0,0.531902387214156,0.326,0.883823032759204,0.818509254436769,0.00826014649445,0.00991996823021601,0,0.634,0.0010092990824014,0.0478389008854272,0.3385,0.5025,0.407580254641359,0.40858955372376,0.429087812697296,0.0204982589735355,0.4975
"Weak qualitative HTE",2000,101,0.0658604490435484,0.0467402697090572,0,-0.000552020594681262,0.0173119547315534,-0.00528014207707972,0,0.529051384405035,0.312,0.931561968235961,0.857070647557487,-7.59317245211943e-05,9.63678863656892e-05,1,0.996,-0.00109883604227513,0.048773304820393,0.332,0.509,0.406314079302044,0.405215243259769,0.427294168848574,0.0209800895465302,0.491
"Weak qualitative HTE",2000,102,0.22096535639118,0.108345684056165,0,0.00937763026652841,-0.000964828844454811,0,0,0.543440030546993,0.478,0.794177806998319,0.566119838301716,0,0,1,1,-0.000292694287687618,0.0476696284336759,0.324,0.495,0.406144730946286,0.405852036658599,0.42687028587934,0.0207255549330536,0.505
"Weak qualitative HTE",2000,103,0.058321652251954,0.0459100545982229,0,0.0104717997291121,0.0424713513160807,-0.0271697249515768,0,0.530509954610562,0.17,0.839617471849534,0.644581530259528,0.0156934321908105,0.0156934321908105,1,0.442,2.8040020041698e-05,0.0482061364557152,0.334,0.498,0.407620937401732,0.407648977421774,0.428836779384812,0.021187801963038,0.502
"Weak qualitative HTE",2000,104,0.619078927909503,0.912522497172353,0,-0.0151214443301508,0.0115703127744121,-0.00562881339897292,0,0.512602827211043,0.51,0.619530323120944,0.422764790265545,0.00136350897275539,0.00136350897275539,1,0.972,0.0009998941029298,0.048318340035683,0.3415,0.4905,0.407399012203296,0.408398906306226,0.429126695484383,0.0207277891781569,0.5095
"Weak qualitative HTE",2000,105,0.323076842371127,0.204199049799407,0,-0.0289311831912192,-0.0252458287739407,0.00301970328951728,0,0.524377378917468,0.454,0.62078697421981,0.532343879203032,-0.000556055382725462,1.20794462496465e-05,1,0.99,0.00094409150220106,0.0481058867206832,0.3465,0.4895,0.407844462502534,0.408788554004735,0.429585398930879,0.0207968449261438,0.5105
"Weak qualitative HTE",2000,106,0.600478475269976,0.833957748946487,0,-0.0034176494338382,-0.0156064511283173,-0.000595177137772185,0,0.689451311713431,0.044,0.63699494949495,0.456674499741283,0.000880143242738218,0.000880143242738218,1,0.822,-0.000673134559962245,0.0484110023118139,0.33,0.504,0.406485990251981,0.405812855692018,0.427429720120912,0.0209437298689311,0.496
"Weak qualitative HTE",2000,107,0.114484206772544,0.0649665186093063,0,-0.0106737859368969,0.00194755670969956,-0.0187391293311606,0,0.593695744667899,0.038,0.859200649218908,0.781777077358399,0.00830644954767185,0.0105306273647813,1,0.674,-0.000610097828447698,0.0481170047421382,0.326,0.5095,0.407284106136894,0.406674008308446,0.428143036064272,0.0208589299273781,0.4905
"Weak qualitative HTE",2000,108,0.000164465325331803,0.000153776324326932,1,0.0172335897003472,0.0418565271506242,0.0158766442284942,0,0.534022643554049,0.054,0.920499108734403,0.88357084410203,0.0141548463916096,0.0141548463916096,1,0.678,0.000244020976947995,0.048249293876584,0.33,0.4965,0.406223389898888,0.406467410875836,0.427573923883377,0.0211065130075411,0.5035
"Weak qualitative HTE",2000,109,0.115573529069138,0.196650221793375,0,-0.00086620398338298,-0.0239801382905444,-0.0329154864262141,0,0.572148023790385,0.284,0.766296457607433,0.501603782865379,0.0118738490565733,0.0142876209156152,0,0.598,0.00204193997992501,0.0480798913746854,0.346,0.482,0.408667163206173,0.410709103186098,0.430858391545737,0.020149288359639,0.518
"Weak qualitative HTE",2000,110,0.0332397486600958,0.0144250258760821,1,0.0164719463933186,0.00244310891439022,0.0488276630700084,0,0.521492102686156,0.138,0.797486108863355,0.751945102882454,0.00592344640166098,0.00592344640166098,1,0.276,0.000981198279124373,0.0480322070355419,0.346,0.5045,0.40764159853944,0.408622796818564,0.429338462459657,0.0207156656410928,0.4955
"Weak qualitative HTE",2000,111,0.2874500542002,0.235127032134126,0,-0.014723008463266,-0.0215131472049091,7.24366424734169e-05,0,0.590872972253872,0.098,0.872250581788154,0.767504254094015,0.010425433796911,0.0133953099901146,1,0.246,0.000231880140503049,0.0477212510850295,0.321,0.489,0.407354978805429,0.407586858945932,0.428283862565219,0.0206970036192873,0.511
"Weak qualitative HTE",2000,112,0.0334330410821852,0.124963864961867,1,0.00810426475030452,-0.00450772391278694,-0.0245330579919829,0,0.575419699636557,0.238,0.68871266476057,0.465805978226163,0.00464489119520739,0.00602349139033376,0,0.5,-0.00072213513248626,0.0477374034974951,0.32,0.4955,0.406077562380953,0.405355427248467,0.426748298085056,0.0206707357041031,0.5045
"Weak qualitative HTE",2000,113,0.081419849829222,0.0551961729987897,0,0.0184384669584962,0.0206422127438998,0.0287420110881029,0,0.455445771993451,0.06,0.915079323433209,0.863115915087664,0.0026248693798292,0.00435039609383059,0,0.096,0.00135511676959214,0.0483541038259775,0.346,0.488,0.408213747767391,0.409568864536983,0.430163699608383,0.0205948350713999,0.512
"Weak qualitative HTE",2000,114,0.058381717873838,0.114107272506048,0,0.00775255751283085,-0.00676476358698206,0.0165133006368767,0,0.558703944520467,0.294,0.570847362514029,0.402901496634386,0.0038532670503128,0.0038532670503128,1,0.602,0.000914844151027029,0.0470637601282574,0.334,0.4985,0.408091424138585,0.409006268289612,0.429100629382418,0.0200943610928061,0.5015
"Weak qualitative HTE",2000,115,0.00612197456017995,0.00526999714125798,1,0.00553424429875662,0.0289193372896345,0.000674185608936229,0,0.65086056713364,0.062,0.774580866485919,0.496059236025246,0.00604746814838281,0.00719346215570826,1,0.886,-0.00188972074002617,0.0481685502078553,0.3145,0.5115,0.405584502348861,0.403694781608835,0.425826706696858,0.020242204347997,0.4885
"Weak qualitative HTE",2000,116,0.14561034222473,0.0877419968507516,0,0.00625381457032235,0.00708766046725587,-0.00417041411467362,0,0.538151211579771,0.462,0.772084091368506,0.678632880309921,0.00153387379796255,0.00153387379796255,1,0.924,0.000915570551350855,0.04869481391141,0.3445,0.494,0.409202155854586,0.410117726405937,0.431176951954626,0.0210592255486887,0.506
"Weak qualitative HTE",2000,117,0.00387023579833792,0.0099402099385451,1,0.00201836501408292,0.0305171037563961,-0.0442360211006698,0,0.552444052892326,0.1,0.783145919270687,0.509223509375848,0.00407877743349805,0.00495789521634743,1,0.188,0.000530588379987448,0.0472728711946922,0.332,0.499,0.406972598320526,0.407503186700514,0.427871291503166,0.020368104802652,0.501
"Weak qualitative HTE",2000,118,0.00046022906229108,0.00130827316716147,1,0.026259966798952,0.0366634177235634,0.0234027944597439,0,0.566330640751766,0.046,0.824291394125945,0.530598323758672,0.00587036564108967,0.00627267274002813,1,0.812,-0.000878260027907523,0.0471003554898395,0.3185,0.507,0.40609736730394,0.405219107276033,0.426193352724923,0.0200959854209825,0.493
"Weak qualitative HTE",2000,119,0.0907050752026834,0.0684023632393857,0,0.0102064537207505,0.00155750308738128,0.00887036189198731,0,0.550025326561948,0.372,0.979601748421563,0.954808256657937,0.00425459520965221,0.00649255463474713,1,0.76,-0.000509909102277962,0.0475889500043177,0.3135,0.504,0.407190875529525,0.406680966427247,0.427687217556145,0.02049634202662,0.496
"Weak qualitative HTE",2000,120,0.0159322265614785,0.0392471607665323,1,-0.0148149300106773,0.0238773911733027,-0.0109407138097541,0,0.49677928218056,0.54,0.633071008593396,0.257891411914554,-0.000220858958907333,-0.000220858958907333,0,0.07,-0.00105937070691294,0.0482009495350281,0.326,0.5105,0.405578271613452,0.404518900906539,0.42623067299794,0.0206524013844883,0.4895
"Weak qualitative HTE",2000,121,0.0713041839405501,0.0407093895587327,0,0.0125922448540826,0.0146945959033805,0.0245125918594826,0,0.555947088395685,0.11,0.854870921050219,0.711165113506355,0.0157720301093544,0.0157720301093544,0,0.628,-0.00233601813205193,0.0479108592650743,0.3175,0.521,0.405048511291684,0.402712493159633,0.425060288183459,0.0200117768917747,0.479
"Weak qualitative HTE",2000,122,0.33007794048747,0.206586988418095,0,-0.016266827327526,-0.0135953521841068,-0.0233620237784598,0,0.584386966477975,0.214,0.707139818491209,0.64006464248879,0.00907474468486252,0.0126603035572995,0,0.456,0.000981455603737981,0.0480576332826225,0.3405,0.487,0.40716133659711,0.408142792200848,0.428743277556303,0.0206004853554546,0.513
"Weak qualitative HTE",2000,123,0.270532507285598,0.254940007720208,0,0.0213034259997868,-0.00325929149167495,0.0431798002483467,0,0.552688197225397,0.324,0.709974632166413,0.605245602071358,0.00416715420146957,0.00934469356617895,1,0.658,-0.00173959152120952,0.047984581558131,0.317,0.5195,0.405089856854592,0.403350265333383,0.425328626054446,0.0202387691998535,0.4805
"Weak qualitative HTE",2000,124,0.00904346885665181,0.00358918051019935,1,0.021003579718333,0.0607639967680016,-0.0215777367049864,0,0.491578974470909,0.232,0.863422459893048,0.810808295272593,0.013357865829603,0.013357865829603,1,0.418,0.00113378232211732,0.0476783048402596,0.3305,0.4845,0.4077627301959,0.408896512518017,0.429107650724559,0.0202111382065419,0.5155
"Weak qualitative HTE",2000,125,0.000175668801190602,3.25168608911098e-05,1,0.0238992192711973,0.00136048401357113,0.0203882690194612,0,0.617881255564804,0.038,0.933361773227394,0.865885971869411,0.019666596179312,0.0198796101718163,0,0.524,0.000352298625510719,0.0478434407803967,0.3365,0.4855,0.40811388650818,0.40846618513369,0.429289651225106,0.0208234660914155,0.5145
"Weak qualitative HTE",2000,126,0.0295172010313396,0.0113771943852298,1,0.0139386405658292,0.0234063328028733,0.000282735134501999,0,0.52679434673938,0.506,0.875808823529414,0.778734696167055,0.00237712966831222,0.00237712966831222,0,0.034,-0.000596207435154038,0.0475545089255341,0.3245,0.5155,0.406616654966002,0.406020447530847,0.427113566554107,0.0204969115881052,0.4845
"Weak qualitative HTE",2000,127,0.0373628308502597,0.012935940683102,1,0.00424111456008042,0.0268403840941702,0.0088316778530303,0,0.581444149706741,0.024,0.880647619047619,0.809315117921761,0.00293158900399554,0.00293158900399554,0,0.04,0.00175214614624167,0.0475377294240642,0.331,0.4805,0.407684008590757,0.409436154736998,0.429333865355382,0.0198977106183842,0.5195
"Weak qualitative HTE",2000,128,0.00471393565563304,0.01249030855431,1,0.0186953791802656,0.0406592092145534,0.0369822459692108,0,0.485773577336549,0.088,0.712301691416976,0.574301393708339,0.00449261508866522,0.00659505630301244,0,0.144,-0.000824851008185824,0.0481370668839102,0.326,0.509,0.40670616761778,0.405881316609594,0.427474770117094,0.0207686024993135,0.491
"Weak qualitative HTE",2000,129,0.0101085832369065,0.00544943182593336,1,0.0172105816004358,0.0541889211715809,-0.02078167968239,0,0.502120397898404,0.322,0.915583098175915,0.841784475686441,0.0151800444083769,0.0160762359783961,1,0.59,-6.0119859237008e-05,0.047589620171898,0.3355,0.51,0.40623723443781,0.406177114578573,0.427137170277292,0.0208999358394813,0.49
"Weak qualitative HTE",2000,130,0.0142623046385334,0.00391838047451254,1,0.019030091221216,0.0370652447596244,0.00285121846022707,0,0.523770699876558,0.51,0.74486153846154,0.618815538060852,0.0027391518125896,0.0027391518125896,0,0.058,-7.2371595455591e-05,0.0491003964867195,0.3435,0.4995,0.407192505708858,0.407120134113402,0.428949628269568,0.0217571225607103,0.5005
"Weak qualitative HTE",2000,131,0.497273675988004,0.73956337660292,0,-0.00398865740827431,0.0536093689308423,0.00105309957619992,0,0.479974130179048,0.532,0.762320001456373,0.221177787276239,-0.00250058252969859,-0.00116878913995982,1,0.954,0.000572303192280675,0.0480690763761415,0.341,0.491,0.40744567016017,0.408017973352451,0.428938293383155,0.0209203200307041,0.509
"Weak qualitative HTE",2000,132,0.00277847825954124,0.00509504641403996,1,-0.000478681293719487,-0.0245053734562263,0.0296517752417511,0,0.637946558059862,0.068,0.76411001147447,0.661691742895259,0.00989400114566685,0.00989400114566685,1,0.452,0.000176445116039611,0.0478074376279778,0.334,0.5015,0.407325458472086,0.407501903588125,0.428436040922167,0.0209341373340416,0.4985
"Weak qualitative HTE",2000,133,0.196568735516341,0.110211359605213,0,0.0176478243714243,-0.0144969552498149,-0.00827308619615608,0,0.55732499580842,0.446,0.746572973366588,0.546598840300433,-0.000693677002155502,-0.000208049052163706,0,0.014,-0.00057534437615792,0.0479729459714476,0.3255,0.5045,0.406318013257999,0.405742668881841,0.42706010012554,0.0207420868675409,0.4955
"Weak qualitative HTE",2000,134,0.142797465277569,0.112824697447116,0,0.0224755202337702,0.0885548239207187,0.00399627876412412,0,0.458493041418382,0.558,0.654775646310851,0.518885529963755,0.000238718352986833,0.000238718352986833,0,0.004,-0.000172859579314669,0.0478233640824228,0.321,0.4995,0.406830774452575,0.406657914873261,0.427651908657727,0.0208211342051518,0.5005
"Weak qualitative HTE",2000,135,0.2913984860653,0.174089101726142,0,0.0138403209762029,0.0210121368991624,-0.00234924975119694,0,0.537947608084077,0.492,0.569767441860465,0.280418495073855,-0.00227994621745786,-0.000862121351877965,1,0.986,-0.000726946148517565,0.0479719672647829,0.327,0.517,0.40532057088413,0.404593624735612,0.426082134434263,0.0207615635501333,0.483
"Weak qualitative HTE",2000,136,0.235292924958635,0.33937262048582,0,-0.000583097907044628,-0.00560806945054197,-0.0277000243118469,0,0.548901827040394,0.452,0.583712014960261,0.259732021810882,-0.00352341372656795,-0.00352341372656795,0,0.9,-0.000653027154219561,0.0476256132466782,0.327,0.5085,0.406053933470106,0.405400906315887,0.426685309272616,0.02063137580251,0.4915
"Weak qualitative HTE",2000,137,0.298724554134889,0.517302889980615,0,-0.00143727780802925,-0.0499833671742264,0.00107326741308716,0,0.580302593540809,0.456,0.712709181365896,0.537557312562992,0.000591949886756982,0.0015025067150406,0,0.034,-0.000467631504258614,0.0480397989703879,0.3255,0.508,0.406790508444122,0.406322876939864,0.427671387901187,0.0208808794570648,0.492
"Weak qualitative HTE",2000,138,0.0507616219194795,0.0555712813580532,0,0.0148715341105175,0.032043887287025,-0.0169672795812897,0,0.522525074690527,0.198,0.985861277666742,0.967693429812693,0.0135754681313545,0.0142753633379574,1,0.49,0.0019890914647585,0.0480870934714378,0.3425,0.4785,0.407632499304239,0.409621590768998,0.429786388098597,0.0201647973295988,0.5215
"Weak qualitative HTE",2000,139,0.00763547162654788,0.00347871068262667,1,0.0118249894847152,0.00974889015143092,0.0237793460638223,0,0.497546572903775,0.038,0.658480792498488,0.357546880341004,0.0113914709752697,0.0113914709752697,0,0.702,-0.00141318406769057,0.0470666952014864,0.315,0.514,0.405474401345102,0.404061217277412,0.425308719642226,0.0198343182971236,0.486
"Weak qualitative HTE",2000,140,0.148455084379863,0.0700634030947153,0,0.00997844710813603,-0.0538772996425113,-0.0209484045901656,0,0.619428015163803,0.108,0.962230802230803,0.955279941642123,0.0109743595920008,0.0134158653441466,0,0.238,0.00143251104793347,0.0488247949472808,0.3535,0.4825,0.407935627944403,0.409368138992336,0.430304576939728,0.0209364379473918,0.5175
"Weak qualitative HTE",2000,141,0.507551472533256,0.822574441968983,0,0.0216563014717908,0.0467345141757405,0.0540754901024292,0,0.504505823854947,0.42,0.50865849969752,0.400053268477326,-0.0057991178902636,-0.0057991178902636,0,0.782,0.0002877079134609,0.0478394578824231,0.326,0.4985,0.406681774290139,0.4069694822036,0.427708268589513,0.020738786385913,0.5015
"Weak qualitative HTE",2000,142,0.0196717254531509,0.00783467162234158,1,0.00692088805174445,-0.0129593293192683,0.0047267855593624,0,0.562570500071507,0.442,0.682829278983126,0.594949033124652,6.06086550970497e-05,0.00078038853322765,1,0.93,0.00152382210521521,0.0486262347454176,0.3475,0.4805,0.408285997198092,0.409809819303307,0.430423854685077,0.0206140353817701,0.5195
"Weak qualitative HTE",2000,143,0.113002232765124,0.168385323561673,0,0.0185616493742894,-0.0170298920151503,0.00884706597862189,0,0.543360436476089,0.2,0.766637446124626,0.497900288730763,0.00278277557649692,0.00278277557649692,0,0.388,-0.00157641837474284,0.047899443244882,0.318,0.5215,0.406040089212036,0.404463670837293,0.426337016531509,0.020296927319473,0.4785
"Weak qualitative HTE",2000,144,0.0116140174636673,0.0504209840154288,1,0.0120692751356493,0.0260545009800808,-0.0237928003031672,0,0.543405008393741,0.378,0.696699517867273,0.448549809511223,0.00955519726308801,0.0110303211817425,1,0.758,-0.000996188321576595,0.0483908219713001,0.33,0.51,0.406008500292212,0.405012311970636,0.426793471880202,0.0207849715879896,0.49
"Weak qualitative HTE",2000,145,0.556328554391724,0.558007433461659,0,0.00391897340183883,0.0065633413424043,0.00743507712695918,0,0.554520490072493,0.146,0.677586617563532,0.53397674570394,0.00713738944038456,0.00713738944038456,1,0.326,-0.00118299651855823,0.0483697449768637,0.3215,0.508,0.404979067515713,0.403796070997155,0.425661538000168,0.0206824704844549,0.492
"Weak qualitative HTE",2000,146,0.666587815037048,1,0,-0.0160169480987112,0.00988854947903879,-0.0545383728173716,0,0.527257390109763,0.112,0.649942655331233,0.52895431050752,0.00460671149208819,0.00521943365845173,1,0.408,0.00033491443168215,0.048523226501821,0.3395,0.498,0.407280405856561,0.407615320288243,0.428819265031088,0.0212039447428456,0.502
"Weak qualitative HTE",2000,147,0.00334432581127091,0.00207594234716768,1,0.0193733642839155,0.0342317634650484,0.0232089620619614,0,0.509523837039381,0.37,0.757754010695187,0.663007409673705,0.011913062365888,0.011913062365888,1,0.724,0.00250654783790839,0.0481163160915917,0.344,0.481,0.409264630613257,0.411771178451166,0.431620862847884,0.0198496843967189,0.519
"Weak qualitative HTE",2000,148,0.506955308066066,0.844125691172472,0,-0.0157498380585485,-0.013375311729065,-0.00978385996490827,0,0.540579595944253,0.454,0.733379223312108,0.497624935662952,0.00124580003099589,0.00124580003099589,0,0.058,-0.000814037910412491,0.0473044995503541,0.321,0.505,0.405880178049454,0.405066140139042,0.4262509287176,0.0203707506681456,0.495
"Weak qualitative HTE",2000,149,0.0522481267090166,0.0945051055213196,0,0.0152696428904115,0.0358091793640082,-0.0127094755255899,0,0.617881255564804,0.038,0.62681081468732,0.393006921141162,0.00312898755584251,0.00312898755584251,1,0.348,0.000227756238229573,0.0482001990048935,0.33,0.4965,0.407091941655852,0.407319697894081,0.428347438227555,0.0210277403334738,0.5035
"Weak qualitative HTE",2000,150,0.0593889091958977,0.101870467688767,0,0.00963380656358257,-0.0342186404778736,-0.00604174264470747,0,0.58042055632818,0.448,0.542971113127647,0.408925420339457,-0.00553562772479232,-0.000207276041644444,1,0.982,-0.000802633192977336,0.0483913778112117,0.341,0.5075,0.406487812896997,0.40568517970402,0.42746554921102,0.020977736314023,0.4925
"Weak qualitative HTE",2000,151,0.0162078406774257,0.00410297748292546,1,0.0133859233467482,0.0126394013745078,0.0124244026975497,0,0.528158710383306,0.362,0.85660722924874,0.78468716662016,0.0106634098487788,0.0126612736441679,0,0.702,-0.000930161344635023,0.0481605214494988,0.327,0.512,0.406724402775077,0.405794241430442,0.427431341985564,0.0207069392104879,0.488
"Weak qualitative HTE",2000,152,0.154430308056712,0.109616897245051,0,-0.000930767487066902,-0.0315827660051536,0.00118105165294774,0,0.624021937091103,0.048,0.898105126293046,0.732493095076284,0.00383751106434643,0.00641387592849357,1,0.798,-0.000413115663404597,0.0471239674679176,0.3175,0.501,0.406748030140813,0.406334914477408,0.427163142966922,0.0204151128261086,0.499
"Weak qualitative HTE",2000,153,0.0771703727196052,0.074318537836608,0,-0.00487824454715583,0.00770291345101739,0.00295684998242685,0,0.588323003419808,0.084,0.95991787685295,0.88358603489793,0.00932986648650852,0.00932986648650852,0,0.168,-0.000951845132044627,0.0482018201619588,0.332,0.5115,0.40664816968604,0.405696324553995,0.427407550626228,0.0207593809401884,0.4885
"Weak qualitative HTE",2000,154,0.60964113012614,0.732838281282187,0,-0.00478426427914633,-0.0216299885600716,0.00683581856934984,0,0.555760950924625,0.428,0.552802156829004,0.338336864201352,0.00178323087308441,0.00644681575724926,1,0.886,-0.00152921881448396,0.0484264904222524,0.3215,0.5225,0.406812038788174,0.40528281997369,0.427383063599122,0.0205710248109481,0.4775
"Weak qualitative HTE",2000,155,0.184292723261351,0.0984648673102562,0,0.00155523187007704,-0.0418020130809743,0.000534228352044697,0,0.612939873795738,0.032,0.927364438839848,0.890726837257494,-0.00253232812748577,0.00448422591071063,0,0.06,0.00158580862377787,0.0480383284435974,0.337,0.484,0.407471286861403,0.409057095485181,0.429325946026656,0.0202688505414753,0.516
"Weak qualitative HTE",2000,156,0.746595515610794,0.895468302681224,0,0.00614344389936153,0.0853776198928151,0.0756748218232907,0,0.488598102827862,0.286,0.854682321415978,0.789298972283414,0.015139684981314,0.0158945533871933,0,0.508,0.000691349736056578,0.0478337670487893,0.3415,0.4795,0.407092801730952,0.407784151467008,0.42850858166286,0.0207244301958512,0.5205
"Weak qualitative HTE",2000,157,0.0276020023537995,0.0089248382591192,1,-0.000131780120209391,0.0133623102659997,-0.00885706254909524,0,0.550479236350952,0.152,0.947182856356631,0.92580475812438,0.0129695904364637,0.0129695904364637,1,0.666,0.000922643638876977,0.048388738642412,0.347,0.5025,0.407865806528647,0.408788450167524,0.429700346605412,0.0209118964378877,0.4975
"Weak qualitative HTE",2000,158,0.0302256692857873,0.0408418988619657,1,0.0107865571385682,0.00133882137005245,0.0436859781844585,0,0.519443694423352,0.124,0.810485861363797,0.7597529110192,0.0103222974325345,0.0103222974325345,1,0.222,0.00135620567310072,0.04844887200994,0.347,0.4845,0.407684459344916,0.409040665018017,0.429780916508095,0.0207402514900779,0.5155
"Weak qualitative HTE",2000,159,0.230577710531775,0.41580428990226,0,-0.000568490272571193,-0.0163705459517867,0.00882866923396403,0,0.553800610750733,0.194,0.631818098536067,0.581377129379162,0.00896018596691939,0.0105534635861348,0,0.384,0.000893112085971365,0.0478787357622868,0.3285,0.4885,0.407452023284037,0.408345135370008,0.428793420519773,0.0204482851497642,0.5115
"Weak qualitative HTE",2000,160,0.0223265479958189,0.0224731244284681,1,0.0186113377089392,-0.00102328937638344,0.00951401146724923,0,0.555647212282758,0.062,0.895404411764707,0.814515504101803,0.0108743642168802,0.0108743642168802,0,0.322,-0.00229905399034472,0.0480476210182404,0.3145,0.522,0.405118666016583,0.402819612026238,0.425106476547481,0.0199878105308977,0.478
"Weak qualitative HTE",2000,161,0.0544922920167297,0.194136770346474,0,-0.000786421183008497,0.0249139734854312,0.0381949000147016,0,0.520880862237968,0.222,0.758391771856008,0.697703579476041,0.00731407246168458,0.00731407246168458,0,0.39,-0.0015509901576627,0.0478765043036065,0.3205,0.5175,0.406140871097015,0.404589880939352,0.426346158777607,0.0202052876805926,0.4825
"Weak qualitative HTE",2000,162,0.00129339477603344,0.00526979923755128,1,0.00632915424012198,0.0102353081200506,0.0230928320778286,0,0.527866659141628,0.27,0.811547812702244,0.716825969437536,0.0113471543445021,0.0113471543445021,1,0.516,0.000420140944692114,0.0480441673851203,0.3375,0.4945,0.407332862308044,0.407753003252737,0.428611116732778,0.0208581134800417,0.5055
"Weak qualitative HTE",2000,163,0.000714799489119242,0.00207566062020351,1,0.0168271868185273,0.0307054640476111,0.0516697992328267,0,0.511689297939088,0.394,0.826466580608146,0.677609263703843,0.0107742744710302,0.0107742744710302,0,0.742,0.00104844670266753,0.0483977879717764,0.3405,0.4965,0.408312640624688,0.409361087327355,0.430154751529846,0.0207936642024903,0.5035
"Weak qualitative HTE",2000,164,0.00410706754702887,0.00280780264300032,1,0.0201289427835979,0.00256803961026855,-0.00875878346394804,0,0.55000668154625,0.322,0.709361983589267,0.473108156519396,0.0134207275990483,0.0134207275990483,0,0.65,0.00115278651230366,0.0477795210533393,0.337,0.488,0.407039465525554,0.408192252037858,0.428567318794494,0.0203750667566361,0.512
"Weak qualitative HTE",2000,165,0.0215252173676326,0.153172297675454,1,0.000574482747298219,0.00598287694712739,0.000775407251345894,0,0.809581184121689,0.018,0.601673284174702,0.426904418063042,0.00268112184494501,0.00268112184494501,1,0.88,0.000334940891161493,0.0481201336704058,0.341,0.501,0.407271778484939,0.407606719376101,0.428703654154705,0.0210969347786044,0.499
"Weak qualitative HTE",2000,166,0.0790635708444168,0.0401863913017225,0,0.00257571850140672,-0.017478498797581,-0.0141520762490991,0,0.570993143402203,0.212,0.868010013398209,0.762426946431847,0.0129210409010117,0.0139628270639682,0,0.438,-0.000175930173705375,0.0477546798494937,0.331,0.491,0.405697599270037,0.405521669096332,0.426595076540808,0.0208974772707713,0.509
"Weak qualitative HTE",2000,167,0.26209230625147,0.242752159067567,0,0.00289314879858764,-0.0516992801869784,-0.00156375497956662,0,0.599879077568221,0.24,0.591858451771156,0.405510184432864,-1.41552271635814e-05,6.73944928462622e-05,0,0.002,-0.00221895575899164,0.0485241576887533,0.3235,0.512,0.405421164332525,0.403202208573533,0.42574159923356,0.0203204349010347,0.488
"Weak qualitative HTE",2000,168,0.197158558640667,0.216142883868885,0,0.0138113600385965,0.0201802304938957,-0.00142841854060127,0,0.531732639401468,0.504,0.594577205882353,0.350648308714266,-0.000496604342515194,7.28195645699481e-06,1,0.998,-0.000490130210854315,0.0480285398771136,0.3205,0.496,0.406146670863441,0.405656540652587,0.4268843159985,0.0207376451350589,0.504
"Weak qualitative HTE",2000,169,0.0826274968776992,0.0729511546113532,0,-0.0211296311992651,-0.0643608711569846,0.00385244957846853,0,0.758516976831023,0.03,0.582402234636871,0.358624539262813,-0.000370169242939811,0.00383565081000681,1,0.79,-0.00150242621481124,0.0474303917568307,0.3175,0.5165,0.405701882332357,0.404199456117546,0.425720259213084,0.0200183768807268,0.4835
"Weak qualitative HTE",2000,170,0.264558585388289,0.269378385698256,0,0.0134054459924346,0.0102035555073878,0.0130463032799734,0,0.545244838511398,0.032,0.870437574150324,0.806537993128618,0.00218551978641557,0.00359294355182288,0,0.064,0.000624960001780101,0.0472598587870928,0.333,0.4935,0.407328687546293,0.407953647548074,0.428332857644434,0.0203792100963606,0.5065
"Weak qualitative HTE",2000,171,0.0221925800181546,0.00931407844753741,1,0.0282896967883079,0.0487505249372114,0.0268199108507791,0,0.566150082653379,0.038,0.705502589895654,0.446131726695568,-0.000469234723034229,0.00257564779353547,1,0.938,-0.000729866653308006,0.0484591459120942,0.3305,0.502,0.406515997199514,0.405786130546206,0.427453843628103,0.0209378464285882,0.498
"Weak qualitative HTE",2000,172,0.00239558107133616,0.00115452346702957,1,0.0251614901433958,0.0332522186370551,0.00404426441487404,0,0.528300697840145,0.354,0.821985294117646,0.626902409480973,0.000220488501261606,0.000220488501261606,0,0.008,-0.00018428119471054,0.0482877586650527,0.338,0.5005,0.406419449062915,0.406235167868204,0.427670922109277,0.0212514730463623,0.4995
"Weak qualitative HTE",2000,173,0.00230657614777667,0.000758162618921882,1,-0.00981478070110738,-0.0077748457507731,-0.0326617245113958,0,0.616400210335632,0.138,0.896599547976165,0.843659879496992,0.0134357961795253,0.0150325053028838,0,0.308,0.000372303695831388,0.0482977583824371,0.339,0.495,0.407408409131632,0.407780712827463,0.428848588872541,0.0210678760450774,0.505
"Weak qualitative HTE",2000,174,0.177531037275723,0.169928575201746,0,0.0231371395670566,0.0230527882347485,-0.00122742926735314,0,0.566000190252016,0.138,0.863778966131907,0.739890463000052,0.000141734422227813,0.000141734422227813,1,0.998,-0.000569008285458863,0.0484094851998463,0.3345,0.5025,0.406639418249492,0.406070409964033,0.427805715355342,0.0211662971058497,0.4975
"Weak qualitative HTE",2000,175,0.00601699069529387,0.00322303659126143,1,0.0145825455609846,0.0216721631906927,0.0381715820239766,0,0.5803734153639,0.102,0.746250549450549,0.585247170666561,0.00878768640278638,0.00878768640278638,1,0.692,0.000665069093250645,0.0483882825934586,0.343,0.4865,0.406091645692955,0.406756714786206,0.427821687173133,0.0210649723869273,0.5135
"Weak qualitative HTE",2000,176,0.278553935665302,0.186609345979221,0,-0.00220310411013838,0.00533129463362983,-0.000749683954247071,0,0.565978705661463,0.358,0.516057335518261,0.284336957051612,-8.60762934880577e-05,-8.60762934880577e-05,0,0.006,-0.00182126337480477,0.0473624678419355,0.3195,0.518,0.405538080023818,0.403716816649013,0.425419322532196,0.0198812425083777,0.482
"Weak qualitative HTE",2000,177,0.0239131117274922,0.007188750882819,1,-0.00536171723280098,-0.00711880217335586,0.00458371345805042,0,0.617258485852111,0.09,0.622525817555939,0.406860387164147,0.00185878018701258,0.00185878018701258,1,0.286,0.000659714757703943,0.0484458103624042,0.3445,0.4925,0.405962279530468,0.406621994288172,0.427661324707068,0.0210393304188961,0.5075
"Weak qualitative HTE",2000,178,0.251675074508873,0.492741727588705,0,0.0213638671969937,0.0101188297329656,-0.00417320553874595,0,0.552410101671173,0.162,0.826773618538325,0.622014144091623,0.00109719191255159,0.00158144598917404,1,0.964,1.61965688856559e-05,0.0475447419757122,0.3295,0.4965,0.40607705505408,0.406093251622966,0.426834993650466,0.0207417420274994,0.5035
"Weak qualitative HTE",2000,179,0.019008988508411,0.00589051662229976,1,0.0284620005680545,0.060246799842944,0.0137250588579431,0,0.493722261051091,0.5,0.683266013759014,0.406629651948144,0.00273360685159929,0.00273360685159929,0,0.122,-0.000701259677165021,0.0477161196630878,0.3265,0.494,0.405246742774077,0.404545483096912,0.425758762286872,0.0205120195127957,0.506
"Weak qualitative HTE",2000,180,0.197529074492197,0.470582128039896,0,-0.0104663708212819,-0.0243587595980116,0.0183570946605408,0,0.619845249353792,0.07,0.798163992869876,0.522949711364076,0.0149127992660119,0.0149127992660119,1,0.586,0.000660289507366987,0.0475695015330948,0.3335,0.488,0.407536827048296,0.408197116555663,0.428663480798323,0.0204663642426598,0.512
"Weak qualitative HTE",2000,181,0.0130677378232315,0.0661050442732665,1,0.00783016404802278,0.000989357016235068,-0.0111316019430024,0,0.540108561986178,0.314,0.937837301587302,0.869071715495139,0.017699412383855,0.017699412383855,0,0.548,-0.00113122504437163,0.0471939184697215,0.3135,0.5105,0.405361779124083,0.404230554079712,0.425438994949973,0.0200772158258896,0.4895
"Weak qualitative HTE",2000,182,0.0634302543118049,0.0325273088449309,0,0.0132772648976554,0.0352564600135612,-0.0101967544521775,0,0.580967030245556,0.036,0.627718644820692,0.536869134304355,0.00413921703091458,0.00413921703091458,1,0.504,0.00378720462245688,0.0478652849353883,0.3705,0.459,0.409533264730811,0.413320469353268,0.432606571387753,0.019286102034485,0.541
"Weak qualitative HTE",2000,183,0.261619076918365,0.154054002764684,0,0.00571542071928709,-0.0256486620277751,0.0713806183724156,0,0.551882610854274,0.14,0.694880317914245,0.552775179572345,0.00847510415277491,0.0116966345984406,1,0.27,0.000528076093802964,0.047680600914234,0.3445,0.501,0.406362593097701,0.406890669191504,0.427595253038846,0.0207045838473414,0.499
"Weak qualitative HTE",2000,184,0.00537910366722372,0.00548644283751833,1,0.0103639844820668,0.00182038422273497,0.0109921578951676,0,0.550591285414494,0.486,0.680057364019627,0.511917708470497,0.0045625289300214,0.00706118469872413,0,0.338,0.00052038750486214,0.0475707020651522,0.33,0.495,0.407071224065067,0.407591611569929,0.428215926741637,0.0206243151717081,0.505
"Weak qualitative HTE",2000,185,0.204407166318531,0.377720343318479,0,0.0162436389235561,0.018411285748088,0.0167353978376778,0,0.535539763979379,0.208,0.602043409749403,0.556935468897716,-0.00220573099289129,-0.00220573099289129,1,0.818,0.00104415610407279,0.0473575235520846,0.337,0.4915,0.407532290843386,0.408576446947459,0.42875940121945,0.0201829542719911,0.5085
"Weak qualitative HTE",2000,186,0.226547577860504,0.195397073018226,0,-0.00674004339163639,-0.022960865871438,0.0127590534142101,0,0.566439592485876,0.042,0.788980597363831,0.533613432669335,0.00880819907577046,0.010950643667123,1,0.324,-0.00205586057068912,0.0486572381260229,0.3225,0.529,0.40502563937773,0.40296977880704,0.425409998060433,0.0203843586827038,0.471
"Weak qualitative HTE",2000,187,0.00979231606046201,0.00267777212689491,1,0.0133341541334175,0.0162161783889368,0.00389085331438782,0,0.521087884097767,0.378,0.922898321408914,0.899341401788431,-0.0029170914569509,0.000575478243439509,0,0.008,0.000463339011504092,0.0483539774112578,0.337,0.501,0.406881202851722,0.407344541863226,0.428351001603941,0.0210064597407141,0.499
"Weak qualitative HTE",2000,188,0.194911797632203,0.26069463856552,0,-0.000414593991941941,-0.0307976459974028,-0.0294983644108044,0,0.60286784365456,0.162,0.805665289180972,0.739227745274607,0.0105451506564657,0.0109850810207925,0,0.354,0.0022193411234908,0.04753729545903,0.349,0.4865,0.408473084844285,0.410692425967776,0.430449970759201,0.0197575447914252,0.5135
"Weak qualitative HTE",2000,189,0.0181632593784449,0.00803793019937221,1,-0.00358221930588533,-9.23258714410186e-05,-0.0024759348776448,0,0.54767634672564,0.352,0.738041988312531,0.443290516277132,-1.78613012283835e-05,-1.78613012283835e-05,0,0.002,0.000535642756777613,0.0474886224485042,0.3355,0.487,0.406601616974469,0.407137259731247,0.427691899177709,0.0205546394464619,0.513
"Weak qualitative HTE",2000,190,0.000598868650739291,0.000105916718565688,1,0.0121464624452254,-0.00878319146190847,0.0160879460523639,0,0.535539763979379,0.208,0.955333683657383,0.878292415309537,0.016462060167473,0.016462060167473,0,0.398,-0.00091072570946176,0.047510719308999,0.324,0.51,0.406059302221218,0.405148576511756,0.426428875004672,0.0203695727834537,0.49
"Weak qualitative HTE",2000,191,0.0292791519717993,0.0096809529249206,1,0.0123509907994906,-0.00764590855483146,-0.000594306048986082,0,0.550258810706855,0.336,0.847766523483764,0.737641374109934,0.00128664640728049,0.0035798490565217,0,0.06,0.000813643686468316,0.0476435852622464,0.332,0.4975,0.408322549424678,0.409136193111146,0.42952508604501,0.0203888929338631,0.5025
"Weak qualitative HTE",2000,192,0.0906818137768286,0.0335031566590769,0,0.000756554247426574,0.013322088424809,-0.0095020810819324,0,0.596579845178156,0.06,0.871527777777777,0.853726183667326,0.013947245190329,0.013947245190329,1,0.292,0.00049599868884242,0.0486971119031413,0.342,0.4885,0.406706952310715,0.407202950999557,0.428444746438916,0.0212417954393591,0.5115
"Weak qualitative HTE",2000,193,0.138559609003716,0.163622231263154,0,0.0175552680042645,-0.00230278169398293,-0.0131770907435237,0,0.552921450613443,0.438,0.931459855312039,0.880266536641657,0.0107804526268234,0.0129397392102856,0,0.698,-0.000290572713586207,0.04798937956522,0.3325,0.497,0.40617170505852,0.405881132344934,0.427172011275769,0.0210003062172487,0.503
"Weak qualitative HTE",2000,194,0.000804352260582545,0.000171964041684402,1,0.0258381766939688,0.0434582069092221,0.0405938969718752,0,0.516666520227155,0.496,0.905526335013515,0.769897605148967,0.0142445737323237,0.0154204223885809,0,0.324,0.000568077415101281,0.0477956453382819,0.329,0.4975,0.407820504585204,0.408388582000305,0.429038360779721,0.0206497787794162,0.5025
"Weak qualitative HTE",2000,195,0.0671907500339402,0.0895610702859632,0,0.0106749648124416,0.00717633456229238,0.00258809259368464,0,0.522325830732889,0.416,0.673219825409422,0.523717111124815,0.00140420480549758,0.00140420480549758,0,0.022,-0.000892512078993177,0.0477944948123601,0.3255,0.5165,0.40509475925728,0.404202247178287,0.42568860908657,0.0205938498292899,0.4835
"Weak qualitative HTE",2000,196,0.065416069611003,0.0352092291394429,0,0.0197453684003443,0.0325675499222313,0.0554500179353271,0,0.499506254429711,0.312,0.898484136514732,0.820253652668688,0.0162117048237365,0.0167211548620724,0,0.568,8.97017885952087e-05,0.0481409638286796,0.337,0.4925,0.407276649442526,0.407366351231121,0.428502448911722,0.0211360976806004,0.5075
"Weak qualitative HTE",2000,197,0.010700750726693,0.00289025360336307,1,0.0236883739290521,0.0214063865183828,0.00425787311591697,0,0.60921555640126,0.054,0.989712043273055,0.971305785102592,0.00134345562990573,0.00134345562990573,1,0.982,0.000472863013931731,0.047368213488307,0.3285,0.4915,0.407237338283428,0.407710201297359,0.428160049752389,0.0204498484550292,0.5085
"Weak qualitative HTE",2000,198,0.146722116374006,0.250258775685739,0,0.00710345572122652,-0.00913220877066792,0.00320958162177926,0,0.543371715909443,0.46,0.642373626373627,0.267426139504003,-0.00249285292437523,-0.000431328354978888,0,0.006,0.000928594044574958,0.0479738030117063,0.335,0.4945,0.407042580291752,0.407971174336327,0.428614454515613,0.0206432801792865,0.5055
"Weak qualitative HTE",2000,199,0.0617676083796952,0.0550921550997729,0,-0.00854042597246368,-0.0224479977729171,0.00795987571845069,0,0.565161039477952,0.056,0.911335450695706,0.8762392389357,0.00631454011212479,0.00631454011212479,0,0.102,-0.000752834885484921,0.0477306311396757,0.3245,0.512,0.40558643558391,0.404833600698425,0.426168847092671,0.0205824115087605,0.488
"Weak qualitative HTE",2000,200,0.00222343282603266,0.0250483503821231,1,0.019082452177163,0.0349781561663576,0.0257217340850707,0,0.510476593283169,0.126,0.824221079308289,0.7006066068314,0.00968232252449164,0.00968232252449164,0,0.222,-0.000914327685884763,0.0479523848443767,0.323,0.5035,0.405529167653987,0.404614839968103,0.426014755021072,0.0204855873670849,0.4965
"Weak qualitative HTE",2000,201,0.0620693262793661,0.0526525528651226,0,0.0282604493215841,0.0178024942004572,0.0171888951134554,0,0.430255540627565,0.076,0.670598911070781,0.545536530037017,0.00354573157244759,0.00606321262430826,1,0.832,-0.0011948578718923,0.0478569838217912,0.3165,0.512,0.406038753987655,0.404843896115762,0.426394009824451,0.0203552558367964,0.488
"Weak qualitative HTE",2000,202,0.0144262901639695,0.00525572815985475,1,0.00449376549611472,0.00384869035019244,-0.0116932504092679,0,0.564514464837694,0.06,0.922959001782532,0.874160207276964,0.00490487872233103,0.00490487872233103,1,0.828,0.00114235483701563,0.0473858174311798,0.3305,0.498,0.407049840694544,0.40819219553156,0.428327810127868,0.0201356145963077,0.502
"Weak qualitative HTE",2000,203,0.831077878974226,1,0,0.0048825347756443,0.0158782704587905,-0.0146398743096253,0,0.541493760467185,0.228,0.730413047778317,0.228794848305623,-0.00683784059180914,-0.00584555415644683,1,0.444,-0.000625681925010736,0.048552693629851,0.3325,0.5025,0.405728983520872,0.405103301595861,0.426815799246946,0.0210868157260739,0.4975
"Weak qualitative HTE",2000,204,0.00852290550960213,0.0106853660246266,1,-0.00687504679780936,0.000888755422847144,-0.0131975118101877,0,0.551392794089228,0.306,0.713276962405478,0.445706991500523,0.00904592446114588,0.00935928860851215,1,0.618,0.00049855636609906,0.0480355599526547,0.3375,0.4925,0.407058752931397,0.407557309297496,0.428458550802037,0.0209012415045418,0.5075
"Weak qualitative HTE",2000,205,0.0583996194005988,0.0571899415769599,0,0.0135578788962795,-0.0191556235043358,0.00256839345805404,0,0.555647212282758,0.062,0.959060295911333,0.947079198079364,-0.00102446696102437,0.00136155015648509,1,0.964,0.000757742465202682,0.0482148439099433,0.3485,0.4915,0.406059511750479,0.406817254215682,0.427697097998415,0.0208798437827333,0.5085
"Weak qualitative HTE",2000,206,0.000210504608936782,0.00302504726735528,1,0.0151280158395977,-0.0023209207877609,0.0275955512261952,0,0.523781120873363,0.122,0.815295260081718,0.735152973760656,0.0108535008240981,0.0108535008240981,0,0.22,-2.22097796703487e-05,0.0476952389323481,0.325,0.4935,0.407768852925171,0.4077466431455,0.428602629257712,0.0208337763325412,0.5065
"Weak qualitative HTE",2000,207,0.0232124064397856,0.0755973801130265,1,0.0120317683188353,0.0247992738840478,-0.000465310349819226,0,0.525444119259703,0.206,0.742827581369249,0.737331238374431,0.00786784759056469,0.00786784759056469,1,0.386,0.00137491227912698,0.0482564376413922,0.3395,0.485,0.409128977774461,0.410503890053588,0.430993127032656,0.0204892369790681,0.515
"Weak qualitative HTE",2000,208,0.269373747075247,0.305940556449617,0,0.000529825141178811,-0.0506381779924144,0.00623507235708154,0,0.565209533827102,0.034,0.641182698124621,0.472651064403032,0.00222454488385981,0.00222454488385981,0,0.066,-0.000802925636805534,0.0475998046205314,0.3235,0.506,0.405182191508681,0.404379265871876,0.425556265989807,0.020374074481126,0.494
"Weak qualitative HTE",2000,209,0.621929037481523,0.850253937415067,0,-0.00990882854639602,0.0116525718122604,-0.0168135069273896,0,0.784414487016239,0.022,0.919427083333331,0.902046074843961,0.0145660242374253,0.0145660242374253,1,0.486,0.00117764446147089,0.0481676520781215,0.349,0.4865,0.407287997610396,0.408465642071866,0.429134263804557,0.0206686217326908,0.5135
"Weak qualitative HTE",2000,210,0.116303702023447,0.271956153895303,0,-0.000762387497159626,0.000857255815950534,-0.0119449406911255,0,0.548901827040394,0.452,0.789177545449482,0.565479618078974,-0.00161574493440808,0.000452114704122597,1,0.924,-0.000292222327282925,0.0482256999504645,0.3305,0.509,0.405371214075959,0.405078991748676,0.426347297970225,0.0209760838942659,0.491
"Weak qualitative HTE",2000,211,0.18426852044515,0.370723648884603,0,0.00860836236783287,0.0629918735353402,-0.0213365120110857,0,0.757895034857889,0.01,0.901418321990449,0.853120702101896,0.00390520303020003,0.00462111227800099,1,0.906,-0.00178710199696681,0.0476621366339488,0.3105,0.507,0.405902542907533,0.404115440910566,0.425856863604454,0.0199543206969212,0.493
"Weak qualitative HTE",2000,212,0.0561690251110069,0.0705435106458495,0,-0.00307798524296812,0.0160236100034023,0.0124019034414176,0,0.490804928889367,0.058,0.557371265157564,0.320118311990265,0.00117365746309189,0.00117365746309189,0,0.194,-0.000775211009805767,0.0480360035494429,0.3325,0.5005,0.405961421162698,0.405186210152893,0.426700159998662,0.0207387388359633,0.4995
"Weak qualitative HTE",2000,213,0.299916847191192,0.254950933036345,0,0.00534441042101746,0.0329340499112155,0.0378183870967053,0,0.515127842837762,0.358,0.698160693661547,0.62941956041638,0.00543781900208007,0.00924602943181069,0,0.676,0.000798065292249679,0.047782413630112,0.3365,0.487,0.406960344457253,0.407758409749502,0.428276824656374,0.0205184149068715,0.513
"Weak qualitative HTE",2000,214,0.0962617887567066,0.118920073259598,0,0.0068155497120768,0.00473690655710276,0.0387940532159894,0,0.464683791965168,0.098,0.854520721526537,0.789227033434626,0.00771817706868128,0.00771817706868128,0,0.156,6.68397862316375e-05,0.0472316380686755,0.3285,0.5085,0.406120757641219,0.406187597427451,0.426805614376008,0.0206180169485568,0.4915
"Weak qualitative HTE",2000,215,0.00037281579232648,6.17498312147536e-05,1,0.0448426805033589,0.0391953667966764,0.0448398787150293,0,0.510734493863271,0.362,0.842147031238727,0.739724367945832,0.0094473097816824,0.0094473097816824,0,0.202,0.000408639983978321,0.0476957689617299,0.338,0.4935,0.406348432871304,0.406757072855282,0.427484342666009,0.0207272698107273,0.5065
"Weak qualitative HTE",2000,216,0.355666929973399,0.352632484935689,0,-0.0115005208559207,-0.0028780404912946,0,0,0.544248747564715,0.364,0.525554634045201,0.34561080522287,0,0,1,1,0.00129954176305201,0.0477716120255323,0.3445,0.49,0.407974482279116,0.409274024042168,0.429643177395737,0.0203691533535685,0.51
"Weak qualitative HTE",2000,217,0.0217343498344226,0.0765118532817656,1,-0.00173314282391347,0.026249920397617,-0.00537938127441734,0,0.776948154111614,0.018,0.657669123755987,0.461819112453191,0.00493110881897879,0.00493110881897879,0,0.242,-0.000133216176521103,0.048007686359721,0.3395,0.498,0.407334418333041,0.40720120215652,0.428444326923253,0.0211099085902125,0.502
"Weak qualitative HTE",2000,218,0.519578487537012,0.680481564292189,0,9.69621804473773e-05,-0.0288736814058497,0.00239402796772098,0,0.573711141444054,0.46,0.798503035801521,0.639711731355713,-0.00109216767008641,9.79275744504848e-05,0,0.002,0.00152514867820936,0.0474463297172941,0.342,0.487,0.408098488362258,0.409623637040467,0.429701914158724,0.0200782771182567,0.513
"Weak qualitative HTE",2000,219,0.017734132097079,0.0107593773730179,1,0.0136263002254166,0.00238391262843499,0.020675777601328,0,0.600696945666002,0.064,0.747615461847389,0.712245504682583,0.007410722816732,0.00757497478950114,1,0.142,-3.94176670995875e-05,0.048206340516697,0.333,0.506,0.40661014271811,0.406570725051011,0.427780341265595,0.0211701985474846,0.494
"Weak qualitative HTE",2000,220,0.217487035932302,0.575664965449125,0,-0.00282580582199461,-0.0202669119758832,0.0167361129148293,0,0.56580547312457,0.218,0.829506284138516,0.772470730500144,0.0102191551655062,0.0105728127940797,1,0.446,0.000724631541458238,0.0485056008291119,0.343,0.4925,0.406762362047574,0.407486993589032,0.428527294497803,0.0210403009087707,0.5075
"Weak qualitative HTE",2000,221,0.00651262898495867,0.00301649951717568,1,0.0169561984849972,0.0273015208745829,0.00235198943453913,0,0.507330235674344,0.19,0.909910873440285,0.862274550741001,0.00707406147831141,0.00707406147831141,1,0.85,0.00101069035217044,0.0486346840191162,0.349,0.484,0.406898688802495,0.407909379154666,0.428857753004488,0.0209483738498221,0.516
"Weak qualitative HTE",2000,222,0.394024983737327,0.267155608363838,0,-0.0113975532427548,-0.0418729503968547,-0.0102369382854234,0,0.728063594547345,0.016,0.726959371644911,0.439395050745826,-0.000990797532488819,-0.000990797532488819,0,0.056,0.00204934650308214,0.0477925639612673,0.347,0.4875,0.408785628279249,0.410834974782331,0.430801365272024,0.0199663904896926,0.5125
"Weak qualitative HTE",2000,223,0.104798362810762,0.222796140061745,0,-0.00064519044185867,-0.0213519888826671,0.0368915555408049,0,0.59322060024291,0.11,0.903060202799876,0.803643397477586,0.00930068822518065,0.00944721560589057,1,0.228,0.00112921011961109,0.047370191832147,0.335,0.485,0.407517225512972,0.408646435632583,0.428862498079371,0.0202160624467882,0.515
"Weak qualitative HTE",2000,224,0.317080798242672,0.5317063443114,0,0.0255184618265309,0.0410304539628141,0.00826572992213731,0,0.566150082653379,0.038,0.718289843161429,0.538866910615262,0.00153117358977678,0.00153117358977678,1,0.826,0.000342816005389216,0.0481989370333165,0.346,0.48,0.405487019389837,0.405829835395226,0.426906782209952,0.0210769468147261,0.52
"Weak qualitative HTE",2000,225,0.465461866504478,0.628073516279454,0,-0.00464550528530837,-0.0236069979878445,-0.0156345360498701,0,0.593915412931693,0.146,0.808521667012233,0.79915534043204,0.0103150867342305,0.0121486611778964,0,0.31,0.000477374836504405,0.0482146843707273,0.3465,0.489,0.407370889666727,0.407848264503231,0.428852433213034,0.0210041687098033,0.511
"Weak qualitative HTE",2000,226,2.45049817529738e-05,2.80738549302952e-05,1,-0.00620210909676786,0.000683202594900533,0.0176392709682845,0,0.613284140313495,0.05,0.815882164585334,0.578831613700014,0.0112361656667753,0.0112361656667753,0,0.382,0.0003026341465363,0.0480938953516025,0.332,0.4845,0.40641201419575,0.406714648342286,0.427732854575186,0.0210182062328998,0.5155
"Weak qualitative HTE",2000,227,0.239902733568306,0.286419389632936,0,0.00734384888312962,-0.00927129270172599,0.00433504329633727,0,0.561946400283589,0.158,0.766623112659697,0.536150006324403,0.0131563559049988,0.0131563559049988,0,0.314,5.09082453741927e-05,0.0485782860574459,0.3335,0.5045,0.406365945599763,0.406416853845138,0.427806079661413,0.0213892258162758,0.4955
"Weak qualitative HTE",2000,228,0.0217787380967341,0.0595908005336104,1,0.015445720817549,-0.0028313503505878,-0.00397031908368894,0,0.55777057542334,0.476,0.768765977225193,0.732154149535074,-0.0011246321605819,0.000617321866300591,0,0.008,0.000884688582740246,0.0474394266088072,0.3325,0.4925,0.407762443668132,0.408647132250872,0.428886010769685,0.0202388785188137,0.5075
"Weak qualitative HTE",2000,229,3.31596636399846e-05,0.000310240069460083,1,0.0186446822781171,0.011891605105355,0.0231576185896988,0,0.495168410067284,0.08,0.753296937039138,0.537800124659802,0.00912801613360109,0.00912801613360109,1,0.318,0.00115880487262697,0.0480395722063116,0.344,0.494,0.407252208527243,0.40841101339987,0.428969828355851,0.0205588149559806,0.506
"Weak qualitative HTE",2000,230,0.0325802468751648,0.0147707069389682,1,0.0138559407665299,0.0301682311340011,0.017135234342444,0,0.541416260095264,0.13,0.701345710871334,0.615518435822093,0.00327135418942492,0.00531357914429703,0,0.244,0.00109842800593587,0.0478022044609294,0.336,0.483,0.4076624109696,0.408760838975536,0.429228322917906,0.0204674839423699,0.517
"Weak qualitative HTE",2000,231,0.0190544254526899,0.0055595453170909,1,0.0186861743031257,0.0459355784372456,-0.0028146189664473,0,0.479371826235792,0.098,0.842834035443217,0.792543018060209,0.00252265101308108,0.00252265101308108,1,0.96,-0.000976320162876586,0.0483234215740627,0.331,0.5165,0.405752443547638,0.404776123384761,0.42650399110998,0.0207515475623423,0.4835
"Weak qualitative HTE",2000,232,0.458505215262356,0.483348584489001,0,-0.0259053291888242,-0.0269591069305853,0,0,0.650113290594902,0.088,0.624828655941131,0.486944802841462,-0.000922355451937862,0,1,1,-0.00174941579951793,0.0478728832585746,0.3105,0.515,0.405598620002432,0.403849204202914,0.425741481829906,0.0201428618274743,0.485
"Weak qualitative HTE",2000,233,0.897094290826211,1,0,-0.00267184640207565,-0.00678054595509401,0.00553707910776685,0,0.542074958828265,0.18,0.578578935515352,0.461019200319044,0.00234988624131133,0.00234988624131133,0,0.23,-0.000619199961211144,0.0479949146195237,0.3165,0.514,0.406340012386344,0.405720812425133,0.427021596727428,0.020681584341084,0.486
"Weak qualitative HTE",2000,234,0.0156516279176779,0.00783130302209931,1,0.0270931342273073,0.031363388280166,0.00228686186784505,0,0.533973854033361,0.462,0.795079149706016,0.613453444431375,0.00729158591353385,0.00729158591353385,0,0.192,-0.0014098216686393,0.048118567308302,0.3215,0.517,0.405348292011295,0.403938470342655,0.425771484458309,0.0204231924470143,0.483
"Weak qualitative HTE",2000,235,0.256066645901704,0.269849692073877,0,0.0166895641709315,0.0455962341738106,0.0518878939193502,0,0.522476217745551,0.054,0.684120202363289,0.47985266461196,0.00569813765020699,0.00706927241290556,0,0.27,-0.000228979405510152,0.0479642488927732,0.3335,0.5025,0.405636803052694,0.405407823647184,0.426691979904846,0.0210551768521519,0.4975
"Weak qualitative HTE",2000,236,0.0061487084248389,0.00462136024880557,1,0.0237790089728151,0.0131265115779544,-0.00974308574654903,0,0.566309535047421,0.424,0.969358288770054,0.935831157765483,0.00438209347192853,0.00438209347192853,1,0.926,-0.000103757121527531,0.048105216856996,0.334,0.502,0.407347964194224,0.407244207072697,0.42843187213169,0.0210839079374661,0.498
"Weak qualitative HTE",2000,237,0.00979604153957921,0.0701108214975333,1,0.00918447773224889,0.0268977530453645,0.0467141780176996,0,0.508748729589602,0.226,0.901011393732559,0.799499241200495,0.0151192162406446,0.0181628550948826,0,0.412,5.20170523141299e-06,0.0474472708009222,0.3285,0.5025,0.406134043544512,0.406139245249743,0.426938226755891,0.0207989815061482,0.4975
"Weak qualitative HTE",2000,238,0.150479044446528,0.501689864157315,0,-0.0112834787104398,-0.0184026903710719,-0.0423947360670385,0,0.591295179405237,0.236,0.974863445935196,0.945685265930337,0.0162689762762473,0.016651846312836,0,0.514,0.00149636653810317,0.0476224935269331,0.351,0.491,0.407647045847249,0.409143412385352,0.429421352877865,0.0202779404925125,0.509
"Weak qualitative HTE",2000,239,0.247390391818421,0.159897415768059,0,-0.00405434080900979,0.00212960644671461,0,0,0.532701297616181,0.504,0.678250550940837,0.460713039625297,0,0,1,1,0.000499749535715907,0.0480739826466872,0.3335,0.493,0.407759608134843,0.408259357670559,0.42912626834838,0.0208669106778204,0.507
"Weak qualitative HTE",2000,240,0.567956940070272,0.68260862130481,0,0.0080807493853505,-0.00558236885401814,0,0,0.552576141493073,0.484,0.498946481247367,0.329212377040225,-0.000161256292931899,0,1,1,0.000430902602731946,0.047150652270477,0.328,0.5005,0.407027728751126,0.407458631353858,0.427916227585577,0.0204575962317189,0.4995
"Weak qualitative HTE",2000,241,0.786522817662024,0.969957258186466,0,0.011809500492402,-0.0142593538511842,0.000297018036411356,0,0.55274815061444,0.182,0.663038803179056,0.516217029941733,0.00136509152585468,0.00136509152585468,0,0.024,-0.00158902626875826,0.0482551746603042,0.3185,0.5195,0.405277994974322,0.403688968705563,0.425714742103887,0.0204367471295652,0.4805
"Weak qualitative HTE",2000,242,0.00129143945831644,0.000234465751142307,1,0.0154666364471798,0.0476239422557408,-0.00972428692131216,0,0.495469968571689,0.24,0.823138851198553,0.5476681409165,0.0139640648245356,0.0155746122639856,1,0.428,-0.00119391525981524,0.0488353507706589,0.3325,0.507,0.405160233960253,0.403966318700437,0.426217304548218,0.021057070587965,0.493
"Weak qualitative HTE",2000,243,0.098092338539822,0.0370703063391169,0,0.0235192093939301,0.00811061341469982,0.0134403032708545,0,0.540211705071433,0.462,0.875101241264997,0.653584506956686,0.000704828779029054,0.000704828779029054,0,0.02,-0.000158986154231688,0.0476548895045915,0.329,0.4975,0.405305429173372,0.40514644301914,0.426109026132001,0.0208035969586288,0.5025
"Weak qualitative HTE",2000,244,0.0506080501932129,0.0167191434623474,0,0.0182069514337221,5.7699875919625e-05,0.0223205874584298,0,0.613284140313495,0.05,0.93078721473934,0.837873825124744,0.00607361186033495,0.00860576143394409,0,0.18,-0.000786739405506966,0.047708787077119,0.3215,0.5115,0.406976986311206,0.406190246905699,0.427467272771851,0.020490286460645,0.4885
"Weak qualitative HTE",2000,245,0.00468983890244888,0.00375200081466762,1,0.0140748220490325,0.0420013038484287,0.0578572966559159,0,0.501137681330383,0.356,0.673686230720915,0.466965853230647,0.00753898026900951,0.0099568771098697,0,0.654,0.00129295037646076,0.0480846260707548,0.341,0.4815,0.407366406489126,0.408659356865587,0.429090109033266,0.0204307521676793,0.5185
"Weak qualitative HTE",2000,246,0.980876060814942,1,0,-0.00768850700205369,-0.0107118427588844,0.00607112670834992,0,0.558879910923995,0.176,0.918064251639831,0.79888784372232,0.0138424910896414,0.0156862977084575,1,0.35,-0.000595884669097031,0.0481254887443802,0.3245,0.5105,0.406688908451549,0.406093023782452,0.427514649507345,0.0208257410557968,0.4895
"Weak qualitative HTE",2000,247,0.096628892652947,0.25624241929802,0,0.0125449167989575,0.0334167651670349,-0.015873251366201,0,0.457013581673098,0.098,0.792554372896414,0.630277859203213,0.0061936752132809,0.0061936752132809,1,0.88,0.00165164897132716,0.0473915734559588,0.348,0.487,0.408240199029721,0.409891848001048,0.429954363367837,0.0200625153667887,0.513
"Weak qualitative HTE",2000,248,0.121388059392311,0.0495556050815051,0,0.00756446921140578,-0.00319330823400382,0.00317964970375928,0,0.542938906133732,0.488,0.926431232617936,0.878834402857558,0.000606629225580635,0.000606629225580635,1,0.988,7.56320898276399e-05,0.0484364141437124,0.342,0.502,0.406782503597041,0.406858135686868,0.428231577777237,0.0213734420903682,0.498
"Weak qualitative HTE",2000,249,0.548756771441846,0.470839325392878,0,0.0146936929939195,0.0505305032932394,0.0592438271689196,0,0.60410636823113,0.024,0.746901098901099,0.614040871375495,0.00912888943723272,0.0106896744113644,0,0.356,0.000595757949951501,0.0483306137604467,0.3315,0.4855,0.408042258052845,0.408638016002797,0.429572036306758,0.020934020303961,0.5145
"Weak qualitative HTE",2000,250,0.027957455746773,0.0960989453972586,1,0.00223469806036272,-0.0181083793351185,-0.00746456266306678,0,0.703783505025549,0.026,0.576705321221167,0.504364146013748,0.00132739588537506,0.00132739588537506,0,0.06,-0.000764522012101537,0.0487334880383847,0.332,0.513,0.405925769265306,0.405161247253205,0.427093364903014,0.0211675956377075,0.487
"Weak qualitative HTE",2000,251,0.079496789610166,0.0525210828090783,0,0.0125317980920852,0.00679521557877793,0.0182746613203473,0,0.538396921523612,0.246,0.850253760603899,0.822259945506127,0.00988266521238307,0.00988266521238307,0,0.462,-0.000795520705973546,0.0473653377882841,0.322,0.5035,0.406240982837107,0.405445462131134,0.426597989123702,0.0203570062865944,0.4965
"Weak qualitative HTE",2000,252,0.0103769200507019,0.00298071706095261,1,0.0172427998634634,0.0336196655868104,0.0050105885657683,0,0.515347007225219,0.088,0.743741877154322,0.416560729658595,0.0131409214094544,0.0148186310414329,1,0.726,-0.000199336013641287,0.0482506465969565,0.3295,0.498,0.405931871084419,0.405732535070778,0.427010445121244,0.0210785740368253,0.502
"Weak qualitative HTE",2000,253,0.0973100479904698,0.0561586048081864,0,0.00406765221339999,0.00958961349586505,0.000860586474937364,0,0.543628909473839,0.156,0.71928786574871,0.604920464311423,0.00304252160076413,0.00304252160076413,1,0.298,0.000506172903263762,0.0476731106924658,0.338,0.5005,0.407482128443944,0.407988301347208,0.42861258314955,0.0206242818023419,0.4995
"Weak qualitative HTE",2000,254,0.0227540285182668,0.0176551055533172,1,-0.00482986810701352,-0.00935044652465591,0.00487348264290832,0,0.564172520510004,0.062,0.868218793828892,0.824428739002762,0.0108136918195954,0.0124631228966969,1,0.508,-0.000829991446721844,0.0470370587038158,0.3205,0.5115,0.405749813177396,0.404919821730674,0.42597912483311,0.0202293116557139,0.4885
"Weak qualitative HTE",2000,255,0.530059889301569,0.74084505043322,0,0.00112517136181788,-0.00747007615057218,0.0150257503130209,0,0.669427712247763,0.044,0.743198288108468,0.462082298883234,0.0134015269331864,0.0143758782067746,1,0.586,0.0012194119210267,0.0473843752134846,0.3495,0.488,0.407200739772417,0.408420151693444,0.428633675741485,0.0202135240480407,0.512
"Weak qualitative HTE",2000,256,0.023193720773331,0.0095588088892991,1,0.00274511703911582,-0.0267262351333457,-0.0118504030763744,0,0.631890737733905,0.096,0.806171113023522,0.591560536452037,0.015962323325809,0.0162589728448801,0,0.482,-0.000125708566001113,0.0483962743900592,0.3325,0.4985,0.40721731917977,0.407091610613769,0.428407107009972,0.0211897878302024,0.5015
"Weak qualitative HTE",2000,257,0.208348824551991,0.113562702785453,0,0.0122760086218487,0.000592703864810436,0.00559827287926418,0,0.540927144893631,0.49,0.843445638842797,0.705653234799566,0.0106255888452384,0.0106255888452384,0,0.74,0.00147540478406889,0.0482815675078721,0.341,0.4905,0.40827700976668,0.409752414550748,0.430289716265061,0.0205373017143127,0.5095
"Weak qualitative HTE",2000,258,0.72427917326212,0.929483300409687,0,0.00259745524271951,-0.00270706295165045,-0.0109259991992889,0,0.552460907839529,0.416,0.575745799096899,0.295445645232201,0.000414917617813482,0.000414917617813482,0,0.014,-0.00165249408140781,0.0487573389702576,0.327,0.521,0.405287395131588,0.403634901050181,0.426080213554176,0.020792818422588,0.479
"Weak qualitative HTE",2000,259,0.0732868809804109,0.0345071818912138,0,0.0159818744303975,0.0584080281287101,-0.070990672135019,0,0.58038669923007,0.038,0.71628193960511,0.453475816538036,0.00457514940988196,0.00493837735612523,1,0.146,-0.00181265688386094,0.0483309184206873,0.326,0.5085,0.404626012116066,0.402813355232205,0.424939610491715,0.0203135983756494,0.4915
"Weak qualitative HTE",2000,260,0.0122245606067306,0.0057974624735117,1,0.0120697659384391,0.032107462412251,-0.0321555681646613,0,0.552043608581881,0.04,0.802307186405732,0.773986959568739,0.00707005713452807,0.00707005713452807,1,0.17,0.00200954328143771,0.0480326336868556,0.3525,0.4885,0.407730586018796,0.409740129300234,0.429947254553198,0.0202071252529648,0.5115
"Weak qualitative HTE",2000,261,0.339694884356939,0.233031895754198,0,-0.0124306009153869,0.00026371856597227,-0.00511177160445025,0,0.519774954170195,0.508,0.702316979551958,0.484743198621313,0.000986498505896605,0.000986498505896605,1,0.982,-0.000876156578694557,0.0479199846640502,0.3335,0.5035,0.405720384118182,0.404844227539488,0.42634191600863,0.0206215318904476,0.4965
"Weak qualitative HTE",2000,262,0.0202565861976484,0.0598948927134819,1,0.0180885647948651,-0.0079477568773703,0.0470383184642055,0,0.544498898299463,0.36,0.667346142938173,0.560271052656672,0.00989685229388398,0.0103664993261754,1,0.732,-0.00185721674154233,0.0480472037978321,0.3095,0.5225,0.406009764487312,0.40415254774577,0.426032204063939,0.0200224395766269,0.4775
"Weak qualitative HTE",2000,263,0.0100860495118991,0.0159435959202557,1,-0.0121630107760306,0.00723934471168308,0.00184489766395518,0,0.541036219319363,0.268,0.888745032457607,0.708434434825392,0.000145033839815178,0.000145033839815178,0,0.006,-0.00168196764501679,0.0477400760334225,0.3135,0.5115,0.405348924264481,0.403666956619464,0.425376188489278,0.0200272642247974,0.4885
"Weak qualitative HTE",2000,264,0.0131326937250532,0.0614682155823483,1,0.0159934739428192,0.0449176701844344,0.00889763612272132,0,0.506978977799805,0.454,0.767636840612591,0.612594977352819,0.00754135624875263,0.00754135624875263,1,0.852,0.00225322392262645,0.0470980860078317,0.341,0.474,0.408655777428423,0.410909001351049,0.430349585634759,0.0194405842837098,0.526
"Weak qualitative HTE",2000,265,0.102645240632487,0.0534505287490271,0,0.0108031106304681,0.0428769343087478,-0.00152010963419291,0,0.491564224828726,0.428,0.862026932899932,0.691292492983527,0.00117501861200209,0.00361288002436799,1,0.928,-0.00117173655258079,0.0479236285290317,0.3105,0.505,0.406385028066884,0.405213291514303,0.426862048518757,0.0204770204518734,0.495
"Weak qualitative HTE",2000,266,0.37962649432837,0.449139818125867,0,0.00818079168558649,-0.00202176723048024,0.00724238387293907,0,0.566077122130344,0.166,0.763266643607436,0.485946771467328,0.00606188743733976,0.00699370670531307,0,0.352,-0.000840830595923192,0.0476010430939898,0.3215,0.5015,0.405389944709363,0.404549114113439,0.425877043536585,0.0204870988272228,0.4985
"Weak qualitative HTE",2000,267,0.0385970096644018,0.0859503388487831,1,0.0133058849833834,0.0517345372496821,-0.00253174924982902,0,0.566423851284889,0.044,0.664095232957509,0.466304390478071,0.00674147797013092,0.00674147797013092,1,0.674,-0.00166722970052445,0.048288370575404,0.319,0.51,0.404148526518877,0.402481296818352,0.424600912422937,0.0204523859040605,0.49
"Weak qualitative HTE",2000,268,0.0264239910792161,0.0143382352592247,1,0.00195558701631915,-0.0201116441269586,-0.00691884163583156,0,0.651580184774308,0.032,0.877886029411764,0.709993499539676,0.014081136962661,0.014081136962661,0,0.372,-0.00162555686022832,0.0482280081109528,0.3245,0.512,0.405543785584708,0.40391822872448,0.425936243378875,0.0203924577941671,0.488
"Weak qualitative HTE",2000,269,0.0964438361912173,0.0492528288734211,0,0.00577139437648286,0.00963281637983758,0.00328086525600302,0,0.554242192480142,0.148,0.829686379458118,0.583907360934396,0.00830862195160464,0.00830862195160464,1,0.302,0.000235511287631659,0.0479326498451117,0.333,0.499,0.407822211336018,0.408057722623649,0.428995725300641,0.0209380026769918,0.501
"Weak qualitative HTE",2000,270,0.00442550866378941,0.00113463600065539,1,-0.00353618472996296,-0.04600978643585,0.0478658522707867,0,0.784414487016239,0.022,0.853288671242104,0.574350420296963,0.014957645104196,0.0169832804073093,1,0.484,-0.00103650273927708,0.0487628067757755,0.3225,0.51,0.405870478967839,0.404833976228561,0.426833503457671,0.0209630244898328,0.49
"Weak qualitative HTE",2000,271,0.288697521074558,0.239882255395997,0,0.0206743515515816,0.03133763293573,0.0218303027383413,0,0.516500302598759,0.466,0.529871049493143,0.394760737453648,0.00471398435073977,0.00471398435073977,0,0.242,-5.35392892116541e-05,0.0476576685425814,0.333,0.499,0.406220079694257,0.406166540405045,0.427117376804193,0.0208972971099363,0.501
"Weak qualitative HTE",2000,272,0.0346495690960472,0.0146762951467397,1,0.0127965341992086,0.0631088982462768,-0.0740882282644988,0,0.527537903021603,0.176,0.918286915396742,0.807621474862688,0.0143379859702152,0.0171919975850293,1,0.328,-0.00109970846928048,0.0478094774960971,0.3195,0.5115,0.405991207682528,0.404891499213248,0.426522433601731,0.0205312259192026,0.4885
"Weak qualitative HTE",2000,273,0.378316028272209,0.574818744295836,0,0.0168532948887898,0.00153518742259161,0.000830713037436759,0,0.553268536565884,0.474,0.680904388631152,0.257174589867641,-6.37463056440968e-06,-6.37463056440968e-06,1,0.98,0.00180623100483186,0.0477779599400642,0.35,0.485,0.40835117284647,0.410157403851302,0.430339769147347,0.0201823652960449,0.515
"Weak qualitative HTE",2000,274,0.104966256203581,0.100298867159162,0,-0.000957650071184488,-0.0192693582583861,0.0265961570595301,0,0.60690773005126,0.072,0.833506944444445,0.753356063361855,0.00743989327925654,0.00743989327925654,1,0.688,0.00135662051119448,0.0483001406858579,0.3525,0.4875,0.408049617170259,0.409406237681453,0.430062514153708,0.0206562764722548,0.5125
"Weak qualitative HTE",2000,275,0.0860522707837068,0.30062989735217,0,0.00243698709041853,0.0112418334359318,-0.0113818621284253,0,0.544241140964687,0.22,0.562962196824742,0.422519305594455,0.00484830594312258,0.00484830594312258,1,0.43,0.000587401938166473,0.0483056330384683,0.343,0.5015,0.407930994539475,0.408518396477641,0.429434421026133,0.0209160245484911,0.4985
"Weak qualitative HTE",2000,276,0.777139209278962,1,0,0.00439479912090827,-0.012228458193162,0.0175898919258508,0,0.555657894205385,0.442,0.632822442317268,0.239962560737866,-0.00253997552349539,-0.00253997552349539,0,0.072,0.000810612220597519,0.047862477906099,0.3335,0.503,0.407264688928299,0.408075301148896,0.428621734253083,0.0205464331041869,0.497
"Weak qualitative HTE",2000,277,0.778682124010531,1,0,-0.018717209164359,-0.00189610377578277,-0.00644554326068691,0,0.527817175671679,0.504,0.58829044117647,0.403355862043643,-0.00175332989470728,-0.000380616639677755,1,0.994,-0.000214034686811643,0.0479664504863992,0.3285,0.506,0.406780736317109,0.406566701630297,0.427734558448883,0.0209538221317745,0.494
"Weak qualitative HTE",2000,278,0.0354757805150339,0.0697026889220514,1,-0.0017248749843007,0.00624306262157905,0.00547139519485124,0,0.578414750322924,0.206,0.587120674985819,0.359815926823412,0.0061860322946598,0.0061860322946598,1,0.664,-0.00189293957086934,0.0483806422887208,0.3155,0.5155,0.404684460639828,0.402791521068959,0.424985793150682,0.0203013325108543,0.4845
"Weak qualitative HTE",2000,279,0.00781734185709288,0.00329096100769097,1,0.0179463215892114,-0.0208684680846928,2.33682517709055e-05,0,0.561383624243046,0.22,0.784438659409078,0.647805404583459,0.00369384924975652,0.00369384924975652,1,0.946,-4.46998736298216e-05,0.0478955585047261,0.324,0.491,0.40647033636211,0.40642563648848,0.427387402382949,0.0209170660208391,0.509
"Weak qualitative HTE",2000,280,0.00408024189106652,0.00127012548276963,1,0.00413067790183679,0.0116143941642875,0.00712368457327217,0,0.604171754816614,0.04,0.802370195065979,0.612157887767579,0.00175334808858674,0.00380095934372426,0,0.076,0.000368953567867839,0.0484093418177585,0.337,0.495,0.406425612204262,0.406794565772129,0.427883227079477,0.0210886613073474,0.505
"Weak qualitative HTE",2000,281,0.0114955785078137,0.00339189470712507,1,0.0384425502233624,0.0205695628451405,0.0289631588127766,0,0.513961065153412,0.196,0.910530975118194,0.80901896695853,0.0140851152920728,0.0140851152920728,0,0.332,0.000720815925839106,0.048004312480042,0.335,0.4935,0.407197402131926,0.407918218057765,0.428656959791253,0.0207387417334883,0.5065
"Weak qualitative HTE",2000,282,0.675127409252391,0.676805789161026,0,-0.0286808833787359,-0.0236762804863971,-0.0482443031001585,0,0.67623770217889,0.096,0.549045138888889,0.366637232119692,0.00489554702742628,0.00619193246421312,0,0.376,-5.0789001332134e-05,0.0477174600154597,0.34,0.4975,0.407146472817426,0.407095683816094,0.428198712518306,0.0210522397008795,0.5025
"Weak qualitative HTE",2000,283,0.524779331729919,0.775636526360428,0,0.00533144012337215,0.0306348227143682,0.0356346015653637,0,0.508136882124987,0.196,0.520414832140891,0.359882869485653,0.000511967608543773,0.00226964795932799,0,0.362,0.000929499250826267,0.0487614602510898,0.3435,0.486,0.407807364319336,0.408736863570162,0.429672703025599,0.0209358394554369,0.514
"Weak qualitative HTE",2000,284,0.0986445038053338,0.051015657658934,0,0.00109264387691727,-0.00823237610566472,0.0137709571940288,0,0.561399365933638,0.126,0.924923780487805,0.902037308935766,0.0152286552279388,0.0152286552279388,1,0.29,-0.000172156369872367,0.0482600637813971,0.3375,0.498,0.406296604748824,0.406124448378952,0.427459875625587,0.0211632708767633,0.502
"Weak qualitative HTE",2000,285,0.00589572996287679,0.00286501033037292,1,-0.00363279258775313,0.0102092827732384,-2.76721537167957e-05,0,0.540080177680898,0.394,0.945110294117647,0.885796624398353,0.00947851890552814,0.00947851890552814,0,0.786,-0.00201799992721442,0.0486406092781692,0.321,0.5165,0.405504953663166,0.403486953735951,0.425933685641486,0.0204287319783201,0.4835
"Weak qualitative HTE",2000,286,0.0181308978496682,0.0643880850352389,1,0.0159641544946436,0.0671048633760591,-0.00736293053822235,0,0.555474207748616,0.054,0.616582046400113,0.411447084999481,0.0022006076036537,0.0022006076036537,1,0.956,7.20018496949704e-06,0.0480357721113419,0.3385,0.4945,0.407208890706074,0.407216090891043,0.428406033903076,0.0211899430120333,0.5055
"Weak qualitative HTE",2000,287,0.000114822086244696,9.35967467733761e-05,1,0.0288321213282188,0.0240248546677952,0.0144584532124548,0,0.5965453124071,0.034,0.940243055555558,0.884424837831797,-0.00030626627052649,-0.00030626627052649,1,0.062,9.40962285910136e-05,0.0472115808875092,0.3285,0.4945,0.406701762273635,0.406795858502226,0.427413020040387,0.0206171615381604,0.5055
"Weak qualitative HTE",2000,288,0.137422034333497,0.0564793348074153,0,0.00709319053474694,-0.0211466266730358,-0.0105252361996645,0,0.583254851429417,0.17,0.578653239639242,0.256221348390531,0.00304056425168975,0.00304056425168975,0,0.356,-0.000127158088428062,0.0477042313003538,0.331,0.494,0.405250321762721,0.405123163674293,0.426187351399984,0.0209370296372632,0.506
"Weak qualitative HTE",2000,289,0.495107267014454,0.426929501965287,0,0.00808916790388784,0.0422499973826801,0.0331737046100704,0,0.504668379902996,0.528,0.755791021227768,0.225033539947336,-0.00514778807161487,-0.00422109236183632,0,0.264,0.000325414779726244,0.0481951775195772,0.331,0.497,0.407751134698042,0.408076549477768,0.428976858748758,0.0209003092709894,0.503
"Weak qualitative HTE",2000,290,0.135996478755838,0.184575858559762,0,0.00853848199671647,0.0158560526802956,0.00335565619741424,0,0.52679434673938,0.506,0.871580387205387,0.796699232072648,0.000216138862914661,0.000216138862914661,1,0.992,0.000712894142067423,0.0477676879993033,0.3425,0.4855,0.406866496558042,0.407579390700109,0.428249693408978,0.0206703027088691,0.5145
"Weak qualitative HTE",2000,291,0.278836601066882,0.412838425210252,0,-0.00515446246156474,-0.00895630659958621,0.0237653989633904,0,0.569935556225022,0.07,0.597669661772225,0.547305892896653,0.00743399830031966,0.0102702246543693,1,0.206,-0.00179274370627109,0.0486527671317949,0.334,0.5135,0.405098345542126,0.403305601835855,0.425740390483665,0.0206420449415392,0.4865
"Weak qualitative HTE",2000,292,0.0215868740159688,0.0306637817903036,1,0.0178150592595864,0.0289556593189664,0.000121020609743339,0,0.525891302704269,0.288,0.862634964610334,0.757195305312891,0.0129853341154695,0.0157314963178621,1,0.508,-0.00116366672869801,0.0489430810792474,0.329,0.509,0.405593133626384,0.404429466897686,0.4265305349072,0.0209374012808157,0.491
"Weak qualitative HTE",2000,293,0.0354743211845198,0.025596023062258,1,0.0176576903227002,0.0393524036009769,0.00198673789919929,0,0.519660190438623,0.37,0.70234536034614,0.411051858559871,0.0080670845176779,0.00892187312786391,1,0.706,0.000526879484011996,0.0483475342630765,0.3375,0.4925,0.407575950479194,0.408102829963206,0.429030734766919,0.0209279048037128,0.5075
"Weak qualitative HTE",2000,294,0.00847136005303259,0.00572272272761693,1,-0.0106780885732475,-0.00234024161328227,0.00815051946684109,0,0.547576004292685,0.034,0.921452567589186,0.89788548622358,0.0023349341680613,0.00253053859767421,0,0.034,-0.00101005941575939,0.0483115661773531,0.324,0.512,0.406349683584606,0.405339624168847,0.427044340063424,0.0206946564788175,0.488
"Weak qualitative HTE",2000,295,0.204162829979165,0.172553943712067,0,0.0113427227093733,-0.0164862461624739,0.0119987376825743,0,0.5685606212948,0.214,0.77481827885935,0.688578048557592,0.0102362516294786,0.0102362516294786,1,0.82,0.00167666155107692,0.0479657541583048,0.358,0.4905,0.408094690304647,0.409771351855724,0.430059706676998,0.0202883548212747,0.5095
"Weak qualitative HTE",2000,296,0.00282520238353398,0.00126143019629439,1,0.0277449004603634,0.0307476019905794,0.0365483633319261,0,0.469668351515162,0.054,0.745477066286315,0.651592470506801,0.0116810236729943,0.0139451951162143,1,0.458,-6.96749445124024e-05,0.0480365994805047,0.33,0.504,0.407857415402957,0.407787740458444,0.428897949523077,0.0210405341201204,0.496
"Weak qualitative HTE",2000,297,0.521747658628016,0.689880021251375,0,-0.0091496627937679,-0.0176219830583594,0.000164395549954677,0,0.556177210632965,0.448,0.786274184326526,0.715485025505903,0.000137458496368537,0.00180469440014103,1,0.926,0.00107220213747326,0.0483001966422975,0.337,0.485,0.407086396668033,0.408158598805506,0.428868193911695,0.0207095951061881,0.515
"Weak qualitative HTE",2000,298,0.00133215711384193,0.00031470311842838,1,0.0271634075379635,0.0213424322858258,0.0371619487091904,0,0.544339362855772,0.052,0.981587085932891,0.966438022766525,0.0119464709519584,0.0119464709519584,1,0.66,0.000470908543525789,0.0477024613832371,0.3315,0.4895,0.405650453533111,0.406121362076637,0.426780220038712,0.0206588579620752,0.5105
"Weak qualitative HTE",2000,299,0.0938872483411912,0.0608021071143731,0,0.00189253950676369,0.00625213752814676,-0.0139132020480951,0,0.553260688165369,0.348,0.653363970588235,0.395962158768631,0.0035692905374069,0.00530953897733349,1,0.766,-0.000601682615154672,0.0487961006564923,0.335,0.5055,0.405399340784373,0.404797658169218,0.42665454283987,0.021255202055497,0.4945
"Weak qualitative HTE",2000,300,0.106186422541091,0.130533237620476,0,0.00892396148882023,0.0127256853043615,0.0212798996104629,0,0.532816174416586,0.5,0.819970858923993,0.627378850385157,0.00903455763527555,0.00903455763527555,0,0.286,-0.00113110966272401,0.0489237712927042,0.331,0.5105,0.406005410884593,0.404874301221869,0.427094713215748,0.0210893023311552,0.4895
"Weak qualitative HTE",2000,301,0.00531233156429142,0.00542499492367546,1,-0.0109951138212021,-0.0336745197664557,0.00600299033426221,0,0.581098590400946,0.244,0.86144422237027,0.81005760045869,5.0893269444352e-05,0.00204876623607075,1,0.968,0.000164840551842096,0.0478923613467567,0.3335,0.4955,0.406765212693549,0.406930053245391,0.427927798566161,0.0209977453207696,0.5045
"Weak qualitative HTE",2000,302,0.0401255800511674,0.0122744516270433,1,-0.00394848966590033,0.0439349647274774,-0.00135060354312655,0,0.484923532644364,0.416,0.824809056192037,0.721024193760523,0.00289425878475119,0.00712320771436226,0,0.14,-0.000451518122992509,0.0484275060697228,0.3355,0.5025,0.406885064785826,0.406433546662834,0.428018963373982,0.0211338985881555,0.4975
"Weak qualitative HTE",2000,303,0.087362768252896,0.0334006895514408,0,0.0064743249958963,0.0376044087388495,0.00374585689324475,0,0.507302233816047,0.508,0.83211889474064,0.599237669779625,0.000155985417208071,0.000155985417208071,0,0.008,-0.000203261287678881,0.0486906608527368,0.3355,0.51,0.406300625635466,0.406097364347788,0.427712897867734,0.0214122722322678,0.49
"Weak qualitative HTE",2000,304,0.0093490683331327,0.0178589385033049,1,-0.00758716120426144,-0.0215083292389697,-0.0287528016830365,0,0.63722786676686,0.098,0.78249773139746,0.509306567226355,0.0114129841547609,0.0114129841547609,0,0.38,0.00031080164864273,0.0477751653424974,0.3395,0.504,0.406172060298206,0.406482861946849,0.42733962762889,0.0208567656820412,0.496
"Weak qualitative HTE",2000,305,0.0167202524786036,0.00764499059093876,1,0.0310346818845482,0.0258603867219391,0.0205068011948167,0,0.539720381950943,0.17,0.80724684452094,0.717457730300552,0.00775173856205635,0.00775173856205635,0,0.324,-0.000265433078335573,0.0483441279251994,0.334,0.501,0.406209546819419,0.405944113741083,0.427274306302339,0.0210647594829197,0.499
"Weak qualitative HTE",2000,306,0.154569564867643,0.259292068221448,0,0.0122703634387265,0.00945783598625847,0.0121267286005701,0,0.533724228971464,0.436,0.768484021619354,0.544266327140083,0.0125338659740065,0.0128339050977795,1,0.746,-0.000490530286485841,0.0481178422882362,0.336,0.507,0.405514168152097,0.405023637865611,0.426390279752442,0.0208761116003456,0.493
"Weak qualitative HTE",2000,307,0.801941077635258,0.971751700315378,0,0.0121543469901759,0.0289664362561882,0.00122584868504982,0,0.512002604059227,0.178,0.63388691252972,0.522350363120974,0.00529084964196297,0.00529084964196297,1,0.352,-0.000568681651217762,0.048250293358699,0.334,0.5075,0.40572000591361,0.405151324262392,0.426684248726357,0.0209642428127466,0.4925
"Weak qualitative HTE",2000,308,0.0378517170244297,0.134785762856168,1,-0.0263212056073362,-0.0569832059101441,-0.0278520836123484,0,0.750542393626977,0.032,0.640215065364766,0.417187389260116,-0.000895900668108185,-0.000708564974311265,0,0.09,0.00182737454257319,0.048464006849488,0.3475,0.479,0.40894633330488,0.410773707847453,0.431175671101106,0.0204019632536532,0.521
"Weak qualitative HTE",2000,309,0.0113207339494006,0.00417623180799894,1,-0.00127435409342565,-0.0062875956813986,-0.00165358537604027,0,0.585100450345375,0.172,0.841568966873871,0.682483034513599,0.00223872435789002,0.00223872435789002,0,0.05,-0.00335735489376545,0.0474417737583447,0.297,0.5285,0.403463194926316,0.40010584003255,0.422633549617833,0.019170354691517,0.4715
"Weak qualitative HTE",2000,310,0.102780242767256,0.0429606017312251,0,-0.00223662831644119,0.000699245114916071,-0.0048916118754152,0,0.552568844993311,0.356,0.852130325814537,0.773728004177364,-4.57161374897153e-05,0.00025313087133022,1,0.992,0.00061859431548853,0.0485748626218711,0.344,0.4955,0.407197340160707,0.407815934476195,0.428956462501444,0.0211405280252487,0.5045
"Weak qualitative HTE",2000,311,0.123554635461936,0.168593589265049,0,0.00661021115981377,0.00617484483913647,0.0044827981901247,0,0.591509239147116,0.056,0.817170632247729,0.517724548335709,0.00340082203493897,0.00340082203493897,0,0.126,-0.00107109827391619,0.0487445451538615,0.3285,0.504,0.406208924093875,0.405137825819959,0.427173561363848,0.020964637269973,0.496
"Weak qualitative HTE",2000,312,0.186282758091789,0.0899780483440233,0,-0.0103598060566974,-0.0233556067084323,0.00288386258832313,0,0.616298831218727,0.148,0.706695536309128,0.513385195575658,-0.00177366183545308,0.000198073998163684,1,0.988,-0.000897853328558319,0.0477721541233155,0.3245,0.5065,0.405137264465572,0.404239411137014,0.425693570441331,0.0205563059757583,0.4935
"Weak qualitative HTE",2000,313,0.0312328389683596,0.0225398698656697,1,0.0014911005199664,0.038560605081836,0.00198742143480479,0,0.589769079017754,0.044,0.968807854137448,0.948567527769155,0.00404426420866499,0.00527544918090189,0,0.086,0.000110966910010754,0.0482077502649055,0.327,0.496,0.406520904048761,0.406631870958771,0.42776427517576,0.0211324042169888,0.504
"Weak qualitative HTE",2000,314,0.120520335395711,0.0478209891038454,0,-0.00386133056795335,0.00845753944028154,-0.000520044200722602,0,0.58238415687986,0.118,0.817675836642087,0.711550135732469,0.00509883966224839,0.00509883966224839,1,0.924,5.43889169683034e-05,0.0478927308424279,0.326,0.4945,0.405908944887092,0.40596333380406,0.426831019184467,0.0208676853804072,0.5055
"Weak qualitative HTE",2000,315,0.379847682766086,0.354568112454679,0,0.0098586014012941,-0.00117004857593555,0.0192463292508992,0,0.573272754366426,0.096,0.532138072068261,0.330325042379405,0.00447902416124324,0.00453609072881506,1,0.644,3.83019458572245e-05,0.0484854081982771,0.3335,0.497,0.405484413208946,0.405522715154803,0.426857887566323,0.0213351724115201,0.503
"Weak qualitative HTE",2000,316,0.639915877941136,0.633058933291701,0,0.00187947876722731,-0.00238971775213754,-0.00618344854364677,0,0.551882610854274,0.14,0.684051974448315,0.428270198614584,-0.00201465000484474,-0.00152924565572138,0,0.184,0.000878251738741883,0.0471858716688898,0.324,0.4915,0.407740624782028,0.40861887652077,0.428713487519886,0.0200946109991157,0.5085
"Weak qualitative HTE",2000,317,0.204046631050392,0.29908842774162,0,0.0121196734152013,-0.0053334311055222,-2.84784490763301e-05,0,0.55197597837878,0.316,0.582281639928699,0.276082351396449,-0.00154045375445888,-0.000235963817454221,0,0.014,-0.00090092814076113,0.0489535230612311,0.3315,0.519,0.406435342546631,0.40553441440587,0.42759336956651,0.0211580270198791,0.481
"Weak qualitative HTE",2000,318,0.340048815018667,0.507152897879662,0,-0.00842448395434795,-0.0426317008544065,0.0140646815856229,0,0.574079541076107,0.342,0.849666523235801,0.725220186624547,0.0132483450098694,0.0132483450098694,1,0.73,0.000395727155349824,0.0470972277411589,0.3215,0.5015,0.406915822807949,0.407311549963299,0.427589230347926,0.0202776803846274,0.4985
"Weak qualitative HTE",2000,319,0.0263953671580378,0.0224554411158146,1,0.00607882668955018,0.0266729192080309,-0.000996784603895018,0,0.509613832654888,0.518,0.749550763701705,0.496963004029209,-0.00132483589570415,0.000353572384455492,0,0.028,0.00197392723660119,0.0481847952821392,0.354,0.4905,0.40885147025627,0.410825397492872,0.431025465062761,0.0202000675698896,0.5095
"Weak qualitative HTE",2000,320,0.27130555418387,0.513921371471888,0,-0.00221041755702373,-0.00851884257527327,-0.00818687563302756,0,0.568859424701254,0.354,0.602311117936118,0.313245681626682,0.00236927746931465,0.00626082957254931,1,0.748,-0.000455466122612592,0.0484076221054115,0.3305,0.506,0.405382714933338,0.404927248810725,0.426433951750315,0.0210512368169777,0.494
"Weak qualitative HTE",2000,321,0.000770767310767081,0.000208733818163041,1,0.0161146674049974,-0.0148099221546343,-0.00126933307448246,0,0.620340842110944,0.044,0.74223624503687,0.59946954863502,0.0112685278771803,0.0124833113467909,0,0.464,-0.000378722419375091,0.0475360038832358,0.325,0.5035,0.405670950058324,0.405292227638949,0.426350061124685,0.0206791110663611,0.4965
"Weak qualitative HTE",2000,322,0.242887662345203,0.427322379028532,0,-0.00953417160806889,-0.0510178261212773,-0.00919679443338667,0,0.637373094626653,0.064,0.697190766550522,0.537199486309404,0.00435274531723995,0.00435274531723995,0,0.14,0.00067969548932644,0.0477817588436536,0.343,0.498,0.407189468010975,0.407869163500302,0.428477837711399,0.0206086742110975,0.502
"Weak qualitative HTE",2000,323,0.00966898355100808,0.00251333100286545,1,0.0279268093021524,0.0324203066053678,-0.00310947718457172,0,0.541046255635836,0.466,0.960673248098397,0.927668471640383,0.00336995090104614,0.00353700810070501,0,0.938,-0.00036562916081292,0.0471332765036072,0.327,0.502,0.406562429865403,0.40619680070459,0.426990538372293,0.0204281085068893,0.498
"Weak qualitative HTE",2000,324,0.778188147645393,1,0,0.0140351040376643,0.0733494967781546,0.135099829617263,0,0.5763595316797,0.05,0.618813811684628,0.396481785265159,0.00213313878116844,0.00213313878116844,0,0.86,0.000943371211975689,0.0478381740310176,0.3455,0.4945,0.406669155634126,0.407612526846102,0.428182240868949,0.0205697140228476,0.5055
"Weak qualitative HTE",2000,325,0.225743125075632,0.540163230706226,0,0.00457901764524688,0.0213432366690357,-0.00377763774262568,0,0.524785879207886,0.508,0.557249517046939,0.461836334764542,-0.00125642051972369,-0.00125642051972369,1,0.808,-0.000421080156411847,0.0473271921162711,0.32,0.5065,0.405836405705589,0.405415325549177,0.426279979299837,0.0204435735942486,0.4935
"Weak qualitative HTE",2000,326,0.241937026736786,0.353749529945981,0,-0.0149883946366846,-0.0172642848305521,-0.00598172315355666,0,0.54086210907693,0.448,0.483669481471142,0.44524622464049,-0.000565525316799154,0.00190656837556341,0,0.026,0.00180472433733903,0.0482677129471333,0.3495,0.48,0.407333840423639,0.409138564760978,0.429495061345551,0.0203564965845733,0.52
"Weak qualitative HTE",2000,327,0.413414502745185,0.522158935817939,0,0.0117296756566143,-0.0244283298769748,-0.00377248651092865,0,0.580795143284821,0.438,0.909472433195299,0.824346197769822,-0.00134176016549364,0.00217041500144283,1,0.96,0.00097379841089231,0.047750224443998,0.3385,0.4895,0.40647437169199,0.407448170102882,0.427872000869157,0.0204238307662754,0.5105
"Weak qualitative HTE",2000,328,0.0338089645943532,0.0443309294627067,1,0.0023618189726086,0.00738773099995295,0.00600538910832837,0,0.538685856286015,0.424,0.926307079691782,0.88877845260984,0.00494967308311078,0.00494967308311078,1,0.846,-1.35719738697858e-06,0.0483914217512987,0.3345,0.5105,0.407248589780622,0.407247232583235,0.428514386196753,0.0212657964161315,0.4895
"Weak qualitative HTE",2000,329,0.100323885182925,0.158981065173197,0,0.00335700598233194,0.0447021806644628,-0.031990613687165,0,0.503118265067684,0.202,0.906211435623201,0.795784748126287,0.00326556965556357,0.00708364102997966,1,0.812,0.000686770143692874,0.0472461365645934,0.3335,0.5,0.407191828901037,0.40787859904473,0.428204668065981,0.0203260690212513,0.5
"Weak qualitative HTE",2000,330,0.120070862245382,0.0532541601883808,0,0.00832728383223735,-0.0305281847181716,0.000649340881339389,0,0.575934795198109,0.102,0.819182501418038,0.755223813830475,0.00920943963476228,0.0105053690738104,0,0.202,0.0011105566636108,0.0484150711748956,0.3415,0.495,0.408348130384529,0.40945868704814,0.430149841064396,0.0206911540162557,0.505
"Weak qualitative HTE",2000,331,0.00559817003698484,0.00218567446192619,1,0.0251686039397613,0.0158499636575644,0.030595035517803,0,0.568508386656652,0.016,0.957794117647061,0.929637456564511,0.00361671665042534,0.00588648537852177,1,0.91,0.0009273910541089,0.0487296683309208,0.35,0.4865,0.407494985376504,0.408422376430613,0.4294069102961,0.0209845338654869,0.5135
"Weak qualitative HTE",2000,332,0.0349754991552023,0.0675728538489794,1,0.012430691441125,0.017011106488632,0.0142870070055072,0,0.543078481465932,0.204,0.813076549603495,0.690977869471744,0.0148509237294357,0.0150819834900647,0,0.396,0.000221586479985111,0.0482563706179891,0.333,0.4905,0.406475697496488,0.406697283976473,0.427840373859728,0.0211430898832542,0.5095
"Weak qualitative HTE",2000,333,0.0488792142209136,0.0181574273345291,1,0.00844359931841873,0.0215374383126791,0.0181254234504717,0,0.536006738293158,0.058,0.836868070852523,0.607343014519605,0.00407398127213698,0.00407398127213698,0,0.1,-0.000317955272016974,0.0478312570986969,0.3255,0.5105,0.4063790834771,0.406061128205083,0.42710408071114,0.0207249972340399,0.4895
"Weak qualitative HTE",2000,334,0.484566910712587,0.540098970864144,0,-0.00172206030884068,-0.034324760503858,-0.0302597787779285,0,0.764037372416018,0.02,0.707390398199894,0.495897551584493,0.00742916544745931,0.00838204459592834,0,0.564,0.000625548587665288,0.0477262565951111,0.326,0.493,0.406974365801303,0.407599914388968,0.428257644070372,0.0206577296814038,0.507
"Weak qualitative HTE",2000,335,0.0116389571369304,0.00653062465550827,1,0.00482614447392243,-0.0118407241164783,0.0177157607038796,0,0.581010372875637,0.212,0.75953148470068,0.639365822753807,0.00591558718387852,0.00591558718387852,1,0.89,0.000464517511448334,0.0481583156413813,0.3365,0.5015,0.406181707335252,0.4066462248467,0.427570722421041,0.0209244975743403,0.4985
"Weak qualitative HTE",2000,336,0.00764698967839303,0.0024549313388246,1,0.0168906994335531,-0.01548441829278,0.0149829604726303,0,0.537347022609269,0.124,0.818078978053916,0.712763030153382,0.008483887925062,0.008483887925062,0,0.23,-0.000597234889053726,0.0483502122320095,0.327,0.507,0.405986543016278,0.405389308127225,0.426940313183513,0.0209537701672348,0.493
"Weak qualitative HTE",2000,337,0.00038333110619377,0.000254720968309705,1,0.0129515902883903,0.0330398004269037,0.00736153815660251,0,0.512526693691174,0.504,0.941377625793844,0.912705945880327,0.00274499387225335,0.00274499387225335,1,0.962,0.000151742685063311,0.0486010756451042,0.347,0.4985,0.406763399979003,0.406915142664066,0.428264333997382,0.0213491913333156,0.5015
"Weak qualitative HTE",2000,338,0.0234007153984727,0.0464983645926746,1,-0.0018349539490214,-0.00461056517359818,0.00122939210792766,0,0.592836174010375,0.054,0.846655876364016,0.706815012343441,0.0153522094938393,0.018143440027403,0,0.552,0.000513835986816029,0.0479001335377942,0.332,0.489,0.406354867889326,0.406868703876142,0.427640496033976,0.0207717921578334,0.511
"Weak qualitative HTE",2000,339,0.451624502676431,0.616892250289157,0,0.0298809679522877,0.0383392312548906,0.0252626272242093,0,0.517252271012546,0.408,0.703793801415016,0.407303369905811,-0.000249916678960627,-0.000249916678960627,0,0.158,-0.00101558510148846,0.0478620704739401,0.3165,0.5035,0.406026713886212,0.405011128784724,0.42647119613276,0.0204444822465477,0.4965
"Weak qualitative HTE",2000,340,0.248914409433018,0.571319374914796,0,0.0111404514825452,-0.00434578154974613,0.0128517693015056,0,0.549823338041653,0.438,0.745626331215526,0.564912838146801,0.00223419671224256,0.003574026320396,1,0.89,0.00112022606800427,0.0475230903295449,0.338,0.488,0.407914767772828,0.409034993840833,0.429271805796215,0.0202368119553826,0.512
"Weak qualitative HTE",2000,341,0.953764900659608,1,0,0.00709493317744174,0.0068815842730025,0.00769301729208793,0,0.696701273919163,0.036,0.650118879493734,0.476271559508146,0.00263832153927912,0.00263832153927912,1,0.528,0.00103052204668071,0.0488447528324554,0.3425,0.494,0.406847703156353,0.407878225203033,0.429012090818257,0.0211338656152241,0.506
"Weak qualitative HTE",2000,342,0.0903491409668512,0.07001898860019,0,0.0357961303987024,0.045725552457682,0.0598265479697406,0,0.497575904070272,0.416,0.647794919465847,0.397144300705121,0.0105127428294183,0.0107947393929703,0,0.764,-0.000188994394765033,0.0479716458225626,0.3305,0.5045,0.406924661054351,0.406735666659586,0.427923799170881,0.02099913811653,0.4955
"Weak qualitative HTE",2000,343,0.0122584174928674,0.0181483789266252,1,0.0103600671006821,0.0577245899272607,0.0633177372636927,0,0.502715299009756,0.41,0.921182174846399,0.861496862414078,0.00891981259134017,0.00891981259134017,0,0.76,-0.00108802380779945,0.0475775974642097,0.3205,0.514,0.406838089954051,0.405750066146251,0.427182944725197,0.0203448547711464,0.486
"Weak qualitative HTE",2000,344,0.173856826882355,0.0814515894440196,0,0.0255180956719634,0.0419374097416892,0.0272215899856946,0,0.504633730535914,0.456,0.666088998211091,0.524834642457477,0.00542506357968264,0.00726783929972707,1,0.852,0.000662812421151764,0.0486498164458865,0.34,0.4975,0.406302149201178,0.40696496162233,0.427938651849716,0.0209736902273857,0.5025
"Weak qualitative HTE",2000,345,0.124096368933352,0.0835680284134779,0,0.0150289420331648,0.01854281547779,0.0114750969297592,0,0.519129982590258,0.318,0.834551922630008,0.825060687362918,0.00849574354888954,0.00849574354888954,1,0.664,0.00130687227765769,0.0479986036693182,0.3465,0.485,0.407428402798555,0.408735275076213,0.429138017675374,0.0204027425991604,0.515
"Weak qualitative HTE",2000,346,0.0095479140900963,0.00218853933711267,1,0.0146745495248869,0.0202804625791831,0.00698389668283289,0,0.577049987142193,0.048,0.902086883233476,0.856300206520834,0.00538196115775597,0.00562416193281656,0,0.09,2.02248118041624e-06,0.0477966601780657,0.332,0.4955,0.406933321281087,0.406935343762268,0.427888793881359,0.0209534501190913,0.5045
"Weak qualitative HTE",2000,347,0.688609315058768,0.780760293676781,0,-0.0191107046804957,-0.0121491809978833,0.000750435652853043,0,0.544228503717187,0.444,0.531829442234065,0.266989059362401,7.03350924935453e-06,7.03350924935453e-06,0,0.004,-0.000924095981717133,0.0481029581662287,0.326,0.501,0.406655445457682,0.405731349475965,0.427377812110042,0.0207223666523599,0.499
"Weak qualitative HTE",2000,348,0.0097805681024439,0.00959145082959365,1,0.00194808666624508,0.0449569546123051,-0.0104076948139719,0,0.5856585026064,0.066,0.891206081775221,0.853745293288027,0.0124678900567403,0.0124678900567403,1,0.738,5.31554139721736e-05,0.0483847396659475,0.3335,0.502,0.407678510632069,0.407731666046041,0.429090698422699,0.0213590323766572,0.498
"Weak qualitative HTE",2000,349,0.00770446974568907,0.0114122296317792,1,-0.00870381363988949,-0.0140198088025018,-0.00610528479114103,0,0.640933628225457,0.086,0.589287018774198,0.343256850256773,0.00532187569584558,0.00532187569584558,0,0.668,-0.00192116678128103,0.0483410618685855,0.32,0.519,0.405131746644224,0.403210579862943,0.425423707928992,0.0202919612847671,0.481
"Weak qualitative HTE",2000,350,0.0223231040457761,0.0127498462646962,1,0.0105424295067397,0.0115621814771096,0.0142944928414112,0,0.528480655900955,0.47,0.895778340099398,0.797187627747508,0.00218635844449266,0.00389728443848847,1,0.944,0.000557337662581742,0.0486633693763118,0.3395,0.4995,0.40856420365607,0.409121541318651,0.43024746418272,0.0211259228640689,0.5005
"Weak qualitative HTE",2000,351,4.06736374671694e-05,0.00026108108481776,1,0.0135810774858137,0.0353395832789499,0.0171312008033628,0,0.531686527522224,0.106,0.944111599546228,0.896076920012999,0.0115785632331699,0.0138584487753561,0,0.252,0.000319825186044066,0.0474191624766346,0.33,0.4965,0.407172901246189,0.407492726432233,0.428092987438581,0.0206002610063478,0.5035
"Weak qualitative HTE",2000,352,0.481512734811566,0.368816446018625,0,-0.0216728789512183,-0.0421934609202765,-0.0344910171191149,0,0.663104179601144,0.064,0.661657754010695,0.407277793881316,0.00100675882393358,0.00100675882393358,0,0.15,-0.000527107225617792,0.0483222647758471,0.336,0.5095,0.406425890693079,0.405898783467461,0.427438713936233,0.0210128232431541,0.4905
"Weak qualitative HTE",2000,353,0.00234034624397651,0.0261236950091784,1,0.0128947612752817,0.0263270474782975,0.0304162936702275,0,0.550793305839241,0.346,0.638948984576732,0.399062187692646,0.00422155299996707,0.00595571631369474,0,0.382,0.000413259994698496,0.0475464265104741,0.3335,0.502,0.40708218603892,0.407495446033619,0.428126259347033,0.0206308133134138,0.498
"Weak qualitative HTE",2000,354,0.0168920028492129,0.0265498814136002,1,-0.00622844599010192,0.0350430245953539,-0.0356401629953867,0,0.505285251199996,0.44,0.719546742209632,0.664007886137054,0.000332872323243305,0.00463182891216368,1,0.828,-0.000102637477389178,0.0473813150321034,0.3205,0.501,0.407161676207797,0.407059038730408,0.427813907731991,0.0206522315241935,0.499
"Weak qualitative HTE",2000,355,0.0156432259792765,0.00552609685560767,1,-0.00620503297775086,0.00908918505869465,0.00713288701876086,0,0.548711554040448,0.136,0.810237619364869,0.580665807892621,0.00978178485578779,0.00978178485578779,0,0.26,-0.0005541607619789,0.047887638528602,0.3325,0.5115,0.407512528697832,0.406958367935853,0.428263124428719,0.0207505957308869,0.4885
"Weak qualitative HTE",2000,356,0.219291941833302,0.208694303820499,0,0.0190769362164751,-7.32435935645982e-06,0.00235084657081974,0,0.55824781864467,0.47,0.832228163992871,0.576921882487998,0.00105278550688537,0.00105278550688537,0,0.038,0.000926028592787993,0.0479331097911424,0.3475,0.492,0.408431823738512,0.4093578523313,0.43003724657393,0.0206793942426296,0.508
"Weak qualitative HTE",2000,357,0.000224363148940779,3.46420862142967e-05,1,0.0272556461583307,0.0326116410320874,0.0297927690491308,0,0.523403552542648,0.436,0.989426552300804,0.981776612407397,0.0100149093923873,0.0102139339538325,0,0.844,0.000884602274413489,0.048428560164415,0.339,0.4825,0.407198500434874,0.408083102709288,0.428836519037325,0.0207534163280376,0.5175
"Weak qualitative HTE",2000,358,4.27699457778711e-05,6.27997920235056e-06,1,0.021599497186933,0.0037095926278338,0.011681915490285,0,0.549851452692403,0.25,0.883554178856191,0.76597549763134,0.0137255450005819,0.0137255450005819,0,0.332,-0.00104877484784657,0.0480604262755781,0.32,0.5035,0.40499840919709,0.403949634349244,0.425556609768005,0.0205582005709146,0.4965
"Weak qualitative HTE",2000,359,0.283574226026569,0.404169742292749,0,-0.0203390069768684,-0.00418999419540741,-0.00655386722738355,0,0.546290606016015,0.27,0.591795219528733,0.248732177862665,-0.000277855354232803,-0.000277855354232803,0,0.006,7.20706817125229e-05,0.0480230167218793,0.329,0.4985,0.406657319743189,0.406729390424902,0.427721386251702,0.0209919958268005,0.5015
"Weak qualitative HTE",2000,360,0.0753342638000186,0.101448299234385,0,0.00999764570307617,-0.00825973405427746,0.0197728957563786,0,0.560670780893714,0.374,0.63920879120879,0.522841119794396,0.00802676791189427,0.00830742943239837,0,0.436,-0.00058574325132771,0.0485948053127574,0.337,0.5115,0.405819073041429,0.405233329790102,0.426971568771366,0.0211524957299363,0.4885
"Weak qualitative HTE",2000,361,0.0545042263735832,0.019563682833208,0,0.0248510380303431,0.00961948026223003,0.00650172009997335,0,0.54154448361925,0.434,0.850953173100825,0.751541568085874,-0.000608115493226924,0.00161323125037277,1,0.966,-0.00165438891494613,0.048049050639376,0.309,0.515,0.405563570825686,0.40390918191074,0.425831148614163,0.0202675777884773,0.485
"Weak qualitative HTE",2000,362,0.170474321094976,0.126925136308569,0,0.00580313307788142,0.0216790787139826,-0.019145014922726,0,0.539630275718373,0.26,0.764858420786996,0.570355690224037,0.0102860051484222,0.0109064574157958,1,0.508,0.000944747963721034,0.0482326390585154,0.348,0.498,0.407825623044876,0.408770371008597,0.429571712325223,0.0208013413166256,0.502
"Weak qualitative HTE",2000,363,0.105421660558758,0.117879996499711,0,0.0168714698586718,0.00599092436604371,-0.00252431113971618,0,0.553985693277974,0.464,0.61306196291271,0.458564670512188,0.000605443250790816,0.00162497651056559,0,0.048,0.000673343403441713,0.0483505568887402,0.3385,0.479,0.406693536891739,0.407366880295181,0.428276159947919,0.0209092796527378,0.521
"Weak qualitative HTE",2000,364,0.212962278960215,0.280923018749327,0,-0.00170048105325476,0.0359878725444958,0.00274920491432951,0,0.489700562231396,0.372,0.869913336631304,0.712756946662908,0.0147788494262627,0.0157608742838618,1,0.67,-0.000134729341809319,0.0481424289997071,0.3295,0.5065,0.405819421044506,0.405684691702697,0.426881592255594,0.0210621712110879,0.4935
"Weak qualitative HTE",2000,365,2.61679278535217e-05,7.40329323768007e-05,1,0.0312893151690087,0.0660883637631094,0.0187250642169111,0,0.47294854114651,0.274,0.833699659671015,0.7402467480077,0.00376055035060252,0.00592400813880706,0,0.106,0.00142299714400981,0.0476069026628946,0.335,0.4945,0.408537495206826,0.409960492350835,0.43010708698197,0.0201465946311345,0.5055
"Weak qualitative HTE",2000,366,0.278216686691997,0.320421776758218,0,-0.0067350805959705,-0.000211231304553773,-0.00203362063871093,0,0.55847870356814,0.226,0.540477941176471,0.294764259572637,0.00151825881182532,0.00151825881182532,0,0.456,1.89878760492202e-05,0.048049934133723,0.327,0.506,0.406817894519327,0.406836882395377,0.427872878553663,0.0210359961582859,0.494
"Weak qualitative HTE",2000,367,0.567311561994039,0.660957421341706,0,0.00274140190150241,-0.00510280113777969,0.00374999261832998,0,0.554132221161807,0.462,0.581448525241066,0.379377854009685,-0.000534714491799926,-1.66052513844162e-05,0,0.072,-0.000622256370582113,0.0481684921328645,0.3335,0.5125,0.405678782929344,0.405056526558762,0.42653013016797,0.0208513472386259,0.4875
"Weak qualitative HTE",2000,368,0.1060199594642,0.0500703491524435,0,0.0158717029965614,0.0103210786469995,0.0272861929925697,0,0.511303433389532,0.38,0.850168791870004,0.774909561468118,0.0117752623686115,0.0126332294830625,0,0.714,0.000792348872683983,0.0483524569916977,0.3425,0.498,0.407210220998679,0.408002569871363,0.428899945378702,0.0208973755073384,0.502
"Weak qualitative HTE",2000,369,0.0063892933842307,0.00525253710724499,1,0.00795386903063123,0.000237633092913408,0.00177575479084618,0,0.620623773861551,0.036,0.963543610800049,0.943442642216016,0.00348184680290614,0.00464360541448694,0,0.07,-5.48434245271388e-05,0.0481592082378724,0.3405,0.5,0.407222389956728,0.407167546532201,0.428456512987616,0.0212341230308881,0.5
"Weak qualitative HTE",2000,370,0.144018178876896,0.094380952867326,0,0.0072384287373729,0.0265911154493439,-0.0200231420535449,0,0.504792712637829,0.214,0.883633736929003,0.806583102418598,0.0155812145476174,0.0155812145476174,1,0.52,0.00158125571014138,0.0478906264486205,0.3435,0.4865,0.407990758626863,0.409572014337004,0.429790228437164,0.0202182141001596,0.5135
"Weak qualitative HTE",2000,371,0.00285226984022063,0.0067128923071027,1,0.0158080078603687,0.0459656114432314,0.00900439794687924,0,0.501835400216361,0.048,0.858472222222222,0.722462367414009,0.0132058143354234,0.0132058143354234,1,0.586,0.00099682003187606,0.0480389734461553,0.3415,0.489,0.408298090863905,0.409294910895781,0.429925078360912,0.0206301674651306,0.511
"Weak qualitative HTE",2000,372,0.182351183695575,0.222136831589363,0,0.0118801143683821,0.0481927964318363,0.0392807967314297,0,0.492798218852276,0.108,0.766943984271177,0.530645713214953,0.00456492868867797,0.00502109220747138,0,0.182,0.00138275459477924,0.0471006349802723,0.3315,0.4975,0.408310734300128,0.409693488894907,0.429556863549307,0.0198633746543996,0.5025
"Weak qualitative HTE",2000,373,0.0111234102270479,0.00375549788885511,1,0.0269621876696694,0.0351545772284852,0.0319806557958808,0,0.513873846856128,0.228,0.700879765395893,0.468919089914307,0.00817035732385124,0.00817035732385124,0,0.42,0.000462470547069006,0.047762852971273,0.3335,0.4955,0.407379000103858,0.407841470650927,0.428529072062328,0.0206876014114015,0.5045
"Weak qualitative HTE",2000,374,0.018804502230053,0.0101168989144706,1,0.0329761676783818,0.0689211116263117,0.0397616709002566,0,0.437293160668821,0.074,0.79736229906771,0.658369896199944,0.00523535424335353,0.00585162745687479,0,0.11,0.000361843756073625,0.0484287913051218,0.342,0.496,0.406164245847248,0.406526089603322,0.427635045509503,0.0211089559061817,0.504
"Weak qualitative HTE",2000,375,0.124890682268663,0.251654246579592,0,-0.000828463452815733,0.00060091998665386,-0.00778678726328413,0,0.539375638207495,0.328,0.700616846284741,0.586607408190432,0.0125216235325698,0.0125216235325698,1,0.648,0.000314975737158348,0.0476888480402564,0.334,0.4965,0.40648966016771,0.406804635904868,0.427622352363581,0.0208177164587131,0.5035
"Weak qualitative HTE",2000,376,0.00260788712330393,0.00297018658304827,1,0.00987831105535453,-0.00893316381220881,-0.00205968887498326,0,0.523972616365007,0.352,0.69889705882353,0.53447686187281,0.000527750384770431,0.000527750384770431,0,0.014,0.000280654920731074,0.0487698208244243,0.336,0.4925,0.406433150647546,0.406713805568277,0.428083338218213,0.0213695326499357,0.5075
"Weak qualitative HTE",2000,377,0.425693331204418,0.435002762078821,0,0.0115133685634982,-0.0146914714409892,-0.00398220737602767,0,0.534457803634332,0.038,0.638920357483231,0.539327424078517,0.000175573897330361,0.000175573897330361,1,0.996,0.000250114021900415,0.0477594252005017,0.3335,0.4995,0.406736053244496,0.406986167266396,0.427793711660084,0.0208075443936884,0.5005
"Weak qualitative HTE",2000,378,0.0126374619091752,0.0358446892744954,1,0.0288318782690544,0.0218983477000794,0.0203803405351861,0,0.563104940087736,0.068,0.7298583769172,0.486090446811457,0.00360406237603744,0.00724565184812892,1,0.126,-5.11650583281519e-05,0.0472184024780659,0.3175,0.4975,0.406546587928285,0.406495422869957,0.427117465045008,0.0205708771167225,0.5025
"Weak qualitative HTE",2000,379,0.0635167912822282,0.0359338259837421,0,-0.00236188468959552,-0.0139702359482087,-0.015483556837951,0,0.552157104314378,0.314,0.775409218546674,0.606868147666436,0.00913939709019584,0.012592233428173,0,0.636,-0.00031694219316675,0.0486037733764761,0.34,0.507,0.406232866059332,0.405915923866166,0.427523230217883,0.0212903641585506,0.493
"Weak qualitative HTE",2000,380,0.359223857697779,0.424202572164864,0,-0.0126283467570751,-0.00567081228956,-0.00426201468293086,0,0.641951736831459,0.056,0.710022688304266,0.645184037584307,0.00170932868980228,0.00170932868980228,1,0.974,-3.93154231903857e-05,0.0486780426993842,0.338,0.499,0.406338026910209,0.406298711487019,0.427750607181587,0.0214125802713782,0.501
"Weak qualitative HTE",2000,381,0.470430033254134,0.468597527564465,0,-0.00760596319976081,-0.041463121077958,-0.00965782339942511,0,0.578032709945334,0.416,0.519268038163386,0.288347283225803,-0.000655914450620965,0.000138670326338297,0,0.046,-0.00098034980299353,0.0469414990024681,0.314,0.515,0.405889024632121,0.404908674829127,0.425943370113816,0.0200543454816954,0.485
"Weak qualitative HTE",2000,382,0.136154762966048,0.0860049382996975,0,0.00205476301792554,-0.00749028324120504,0.00314348719647822,0,0.546283479919722,0.462,0.903876923076922,0.844583338174718,0.00178804016910339,0.00178804016910339,1,0.94,0.00193876033351788,0.0481462790830876,0.3555,0.484,0.4083580302918,0.410296790625318,0.430499499886923,0.0202027092616051,0.516
"Weak qualitative HTE",2000,383,0.0164417536771216,0.0744085866026293,1,-0.0106133708240921,0.00478270742472647,-0.0138235112082909,0,0.582678428554188,0.172,0.632558221099888,0.539416774497639,0.0054195934678144,0.00723837872747174,0,0.36,-0.000853203916934479,0.0484346431737566,0.32,0.504,0.406099898935151,0.405246695018216,0.426981178220199,0.0208812792850482,0.496
"Weak qualitative HTE",2000,384,0.0960557648539221,0.0591402327725235,0,-0.0148570901742286,-0.0475306878831878,0.00184234870040395,0,0.603128517685708,0.266,0.84265625,0.747808692973022,0.00739456138006472,0.00739456138006472,1,0.896,0.00105619585969631,0.0479666795500515,0.336,0.4945,0.408190205829758,0.409246401689454,0.429675445875038,0.0204290441855842,0.5055
"Weak qualitative HTE",2000,385,0.00144387307488058,0.0639795286487164,1,-0.00255607160086451,-0.0266491424646804,-0.0126569770275987,0,0.5763595316797,0.05,0.906403345082592,0.915422666632747,0.0132698839508484,0.0149189393322531,0,0.256,-0.000273703526579107,0.0483664412896717,0.3395,0.5005,0.406423699031262,0.406149995504683,0.427634257426079,0.0212105583948168,0.4995
"Weak qualitative HTE",2000,386,0.34815803112271,0.457993324884184,0,-0.000978355427770629,-0.00814713616512098,-0.00366504901392234,0,0.533655206986066,0.164,0.507093920267572,0.312206937764924,0.000231851928201299,0.000231851928201299,0,0.012,-0.00105643595672985,0.0489436076193556,0.3345,0.509,0.405835229211018,0.404778793254288,0.42698646098626,0.0211512317752415,0.491
"Weak qualitative HTE",2000,387,0.258057265836058,0.146245500969298,0,-0.0112400755459388,-0.0299498873984936,0,0,0.559470303834051,0.338,0.70712380952381,0.50859826452682,0,0,0,0,-0.000349131516151755,0.0480122078909095,0.332,0.4905,0.40461152784694,0.404262396330788,0.425519702083751,0.0209081742368106,0.5095
"Weak qualitative HTE",2000,388,0.0101075790185166,0.00238222936608157,1,-0.00395982666644895,0.0158756419413467,-0.0217131072802054,0,0.535732151276283,0.202,0.934958911006812,0.857671256187382,0.0148263222304937,0.0148263222304937,1,0.386,0.00140915208334349,0.0466126291191901,0.328,0.4895,0.407432286559604,0.408841438642947,0.428443177593217,0.0196017389502704,0.5105
"Weak qualitative HTE",2000,389,0.225043624028781,0.159576296105014,0,0.00870419455719682,0.0288321108435927,-0.0120753446360402,0,0.52847902943123,0.344,0.678449298625166,0.429279832287663,0.017170971996839,0.017170971996839,1,0.688,0.000169283112588764,0.0479071750524674,0.338,0.508,0.407012125385659,0.407181408498248,0.428130372315764,0.020948963817516,0.492
"Weak qualitative HTE",2000,390,0.000575357425112327,0.000485591429682024,1,0.00310683504404715,0.0215731162525414,0.019851937988931,0,0.522461025546527,0.322,0.959566074950691,0.922221670443347,0.0153394134049049,0.0153394134049049,0,0.314,-0.000613877398448812,0.0484278273548108,0.3285,0.503,0.407105680499752,0.406491803101304,0.428054995292615,0.0209493147928624,0.497
"Weak qualitative HTE",2000,391,0.0626060073050985,0.154225824429155,0,0.00783447613515655,-0.0276651207747736,-0.00477000512979919,0,0.728063594547345,0.016,0.652709763157417,0.576310227546794,0.00220035280133762,0.00220035280133762,0,0.036,0.000379148297335132,0.0486758948528651,0.338,0.499,0.407512427719674,0.407891576017009,0.429119724437494,0.0212281484204846,0.501
"Weak qualitative HTE",2000,392,0.1162972377531,0.176864867435412,0,-0.00394809425207932,0.00937361881587807,-0.000438848776381895,0,0.531732639401468,0.504,0.498354642067217,0.33462993230948,3.64329031883881e-05,3.64329031883881e-05,0,0.022,-0.000248124761242604,0.0472259611992089,0.3215,0.5055,0.406989078818477,0.406740954057235,0.427476254814143,0.0204871759956651,0.4945
"Weak qualitative HTE",2000,393,0.40390783208517,0.416475894785259,0,0.000188608683146436,-0.0236258043972992,0.00725532554877151,0,0.61825374524577,0.028,0.62748908892526,0.466803968517742,-0.000944861848259038,6.51065140324647e-05,0,0.058,0.000154266600338063,0.0476723192576204,0.3325,0.5005,0.406202508397175,0.406356774997513,0.427225760780082,0.0208689857825696,0.4995
"Weak qualitative HTE",2000,394,0.0603531669379453,0.0315718412211372,0,0.00626336649837188,0.00606536131428343,0.00305626619298432,0,0.533228323805539,0.486,0.55268817204301,0.38790635931633,-0.00028151048453201,0.000722111969416572,1,0.964,-0.000592016207731232,0.0477186241424983,0.319,0.506,0.406220977576504,0.405628961368772,0.426855195940559,0.0206342183640553,0.494
"Weak qualitative HTE",2000,395,0.221983033497232,0.318346589454265,0,0.00539078499627469,-0.0227965447949287,0.025297570547739,0,0.613731585740169,0.064,0.719507692307693,0.512256610037525,0.0108901845867638,0.0108901845867638,1,0.722,0.000206118941730783,0.0473973548363719,0.335,0.51,0.407787403047845,0.407993521989576,0.428666532517457,0.0206730105278803,0.49
"Weak qualitative HTE",2000,396,0.175987842064726,0.191324173476457,0,0.00149586128751207,-0.00622123641111441,0.0308520022916919,0,0.68310469795747,0.032,0.559109129863847,0.35680214697347,0.00927049472476166,0.00927049472476166,1,0.776,0.000787803324534603,0.0480905919414386,0.331,0.488,0.40713745002949,0.407925253354025,0.428455768578482,0.0205305152244573,0.512
"Weak qualitative HTE",2000,397,0.0653216780009101,0.13273052838584,0,0.00962534887721462,0.0459427240071327,0.0112183867759399,0,0.547576004292685,0.034,0.661523553965414,0.467879718045364,0.00199825377994978,0.00199825377994978,0,0.056,0.000604725720093331,0.0480249424103659,0.337,0.481,0.407622567322878,0.408227293042971,0.42905943100244,0.0208321379594686,0.519
"Weak qualitative HTE",2000,398,0.0212227335747293,0.0902308016485778,1,-0.0161946051714002,-0.0393397553779932,-0.0122991542187053,0,0.575641707669357,0.396,0.932701439111697,0.902951817158431,-0.000167433991528076,-0.000167433991528076,1,0.854,-0.000166320412298837,0.0482333231186212,0.33,0.51,0.407435175053917,0.407268854641618,0.428480943346997,0.0210457682930799,0.49
"Weak qualitative HTE",2000,399,0.200397285104448,0.335277587312932,0,-0.00241823403572322,-0.00237567752509488,-0.00481085818573213,0,0.653305111855697,0.036,0.549963762351735,0.406809887443107,-0.00131254957429938,0.00222021385812754,0,0.076,0.00147852989129209,0.0472766299414617,0.3365,0.4875,0.40734987049214,0.408828400383432,0.428718205978395,0.0198898055949635,0.5125
"Weak qualitative HTE",2000,400,0.241509915395863,0.199422299019154,0,0.0294820065988384,0.0579577623215847,0.0330078163290119,0,0.479988981711176,0.424,0.494630725399956,0.294085167995079,0.00378312455615087,0.00534869513557362,1,0.754,0.000383445116169046,0.0488250606542648,0.3435,0.489,0.407221764599903,0.407605209716072,0.429013981898692,0.0214087721826198,0.511
"Weak qualitative HTE",2000,401,0.0298856152995054,0.0176624646659055,1,0.0154006853701653,0.00464104021811347,0.0302194109453349,0,0.518189557623793,0.176,0.87714246537776,0.583097455602429,0.0112283703780608,0.0112283703780608,0,0.322,-0.00110518994005834,0.0470206588879965,0.3115,0.5135,0.406335428530405,0.405230238590347,0.426286010140853,0.0199505816104479,0.4865
"Weak qualitative HTE",2000,402,0.0451145999330759,0.0265564144126058,1,0.00357864048162022,0.0324104842145993,-0.00660658038003392,0,0.573232965444316,0.08,0.793081995769567,0.724257946231123,0.00317613390183968,0.00317613390183968,1,0.904,0.0015319211824685,0.0469614130401758,0.3305,0.4825,0.408279122623199,0.409811043805668,0.429503350839022,0.0196923070333547,0.5175
"Weak qualitative HTE",2000,403,0.0153999947368601,0.0174784129455788,1,0.00489343925484956,-0.00680106150026782,0.00545454339956009,0,0.545495629374981,0.204,0.853157978469534,0.821655832830207,0.0126832838030442,0.0140069704861292,0,0.398,0.00085586043523885,0.0476180139273589,0.3395,0.4965,0.40618827763934,0.407044138074579,0.427570104420062,0.0205259663454832,0.5035
"Weak qualitative HTE",2000,404,0.165824194714886,0.150778030644556,0,-0.000582073789773489,-0.026677405291428,-0.0093547066691092,0,0.60113949516969,0.08,0.884167903406071,0.7645744652717,0.00953309738909014,0.00953309738909014,0,0.234,-0.00100910711952272,0.0478019039382743,0.3145,0.499,0.405779586120871,0.404770479001349,0.426247859146489,0.0204682730256172,0.501
"Weak qualitative HTE",2000,405,0.139128028605347,0.0777733009807326,0,-0.000985566888568234,-0.0265577884582566,0.0197640939606899,0,0.562807056275752,0.224,0.739343373388605,0.570837574873931,0.014066098917008,0.014066098917008,1,0.596,0.000536167810440057,0.048168217257064,0.3345,0.4915,0.406907481873929,0.407443649684369,0.428341438434628,0.0208977887502586,0.5085
"Weak qualitative HTE",2000,406,0.00862445352267087,0.00299989187052021,1,0.00793289610277396,-0.0120887494854647,0.0442058830733915,0,0.709370149703827,0.022,0.692337144746688,0.496782179252284,0.0114566381960364,0.0114566381960364,1,0.744,0.00122431576236407,0.0485442034242109,0.35,0.4895,0.408173218031474,0.409397533793838,0.430226521864046,0.020828988070208,0.5105
"Weak qualitative HTE",2000,407,0.0922252812712159,0.0549337486640954,0,0.00311533787052362,-0.0375224676222999,-0.0765436952411977,0,0.624375956618315,0.024,0.969782612559767,0.940562297187079,0.00913942678813295,0.00913942678813295,0,0.822,-0.00185411004047341,0.0484628658842598,0.3285,0.525,0.404736220013512,0.402882109973039,0.425205022739664,0.020468802726152,0.475
"Weak qualitative HTE",2000,408,0.926293074503802,1,0,0.0124602797384479,-0.000678303115404982,-0.00197651255826653,0,0.539853464022153,0.47,0.622940329547273,0.377596551782757,-0.00262544238453222,-0.00110500261862001,0,0.016,-5.56611061609856e-05,0.0475944129819771,0.324,0.49,0.406652577304508,0.406596916198348,0.427433745998051,0.0207811686935427,0.51
"Weak qualitative HTE",2000,409,0.485127500083645,0.623642333313905,0,-0.00946200642060723,-0.00393708932100061,-0.0206328678929921,0,0.57431922039537,0.186,0.640180732002421,0.360492387295529,0.00292683902502788,0.00292683902502788,0,0.384,-0.00173585681403786,0.048238615980555,0.325,0.522,0.405819813279115,0.404083956465078,0.426169301352076,0.0203494880729604,0.478
"Weak qualitative HTE",2000,410,0.0190006401511029,0.014071200924844,1,0.0114175980147403,0.0180504401723928,0.0273903810378787,0,0.527772098211991,0.28,0.764152990867962,0.751719430343032,0.00733910334540266,0.0118693156646364,0,0.536,0.00140090756559298,0.0488756500419073,0.3555,0.491,0.407088895669946,0.408489803235539,0.429380211476784,0.0208904082412451,0.509
"Weak qualitative HTE",2000,411,0.305784127076414,0.425810448994242,0,-0.0149350908721762,-0.002268393397729,-0.0373742804314297,0,0.696222392988708,0.028,0.665587743432055,0.557567973728319,0.0041895016566641,0.0041895016566641,1,0.864,0.000722795307082131,0.0485867865205788,0.3445,0.489,0.407052245858432,0.407775041165515,0.428771223814382,0.0209961826488679,0.511
"Weak qualitative HTE",2000,412,0.490492036459964,0.971773547127993,0,0.0099741486541235,-0.0164541765962747,-0.00986010381405372,0,0.562018915278784,0.448,0.698742857142858,0.20902702465523,-0.00385413021543535,-0.00140887206202173,1,0.916,0.000389554553331033,0.0479730713439545,0.324,0.492,0.407603590804036,0.407993145357367,0.428776553605514,0.0207834082481468,0.508
"Weak qualitative HTE",2000,413,0.31335679467281,0.357683437685022,0,-0.0157822219212821,-0.0124509406077917,0.00366908399369786,0,0.754263699610298,0.02,0.479396837611536,0.428577713074543,-0.00130121353553364,-0.000454984714905793,1,0.896,0.000865128420710731,0.0479525978765413,0.3365,0.489,0.407237577564381,0.408102705985092,0.428648688485945,0.0205459825008532,0.511
"Weak qualitative HTE",2000,414,0.619946356512665,0.613852439736016,0,-0.00451502246137729,-0.0159715715736267,0.00248072302263941,0,0.548144769252865,0.48,0.66875547469847,0.59375776058705,-0.00213454164293342,7.18056820679935e-05,0,0.002,0.000251776815401023,0.0485728482361261,0.349,0.4905,0.407497657104922,0.407749433920323,0.429191779615242,0.0214423456949188,0.5095
"Weak qualitative HTE",2000,415,0.0301590819907835,0.0754451577857971,1,0.0156725544380614,-0.0215375596557629,0,0,0.566453749080213,0.47,0.79815146094216,0.672537399391836,-0.00466449390068946,0,1,1,-0.00176199317279176,0.048245432294473,0.323,0.515,0.405860052672087,0.404098059499295,0.426214995389189,0.0203549427171021,0.485
"Weak qualitative HTE",2000,416,0.473018542537131,0.74732931829629,0,0.0164560935688655,0.0418374654256307,-0.0225303417437047,0,0.522161855003526,0.112,0.5142222047368,0.379337815060847,-0.00137134485847329,0.0042519112073352,1,0.2,-0.00214035152980982,0.0484031122829599,0.318,0.5195,0.40388530997619,0.40174495844638,0.424158208057635,0.0202728980814448,0.4805
"Weak qualitative HTE",2000,417,0.000725956021833352,0.000571511208030767,1,0.00210698372017927,-0.0333990198351963,0.0263791286505972,0,0.570037566675885,0.288,0.785390199637023,0.536711674435236,0.0112956111382435,0.0136848673875686,1,0.686,9.0462764684232e-05,0.0478702805033348,0.335,0.4975,0.405967920147816,0.4060583829125,0.427044299452977,0.0209859165404773,0.5025
"Weak qualitative HTE",2000,418,0.0709892655289975,0.0283025133810559,0,0.0109459325749,-0.00895098418001559,0.0103517298893802,0,0.539261117061752,0.3,0.851600171600171,0.7146948779302,0.0168385285740945,0.0205261062883225,0,0.59,0.000928984527625648,0.0482263104005836,0.3445,0.496,0.408292472187041,0.409221456714667,0.429964067460034,0.0207426107453673,0.504
"Weak qualitative HTE",2000,419,0.160817921054767,0.0759359416449397,0,-0.00512086436991724,-0.000811637959157047,-0.00236553385602634,0,0.654433899256066,0.052,0.878200231141407,0.831988312264994,-0.00379509914242177,0.0011839911729376,1,0.928,-0.000924997283706182,0.0482745217965131,0.3275,0.512,0.405922430203934,0.404997432920228,0.426643313674952,0.0207208834710172,0.488
"Weak qualitative HTE",2000,420,0.0357945557810339,0.0155681779365499,1,0.00804951323441391,-0.0235312884918622,-0.0249595970842688,0,0.56067895543239,0.408,0.550704382826475,0.34644137936273,0.00617185843247153,0.00617185843247153,0,0.742,0.000233300117809766,0.0477980864001191,0.335,0.4985,0.406684382243191,0.406917682361001,0.427733632779643,0.0208159504186417,0.5015
"Weak qualitative HTE",2000,421,0.141328573496763,0.155157892164416,0,0.00069295799990871,0.00504676466731325,-0.00754896355570273,0,0.600202650314827,0.144,0.736731082071542,0.495722352080075,0.0116781729430611,0.0117132153138075,1,0.47,-0.000554927641729599,0.0483923469460886,0.329,0.5045,0.406974463357251,0.406419535715521,0.428015787129993,0.0210413237727419,0.4955
"Weak qualitative HTE",2000,422,0.662431893242569,0.899682397023519,0,0.0107791623823538,-0.0286300305791897,0,0,0.580302593540809,0.456,0.727702205882353,0.705766867274527,-0.00203012736205543,0,1,1,-0.000569676696148311,0.048207716711926,0.33,0.501,0.405826630001443,0.405256953305295,0.426747936502904,0.0209213065014607,0.499
"Weak qualitative HTE",2000,423,0.22004105706394,0.393798630584509,0,-0.0120192770035234,-0.0152009419654861,0,0,0.538669881450343,0.498,0.538247311236923,0.379908939450377,0,0,0,0,-0.00197473353908109,0.048288409818026,0.3205,0.5185,0.404951957383768,0.402977223844687,0.42529824022353,0.0203462828397614,0.4815
"Weak qualitative HTE",2000,424,1.32689061858434e-05,0.000310943025238254,1,0.0526705971747703,0.0762309995821559,0.0481458077991783,0,0.443525924146458,0.094,0.826877303439803,0.580222209603414,0.0128848243215973,0.0147345045683542,1,0.7,-0.00175855447294964,0.0484064274617617,0.3215,0.516,0.405321177516872,0.403562623043923,0.425799280375912,0.0204781028590399,0.484
"Weak qualitative HTE",2000,425,0.0293887088366423,0.0363603023784719,1,0.0112030517067665,-0.00599687304045456,0.0335593293744847,0,0.561602133257652,0.232,0.764425916862162,0.743047963435468,0.00883866623983953,0.00883866623983953,1,0.472,0.00189304035040696,0.048825452697987,0.3515,0.4865,0.408226875785944,0.410119916136351,0.430729532946993,0.020609616810642,0.5135
"Weak qualitative HTE",2000,426,0.425438024063979,0.315853510828161,0,-0.00614464859650547,-0.0306713596771901,-0.000808080699417235,0,0.566625909582773,0.44,0.698014413332333,0.554334952300873,0.000623540119278176,0.00172680735327002,1,0.934,-0.00157351377133004,0.0480128558960424,0.32,0.5155,0.405723012551545,0.404149498780215,0.42600859678689,0.020285584235345,0.4845
"Weak qualitative HTE",2000,427,0.00551891213538852,0.00189324460893932,1,0.00427571241656142,-0.00318004895303424,-0.00143782370688578,0,0.561222991797227,0.162,0.918734065934066,0.834156224536846,0.0140977164076826,0.0155416729349737,0,0.322,0.000139586824565799,0.0479719769045226,0.3275,0.4925,0.406934600439877,0.407074187264443,0.428022092552838,0.0209479052883949,0.5075
"Weak qualitative HTE",2000,428,0.190516940221466,0.145110746609005,0,0.00375993005757017,0.0246087545890135,0.00624653727082036,0,0.527158919971986,0.42,0.466741467975689,0.269609208787503,-0.000111919041239972,-0.000111919041239972,0,0.014,0.00137928843469471,0.0473499675237091,0.335,0.486,0.407675517752277,0.409054806186971,0.42909404145182,0.0200392352648492,0.514
"Weak qualitative HTE",2000,429,0.0490563100362921,0.0836356259699523,1,0.0183938425349392,0.024247646454073,0.0274716926894306,0,0.50890300879452,0.436,0.561664521664521,0.372129005183174,0.00607416263072413,0.00607416263072413,1,0.82,-0.000917119625973901,0.0482546406606543,0.327,0.506,0.40515137425991,0.404234254633936,0.425898426873464,0.0207470526135541,0.494
"Weak qualitative HTE",2000,430,0.0615201799673301,0.0267909571138694,0,0.0159866096474466,0.0150811881010927,-0.00212024682023287,0,0.520107914339575,0.128,0.750687225792357,0.540772437885868,0.00784952392551203,0.00784952392551203,1,0.724,0.00121331333382778,0.0475038052540887,0.336,0.486,0.407772075862542,0.40898538919637,0.429193100305185,0.0202077111088152,0.514
"Weak qualitative HTE",2000,431,0.331076088667533,0.290441270262455,0,0.00267804104335434,-0.0029761607132697,0.00206934145676102,0,0.546560405846658,0.44,0.716347532989098,0.503062548869117,0.00442850674779705,0.00442850674779705,1,0.894,0.000445199936586003,0.0483316292504748,0.337,0.497,0.406627415006503,0.407072614943089,0.428130554241918,0.0210579392988295,0.503
"Weak qualitative HTE",2000,432,0.0141154586230068,0.00698528833581401,1,0.0298122917633415,-0.00301093588492524,0.0132875145628293,0,0.530633432855345,0.314,0.677148322279627,0.42236948503011,0.000742266603546982,0.000742266603546982,1,0.966,-0.000317406250851381,0.0486470780799787,0.3445,0.504,0.405616848435888,0.405299442185036,0.426939920381807,0.0213230719459194,0.496
"Weak qualitative HTE",2000,433,0.0707820529108727,0.0287938708945397,0,-0.00281324043336964,-0.000391981475494592,0.00312349124150713,0,0.601197059093699,0.054,0.932336455773957,0.881387415697935,0.00731087017616616,0.00731087017616616,0,0.106,0.000481771296841597,0.0484129685769036,0.3415,0.504,0.407285126268587,0.407766897565429,0.428943177837895,0.0211762802724664,0.496
"Weak qualitative HTE",2000,434,0.120263812873909,0.131357619527789,0,-0.00102690795285553,-0.00326587972344589,0.0071254258488383,0,0.537791395330437,0.496,0.995434290306085,0.990449808354735,0.00112437961956791,0.00112437961956791,0,0.016,-0.000128633829392098,0.0475515145712793,0.332,0.498,0.406159418356062,0.40603078452667,0.427025877519115,0.0208664591630526,0.502
"Weak qualitative HTE",2000,435,0.380345516388581,0.362409540338759,0,0.00630803213722643,0.00333174492315847,0.00940874119607726,0,0.543239223356136,0.402,0.707691213850228,0.672109576575648,0.00148350868947777,0.00148350868947777,1,0.808,-5.86445616687298e-05,0.0473827598267896,0.3335,0.5015,0.405763597195044,0.405704952633375,0.426532698503106,0.020769101308062,0.4985
"Weak qualitative HTE",2000,436,0.029503035072606,0.015058497456085,1,0.00468717483327613,-0.000436738601456458,0.0163600016539584,0,0.591031151773137,0.042,0.730026498553837,0.483104190321304,0.00949822206664669,0.0142293807689496,0,0.466,-0.000107041743289916,0.0473770783954739,0.3275,0.508,0.407537891588155,0.407430849844865,0.42814158023296,0.0206036886448053,0.492
"Weak qualitative HTE",2000,437,0.132892474066928,0.14082343847169,0,0.0138954069447446,0.00209741630806045,0.0289693115690803,0,0.566560993602718,0.302,0.573785617367707,0.397989815568805,0.00194439103951621,0.00194439103951621,0,0.128,0.000181558010666685,0.0477977970851932,0.3365,0.4945,0.407500391235602,0.407681949246269,0.428579468268548,0.0208975190222785,0.5055
"Weak qualitative HTE",2000,438,0.414159066526615,0.439242623650327,0,-0.00515412256724191,-0.0374048732352276,-0.0212946064894676,0,0.766414387070041,0.024,0.842994652406416,0.733194450380572,0.00295967392581875,0.00369219948055566,0,0.068,-0.000197744685522557,0.0482996074492587,0.3295,0.5045,0.406249235815274,0.406051491129751,0.427386853000766,0.0211376171854924,0.4955
"Weak qualitative HTE",2000,439,5.92493143989299e-05,1.70083723566807e-05,1,0.0303091023952578,0.0368314188345174,0.0410223564050323,0,0.488229896291796,0.154,0.889680099260938,0.859460090271796,0.0124452444637053,0.0124452444637053,0,0.748,-0.00125672864627309,0.0475437919914543,0.319,0.517,0.406467924699506,0.405211196053232,0.426698030769916,0.0202301060704106,0.483
"Weak qualitative HTE",2000,440,1.26396347443359e-09,1.56327749881895e-09,1,0.028055293968875,0.0150833741553928,0.0579208962131399,0,0.495668122280657,0.258,0.967311896763185,0.921230737391896,0.0200205906711651,0.0200205906711651,0,0.492,0.00050120107492921,0.0483765042978773,0.3475,0.496,0.407037786588695,0.407538987663624,0.428594745301022,0.0210557576373981,0.504
"Weak qualitative HTE",2000,441,0.0251420558509025,0.132370997689136,1,0.00565833042503537,-0.03230578825958,0.0475433349899707,0,0.608285810636591,0.036,0.767085714285715,0.603741094318432,0.00624274919694329,0.00811649936300207,1,0.428,-0.00159990173319471,0.0476470847457428,0.3175,0.512,0.405790570046212,0.404190668313017,0.425957705002064,0.020167134955852,0.488
"Weak qualitative HTE",2000,442,0.339463971156398,0.223377392994751,0,0.00544100776017569,0.0129374219553732,0.0150007478183241,0,0.529334201710991,0.296,0.703955871912035,0.466947012483849,0.0103125166492926,0.0103125166492926,0,0.57,-0.000504447597940643,0.0489781268469649,0.3335,0.504,0.406237315449742,0.405732867851802,0.427660259200205,0.021422943750463,0.496
"Weak qualitative HTE",2000,443,0.0506623215449108,0.0378693824741459,0,0.0321823307725425,0.0219550460895667,0.0274617078972574,0,0.542486621921895,0.372,0.920654442456771,0.878443249087423,0.00120067375327121,0.00415914608054435,1,0.744,-0.00106361390581459,0.0491392649442409,0.3345,0.504,0.40567985362464,0.404616239718825,0.426819363357257,0.0211395097326171,0.496
"Weak qualitative HTE",2000,444,0.120497884853818,0.0631542719565528,0,0.00117339825823438,-0.0462884912895634,0.00837039448653548,0,0.668950115507778,0.054,0.852319994262765,0.737963379960519,0.0131686739331384,0.0131686739331384,1,0.726,0.00128811176136037,0.0482155457885665,0.338,0.4885,0.406770979721842,0.408059091483203,0.428533352320043,0.0204742608368399,0.5115
"Weak qualitative HTE",2000,445,0.000604478809295383,0.00158348971148105,1,0.0138935252796642,-0.000612528904154728,-0.00300431260319328,0,0.561077856903283,0.146,0.684608721783245,0.584311867204123,0.00542113139606681,0.00685634668566143,0,0.348,-4.22680178070287e-06,0.0475796069095699,0.3335,0.514,0.405884622145196,0.405880395343416,0.426748871160055,0.0208642490148587,0.486
"Weak qualitative HTE",2000,446,0.869923594842042,1,0,0.00106721309199191,-0.0160131702421972,-0.0156665804243311,0,0.582256496457115,0.028,0.516928158546656,0.313560073647304,0.00523035526252319,0.00523035526252319,0,0.446,0.000467450011824337,0.0478446787033272,0.335,0.496,0.407101498900145,0.407568948911969,0.428288656906953,0.0207197079949842,0.504
"Weak qualitative HTE",2000,447,0.3231286042154,0.768335655845196,0,0.0193776670031216,0.0455716516405729,-0.00278698925708815,0,0.512573957966954,0.434,0.623774711885523,0.399863910649477,0.000144270053698881,0.000144270053698881,0,0.004,-0.000668648195039831,0.047706301335088,0.323,0.505,0.405829480354509,0.405160832159469,0.426404165125829,0.0205746847713202,0.495
"Weak qualitative HTE",2000,448,0.0759680304517812,0.0263688724587018,0,0.00441015423980515,-0.024901824745253,0.0637747427752516,0,0.654190114937794,0.04,0.796417814113599,0.619440399052326,0.0117387016569979,0.0117387016569979,1,0.284,-0.00117800331533853,0.0483752698560433,0.322,0.5185,0.405588370182807,0.404410366867468,0.426256438340721,0.0206680681579142,0.4815
"Weak qualitative HTE",2000,449,0.3470994844235,0.309210020562506,0,-0.00747297859509247,-0.0130194178055921,-0.00127185637441352,0,0.54274301487207,0.492,0.714578867329924,0.239183155157619,-0.00453949119463004,-0.00265671222820496,1,0.948,-0.00190683849654896,0.0473129554985648,0.3115,0.522,0.403612494376233,0.401705655879684,0.423473155359218,0.0198606609829847,0.478
"Weak qualitative HTE",2000,450,0.164673573117712,0.187338540861951,0,0.00741841443687868,0.0226311577069329,-0.00273731205770755,0,0.491587040901131,0.036,0.792091492690296,0.744276194743678,-0.00123760291404135,0.000360055258776137,1,0.992,-0.000390926614980537,0.0485116471757441,0.3305,0.51,0.406613112761335,0.406222186146354,0.427838736105603,0.0212256233442684,0.49
"Weak qualitative HTE",2000,451,0.3953859325638,0.360583998035915,0,0.00907846512270723,0.0185636037184818,0.00674886167673228,0,0.522496907424758,0.34,0.835454746536364,0.550679176129724,0.0106971593306772,0.0167802625103629,1,0.65,-0.00202509162360706,0.048751926301977,0.322,0.522,0.405604401561241,0.403579309937634,0.42605966494788,0.0204552633866384,0.478
"Weak qualitative HTE",2000,452,0.000560788453911282,0.000146932388328954,1,0.0114477405325498,-0.00496553876890275,0.00934463962669341,0,0.678488187518905,0.04,0.871955318818846,0.768940513963885,0.0131659365427809,0.0158924658405063,0,0.612,-0.000753028463353343,0.0484683372633646,0.3265,0.512,0.406897999203548,0.406144970740195,0.427876277922974,0.020978278719426,0.488
"Weak qualitative HTE",2000,453,0.038586437613036,0.0173160176440345,1,0.0013846509978182,0.00960190272648984,0.00249113394204592,0,0.524916196760626,0.404,0.832671582529778,0.769100940474346,0.0113133958072504,0.0143281635407018,0,0.426,-0.000107474495522849,0.0475496503946303,0.33,0.507,0.40662769663688,0.406520222141358,0.42749090052065,0.0208632038837698,0.493
"Weak qualitative HTE",2000,454,0.464597206556074,0.785973144799474,0,0.013922381409107,0.0351457633226246,0.00539097073795408,0,0.514141985524664,0.458,0.927953101030025,0.876570681195503,0.00457751660598005,0.00457751660598005,1,0.872,0.00143658393061897,0.0477153725960352,0.337,0.4875,0.407817411536496,0.409253995467115,0.429372329468881,0.0201183340017652,0.5125
"Weak qualitative HTE",2000,455,0.00797767208222366,0.00353690873098011,1,0.00969566288920729,0.00795811180428825,0.00710181517450165,0,0.552163742172572,0.164,0.936055626256477,0.923318041022748,0.00159077694002691,0.00159077694002691,1,0.978,0.00137412807580305,0.0485396255573459,0.3485,0.5005,0.407337166408944,0.408711294484747,0.429393688563433,0.0206823940786867,0.4995
"Weak qualitative HTE",2000,456,0.000130225858144801,0.000108123642119159,1,0.0330227176776055,0.0712284787574151,0.0383010722364814,0,0.496251576200096,0.14,0.888114179607144,0.797104310915355,0.0115354994428927,0.0119030119943364,0,0.242,0.000269124874018346,0.0483010509629868,0.3275,0.4875,0.406104328592008,0.406373453466026,0.427472797365553,0.0210993438995269,0.5125
"Weak qualitative HTE",2000,457,0.037799855341936,0.0117807539809561,1,-0.0192624212153602,0.0252424600354838,-0.0133844399816366,0,0.645240747101202,0.04,0.804386176672672,0.69728051760666,-0.00289521813779842,0.00126682334291783,1,0.954,-0.00151042187362762,0.0487628708482862,0.33,0.5185,0.406004384127266,0.404493962253639,0.426733985812253,0.0207296016849872,0.4815
"Weak qualitative HTE",2000,458,0.32013496928984,0.563968656666137,0,-0.000205328348258564,0.0265506162034018,0.00439977942143027,0,0.494960845365798,0.09,0.90513408160467,0.77091578682476,-0.00410594223315897,0.000692359425094768,1,0.984,-0.00108396725716337,0.0477626604673011,0.318,0.514,0.405632182348953,0.404548215091789,0.426049653555712,0.0204174712067594,0.486
"Weak qualitative HTE",2000,459,0.0487487333563321,0.0175977312902683,1,0.00325144138904539,0.0249065767157191,0,0,0.517750116677908,0.514,0.900448351648352,0.808248337963724,-0.00364225520746103,0,0,0,0.00124467884305481,0.0476886668128925,0.34,0.4795,0.407058815564291,0.408303494407346,0.428565096958514,0.0202616025511683,0.5205
"Weak qualitative HTE",2000,460,0.143531748483958,0.127408137077861,0,0.00327121299072063,0.023710569444694,0.00296185142533156,0,0.514806143939007,0.344,0.498094512195122,0.321675629015996,-0.0014121344265341,0.00197250979836894,1,0.648,-0.000270869910197323,0.0484157287392441,0.339,0.5105,0.406410264970906,0.406139395060708,0.427629497251997,0.0212192322810912,0.4895
"Weak qualitative HTE",2000,461,0.13252315071389,0.290221935296514,0,0.0160907158626668,0.0228040152236728,0.0203684941749854,0,0.516701020073674,0.504,0.583402446609993,0.436679888728622,-0.00101597952290161,-0.00101597952290161,1,0.968,0.00147248092194512,0.0481180449576061,0.348,0.489,0.407938694610326,0.409411175532271,0.42982116417005,0.0204099886377785,0.511
"Weak qualitative HTE",2000,462,0.436449357073899,0.637595160280783,0,0.00645951181711091,0.0244073828883131,0.0027063528427867,0,0.519754067578031,0.516,0.716447149778733,0.682196998118696,-7.25591472454101e-05,-7.25591472454101e-05,1,0.998,-0.00111315806499335,0.0480977313043822,0.3225,0.5045,0.4054360015913,0.404322843526306,0.426115916667506,0.0206799150762063,0.4955
"Weak qualitative HTE",2000,463,0.323072609460895,0.370968840118786,0,-0.0158890603829037,-0.041681588898218,-0.0102777589038028,0,0.685395567247528,0.064,0.59348833800546,0.353137655370426,-0.000160848749462372,-0.000160848749462372,0,0.018,-0.00128883927953196,0.0480567608386177,0.3255,0.512,0.406045176707347,0.404756337427815,0.426467268557713,0.0204220918503659,0.488
"Weak qualitative HTE",2000,464,0.175263783171533,0.089162871653137,0,-0.00151896979259392,0.00370588339872513,0.0134377736563324,0,0.532762547479003,0.296,0.900037121493344,0.776017632591232,0.0177334486171298,0.0177334486171298,0,0.574,-0.00184474314994027,0.0485000892830042,0.317,0.5195,0.404772586893186,0.402927843743245,0.425167509938787,0.0203949230456016,0.4805
"Weak qualitative HTE",2000,465,0.00408424447685522,0.00157662761058536,1,0.00268847176779264,-0.0146108141469759,0.0306527408384058,0,0.547821707879143,0.368,0.852551538908247,0.69741929957775,0.00720370270043269,0.00786577004644468,1,0.85,-2.27001757569615e-05,0.0483060349757663,0.342,0.4995,0.407032592312726,0.407009892136969,0.428293561542576,0.0212609692298499,0.5005
"Weak qualitative HTE",2000,466,0.198505087558715,0.15512935631561,0,-0.00134956385371252,-0.00591853705006679,0.0100386580594991,0,0.537723802600718,0.392,0.683945769050958,0.564505977218868,0.0064548073706428,0.00814191094224231,1,0.778,-0.00148212493684164,0.0471173266800712,0.301,0.5065,0.405286989392563,0.403804864455721,0.425070067190995,0.0197830777984317,0.4935
"Weak qualitative HTE",2000,467,0.000129370292589087,3.72429520525504e-05,1,0.0280927862905536,0.0236966589464306,0.0224992470076235,0,0.565972700309075,0.05,0.961726092934771,0.940678235864842,0.00346599462611152,0.00432831927818522,1,0.92,0.000376617067752981,0.0472472951016378,0.326,0.4885,0.407393479691409,0.407770096759162,0.428228361788306,0.0204582650291443,0.5115
"Weak qualitative HTE",2000,468,0.0317708102461502,0.0704385301220916,1,-0.0075379991626414,0.0534800622217312,-0.0496666622953105,0,0.502248537972733,0.374,0.85053690260133,0.633526577843448,0.0134616829331928,0.0134616829331928,1,0.69,-0.000888023273364269,0.047719169688943,0.3165,0.514,0.406007927838108,0.405119904564744,0.426496702826188,0.0204887749880805,0.486
"Weak qualitative HTE",2000,469,0.121189136104372,0.15367002694591,0,0.0127615314988445,0.0116116558854264,0.0168338942103465,0,0.538076357741864,0.324,0.81395061073695,0.687307113800052,0.00793614216800642,0.00793614216800642,1,0.768,0.000697739666875024,0.0481579198491222,0.35,0.492,0.406895367447926,0.407593107114801,0.428522687500801,0.0209295803859996,0.508
"Weak qualitative HTE",2000,470,0.0898840077373602,0.0488296009474142,0,0.0188525651842383,0.0051370024066637,0.00181584115651934,0,0.548025171031716,0.482,0.773088103756709,0.569882232005052,-0.000564228372609721,0.00104574960208681,1,0.982,0.000851308310347011,0.0474348657264004,0.3305,0.4885,0.407851990734884,0.408703299045231,0.429026031031734,0.0203227319865024,0.5115
"Weak qualitative HTE",2000,471,0.678102660909229,1,0,-0.0277892431484128,-0.0203145125805774,-0.0289774799904274,0,0.565885542823857,0.328,0.889006207787951,0.820889431649742,0.00991983651788086,0.00991983651788086,0,0.7,-0.00130371194854964,0.0476915598489691,0.3245,0.515,0.404107709716124,0.402803997767574,0.42437153976495,0.0202638300488263,0.485
"Weak qualitative HTE",2000,472,0.245993379743058,0.173087714703385,0,-0.0234109982395502,-0.0277840172075076,-0.0233865057474027,0,0.635807948299865,0.04,0.721278721278721,0.541013011623826,0.00795983687702972,0.012284564217529,1,0.744,0.000360452529995621,0.0478177921182108,0.3355,0.494,0.406795806515918,0.407156259045914,0.428062381054776,0.0209061220088617,0.506
"Weak qualitative HTE",2000,473,0.545125167453223,0.663250866875682,0,0.00476359393292355,-0.0102034433033927,-0.00193226034756022,0,0.564656842112294,0.47,0.522305456171735,0.300647039142032,-0.00179232315242106,0.000125811918181284,0,0.002,0.000924739182971406,0.0473952233318099,0.329,0.494,0.407051028100776,0.407975767283747,0.42832003641178,0.0203442691280327,0.506
"Weak qualitative HTE",2000,474,0.0340260847983217,0.00978715124954345,1,-0.00215958848230625,-0.0372479404532121,-0.00268371279326235,0,0.586508044249335,0.384,0.83852253677648,0.626330785623222,0.00104581646453017,0.00104581646453017,0,0.018,-2.72080678293984e-05,0.0481700206584941,0.338,0.504,0.407779348426116,0.407752140358287,0.429095171992495,0.0213158235663787,0.496
"Weak qualitative HTE",2000,475,0.0129362532918182,0.00451750893786229,1,-0.00693986318329386,0.0154169616238399,-0.0529806889538882,0,0.524554313629703,0.074,0.66084455667789,0.701848312586193,0.00149735320703392,0.00149735320703392,1,0.632,0.000756760392954196,0.0480212054319385,0.3335,0.4845,0.407388589163737,0.408145349556691,0.428808774488877,0.0206634249321855,0.5155
"Weak qualitative HTE",2000,476,0.367626188929245,0.487153155737954,0,-0.0105864845189041,-0.00997348008391956,-0.00829297035332016,0,0.626757630737954,0.032,0.640914285714286,0.398138236207387,0.00188444563098378,0.00188444563098378,0,0.128,-0.0014750048562594,0.0481478844290141,0.3185,0.5185,0.405626418755328,0.404151413899068,0.426021627930431,0.0203952091751038,0.4815
"Weak qualitative HTE",2000,477,0.00464883746347569,0.0246116322368759,1,0.0199870517015205,0.00132815297280234,0.0165171590667334,0,0.545717570614718,0.254,0.844529920589903,0.743511807839671,0.0142121730450371,0.0151163033799211,0,0.502,0.00105565938836104,0.0475829171239148,0.3395,0.4955,0.406609577551574,0.407665236939935,0.428049630704725,0.02038439376479,0.5045
"Weak qualitative HTE",2000,478,0.259471543842409,0.161429143635326,0,-0.00964734285849929,-0.0137693086437762,0.00275832178581187,0,0.607339039488295,0.056,0.937631689844077,0.906464358628513,-0.000647834427863092,0.000248303533982863,1,0.994,-0.000937676934120493,0.0477005618242847,0.322,0.502,0.405221095615931,0.40428341868181,0.425648078269031,0.0204269826531,0.498
"Weak qualitative HTE",2000,479,0.858559622670334,1,0,-0.010356948823383,-0.0465333857131552,-0.0552770443733559,0,0.650919609368141,0.152,0.493481505457554,0.336357378286391,-0.00466281249164502,-0.0044930218503087,0,0.374,0.000461801699766903,0.0486348139094376,0.3335,0.5035,0.406464087611266,0.406925889311032,0.428127629201735,0.0212017398907028,0.4965
"Weak qualitative HTE",2000,480,0.275303067433467,0.413041920461203,0,0.00905379622441548,-0.0162618964223015,-0.011298557012318,0,0.625850554871103,0.04,0.679954104670961,0.577222558841853,0.00500027906137435,0.00500027906137435,0,0.518,-0.000705449894393448,0.0471334171297649,0.316,0.5015,0.406278366143002,0.405572916248608,0.42648742321323,0.0202090570702287,0.4985
"Weak qualitative HTE",2000,481,0.0632728879457085,0.181909095523547,0,-0.00781536578469667,-0.0198068819004695,0.0137289091875056,0,0.662692925949476,0.04,0.783953881954727,0.701054090203285,0.00979441512628537,0.00979441512628537,1,0.678,0.000685528092025503,0.0475336736254107,0.3335,0.5025,0.407645034033591,0.408330562125616,0.428841529880302,0.0205109677546859,0.4975
"Weak qualitative HTE",2000,482,0.0271014853134206,0.0169655198697106,1,-0.00170631892988446,0.0297512327662447,-0.03557854445911,0,0.544339362855772,0.052,0.812848177138424,0.678527365918969,0.0117501788482013,0.0117501788482013,1,0.572,-0.00113602681379403,0.0480101685401117,0.329,0.516,0.406454518030143,0.405318491216349,0.427040555356498,0.0205860373263549,0.484
"Weak qualitative HTE",2000,483,0.000665663029984409,0.00178430817446433,1,0.00366531120629297,-0.00838308107938986,0.00427289642150025,0,0.61067965375755,0.044,0.77763907734057,0.629292192441604,0.00645141177178543,0.00645141177178543,0,0.166,-0.00056230744105006,0.0475467002265024,0.324,0.5025,0.406435324421536,0.405873016980486,0.427040319655791,0.0206049952342556,0.4975
"Weak qualitative HTE",2000,484,0.260216303441993,0.150356955526758,0,0.00960251245962965,0.0645586627883831,0.10646125750988,0,0.470175447350445,0.46,0.876961950607722,0.71269096098366,0.0154634220412413,0.0154634220412413,0,0.618,-0.00149950864436588,0.0476974474397652,0.3175,0.5085,0.4059673927205,0.404467884076134,0.42621681894641,0.0202494262259098,0.4915
"Weak qualitative HTE",2000,485,8.01491236724534e-05,6.12702106820078e-05,1,0.0241029997129393,0.0212958649425151,0.0317445212787992,0,0.517282839171759,0.248,0.669320137693631,0.393293574956662,0.0127091983680536,0.0130626149186212,1,0.5,0.000497696354425439,0.0483404160014847,0.347,0.503,0.407382059848599,0.407879756203025,0.429029430122676,0.021149673919651,0.497
"Weak qualitative HTE",2000,486,0.230358740941176,0.234222387560193,0,-0.000491637412552936,0.0207413075489188,0.00198801992876069,0,0.520757796409016,0.514,0.660694718387026,0.524591209895403,0.000178201981130943,0.000351773230382491,0,0.006,0.00147902064093826,0.047862201533741,0.3465,0.4765,0.408035401037308,0.409514421678246,0.429798919903072,0.0202844982248252,0.5235
"Weak qualitative HTE",2000,487,0.252586594739843,0.21099208980993,0,-0.00266312697964817,-0.0110713124378526,-0.00568619808181658,0,0.553387696130244,0.418,0.763362950426627,0.510580254039575,0.00857751462959594,0.00857751462959594,1,0.86,0.000197567452632269,0.0479098170933399,0.3315,0.5025,0.407371921638391,0.407569489091023,0.428514190222713,0.02094470113169,0.4975
"Weak qualitative HTE",2000,488,0.00318135330200323,0.0271959957799721,1,0.0159246533364937,0.00866130349140998,-0.0018842809287915,0,0.559083134386151,0.402,0.873944190989206,0.733021676734061,2.58726575623203e-05,2.58726575623203e-05,1,0.998,0.000297644110650041,0.0477612517986394,0.3325,0.5,0.407232147500579,0.407529791611229,0.428299715133006,0.0207699235217773,0.5
"Weak qualitative HTE",2000,489,6.65613756447913e-06,3.14086395623766e-06,1,0.0131268850706722,-0.00925718337529595,-0.000728326458091844,0,0.573812099053878,0.218,0.946539353724982,0.908671535608915,0.0178770103250164,0.0178770103250164,0,0.496,0.000139944419772754,0.0489201091220523,0.338,0.4965,0.407024363600673,0.407164308020446,0.428633505017272,0.021469196996826,0.5035
"Weak qualitative HTE",2000,490,0.0329236435038679,0.0191896899192484,1,-0.00419729097492943,0.0112622129803765,-0.00110681784811395,0,0.5998320343627,0.082,0.747734056987789,0.558152385652854,0.00130903495662177,0.00130903495662177,1,0.982,0.00200893560366097,0.0476172315769109,0.343,0.4835,0.40874857694888,0.410757512552541,0.430691156011895,0.0199336434593546,0.5165
"Weak qualitative HTE",2000,491,0.323694148717456,0.5531761601602,0,-0.00552227949695442,0.00676896620089108,-4.45130609267874e-05,0,0.557074894281244,0.188,0.75537213860567,0.660425275372627,0.00716885731125366,0.00872586852117002,0,0.374,0.00303880831463728,0.0479684819911647,0.3575,0.481,0.409728509995912,0.41276731831055,0.432390545207024,0.0196232268964742,0.519
"Weak qualitative HTE",2000,492,0.0169989728152236,0.014716568824016,1,-0.00327845660884265,0.0065981146244292,-0.0199587001818269,0,0.538388916620405,0.284,0.744330934138225,0.451651846641706,0.00439176083605247,0.00439176083605247,0,0.2,-0.00150709707130457,0.0480658088017853,0.315,0.508,0.405875505271348,0.404368408200043,0.426243501116827,0.0203679958454792,0.492
"Weak qualitative HTE",2000,493,0.486055248640987,0.98876845643573,0,0.00430007516692343,-0.0501300882879395,-0.0075108622280432,0,0.607277195287075,0.376,0.862528662080733,0.818719462033059,0.000698727023959789,0.000698727023959789,1,0.87,-0.000986561555763732,0.0488605342008022,0.325,0.514,0.405694704368781,0.404708142813018,0.426607938707106,0.0209132343383249,0.486
"Weak qualitative HTE",2000,494,0.259913528477739,0.173728536558806,0,-0.0171525104595619,-0.0389705338836254,0,0,0.546619820172403,0.49,0.696163019079685,0.251112613904209,0,0,1,1,0.00223001455254763,0.0474681779424133,0.344,0.4755,0.408690025712227,0.410920040264775,0.43050510465475,0.0195850643899757,0.5245
"Weak qualitative HTE",2000,495,0.00203680651036411,0.0163626467487009,1,0.0220975971678148,0.0151038360241401,0.0386889866699355,0,0.333574763289858,0.026,0.874064594109387,0.75600449874534,0.0136426680275604,0.0136426680275604,0,0.418,3.2845655103042e-05,0.0481491289184166,0.3315,0.498,0.406954868992088,0.406987714647191,0.428204206659687,0.021216492012496,0.502
"Weak qualitative HTE",2000,496,0.005066075780035,0.00110473231629286,1,0.0184214308015218,0.0340816978018738,0.0206894783477101,0,0.511361393621512,0.382,0.845034722222221,0.777124772981756,0.00318679574908387,0.00610947070423074,0,0.098,0.00259457957798128,0.0479771971526346,0.3555,0.475,0.408700563875574,0.411295143453555,0.431201917262339,0.0199067738087845,0.525
"Weak qualitative HTE",2000,497,6.52995143819232e-05,1.40616460657921e-05,1,0.0193310919850398,0.0160181681052338,0.0464507003539462,0,0.506393452435916,0.098,0.912605398525747,0.873663396505762,0.0158367962539565,0.0158367962539565,1,0.434,-0.000781521170449076,0.0477749465597186,0.328,0.506,0.40591994120898,0.405138420038531,0.426556122783076,0.0206361815740959,0.494
"Weak qualitative HTE",2000,498,0.0523138824478739,0.044766230335037,0,0.0267590922379312,0.0827899542599894,0.106058296686934,0,0.471776652877422,0.352,0.801262053318207,0.702980440460324,0.0104549603178068,0.0117282215297485,0,0.612,1.46742329212508e-05,0.0479007210301402,0.3225,0.504,0.407272763953812,0.407287438186733,0.428312936072688,0.0210254978859546,0.496
"Weak qualitative HTE",2000,499,0.00685061403025791,0.00189472097450045,1,0.0200914518861744,-0.0160552336696192,-0.0101109348567208,0,0.563719992341104,0.192,0.940123964112047,0.841601535736547,-0.000974501191477184,0.00196715137266412,0,0.038,0.00140851421736545,0.0482983283779262,0.346,0.476,0.407851514431363,0.409260028648728,0.429846510266186,0.020586481617458,0.524
"Weak qualitative HTE",2000,500,0.0266953337246476,0.0229721040704799,1,-0.0126225541560784,-0.0153397441641547,-0.033810943575683,0,0.596172350146795,0.224,0.661775548003093,0.458041679790934,0.00900823529238498,0.00900823529238498,0,0.594,0.000378287283568263,0.0491547761271171,0.3445,0.503,0.406614127237724,0.406992414521293,0.428584458159043,0.0215920436377504,0.497
"Strong qualitative HTE",2000,1,5.8455027699742e-05,1.02057193265583e-05,1,0.0164071400267789,0.0194716744250611,0.0254541702995581,0,0.527947215354042,0.374,0.888369928094504,0.855181380568082,0.0332831201791234,0.0417387263024108,0,0.726,0.00354844412622032,0.111583813589307,0.4485,0.4895,0.407582181900292,0.411130626026512,0.458782239406071,0.0476516133795588,0.5105
"Strong qualitative HTE",2000,2,4.22213197000137e-08,4.9064381435258e-09,1,0.0283233870039464,0.0109697412783207,0.0406430761312373,0,0.46352654322148,0.104,0.934502517223105,0.918569531318843,0.0391101848058904,0.0422053251745936,1,0.488,-1.39421347948519e-05,0.111719459452036,0.4385,0.4975,0.40606469122023,0.406050749085435,0.455540937749189,0.0494762465289594,0.5025
"Strong qualitative HTE",2000,3,5.21120598244586e-15,4.35724528112128e-16,1,0.0306831932179508,0.0401766865183247,0.0566953095636055,0,0.484008065193241,0.21,0.986268870147386,0.983856560347024,0.0460330379374448,0.0474509554501191,0,0.364,5.29700187073696e-05,0.113883732959396,0.433,0.502,0.405988768072626,0.406041738091333,0.45655764991392,0.0505159118225869,0.498
"Strong qualitative HTE",2000,4,4.34197001451674e-06,2.62606406108419e-06,1,0.0148021383470153,0.00017182118737408,-0.00422616592285852,0,0.575530193502625,0.15,0.92277529327889,0.875628684146446,0.026106512905581,0.0301501677298239,0,0.306,0.00472628141566521,0.112312132194018,0.455,0.4665,0.408032409496034,0.412758690911699,0.45987387583695,0.0471151849252511,0.5335
"Strong qualitative HTE",2000,5,8.4539578600889e-05,1.55484378307748e-05,1,0.0381591935398744,0.058728529608419,0.0819596693848905,0,0.463302559141598,0.328,0.990508474576271,0.976720462796332,0.0440583752826725,0.0440583752826725,0,0.56,0.00385814290490714,0.114312806228947,0.4435,0.4945,0.407028174870139,0.410886317775046,0.45962655402694,0.0487402362518943,0.5055
"Strong qualitative HTE",2000,6,4.77720563172135e-09,3.86310437464118e-10,1,0.0326399232222874,0.0234758559227438,0.0196702931889862,0,0.48440943274766,0.134,0.916357602967011,0.915516393420466,0.0268324046508605,0.0268324046508605,1,0.822,0.00397078785082013,0.113109449132284,0.4455,0.491,0.407803679133522,0.411774466984342,0.459797002137517,0.0480225351531749,0.509
"Strong qualitative HTE",2000,7,1.5486448086737e-12,1.69172565237666e-13,1,0.028791574130846,0.00972990527931341,0.0809200590999011,0,0.601088570424553,0.028,0.956809474050854,0.924990545213829,0.0469993174882922,0.0503808958676475,1,0.466,0.000934296628053346,0.11424987596439,0.432,0.4935,0.406545274882321,0.407479571510374,0.457636392174334,0.0501568206639602,0.5065
"Strong qualitative HTE",2000,8,4.83351558849545e-05,7.93652765082136e-06,1,0.0286799909290248,0.00253900040901579,-0.0125430990199916,0,0.553090701301168,0.304,0.975088443396225,0.963431727627707,0.037561431188194,0.037561431188194,0,0.616,0.00148042363709078,0.112940238375719,0.446,0.489,0.406317517650794,0.407797941287885,0.457101601172583,0.0493036598846982,0.511
"Strong qualitative HTE",2000,9,2.93379703119681e-07,5.02532822871237e-08,1,0.0296993408619329,0.0723304466932603,0.0114783860949214,0,0.547457651370271,0.096,0.945539452495974,0.924842333042878,0.0156512922638368,0.0215910247636968,0,0.178,0.00115489917653767,0.113370567597691,0.44,0.5015,0.406248295791633,0.40740319496817,0.457208751670328,0.0498055567021573,0.4985
"Strong qualitative HTE",2000,10,2.80025291255854e-09,2.9694672316427e-10,1,0.0479047062321907,0.056526802605162,0.0549213946761468,0,0.470257353362069,0.234,0.932699353536013,0.915135015089816,0.0414967088433758,0.0418060255912616,1,0.398,0.00337232007906189,0.111111676842333,0.4425,0.4795,0.406779397888522,0.410151717967584,0.457447805431373,0.0472960874637895,0.5205
"Strong qualitative HTE",2000,11,6.68846367115433e-06,1.17122701890072e-06,1,0.0205871026280507,0.0360155722554808,0.0215416083645872,0,0.616912724431828,0.054,0.902786275320379,0.894507794821544,0.0322518400935528,0.0355171758261694,1,0.562,0.000304183264640573,0.113128322770576,0.441,0.4955,0.407388949013692,0.407693132278333,0.457751695778677,0.050058563500344,0.5045
"Strong qualitative HTE",2000,12,0.000365309586296206,8.22458590001326e-05,1,0.0216713149061954,0.00907045152888797,0.0171466163178429,0,0.541849277280342,0.336,0.979880910915395,0.970181025796801,0.0350264962824477,0.0350264962824477,0,0.648,-0.00424024023549289,0.112397799450157,0.4195,0.517,0.406144598348383,0.40190435811289,0.453688174647742,0.0475435762993597,0.483
"Strong qualitative HTE",2000,13,3.35497633109112e-05,5.48459587227989e-06,1,0.0146938906479838,0.0375071427286303,0.0320394553897196,0,0.533472516161264,0.184,0.994920512449567,0.99379156266496,0.0381772791517067,0.047087430125636,0,0.394,0.00285109080850232,0.112865931344485,0.44,0.496,0.407949676528326,0.410800767336828,0.459307229901331,0.048506462564503,0.504
"Strong qualitative HTE",2000,14,1.78720042280811e-08,5.59872661336002e-09,1,0.0462407380844951,0.0289248129894076,0.0608916819189773,0,0.480673153922129,0.22,0.914148159139998,0.886550212223611,0.0330571356929616,0.0366659037840197,1,0.752,-0.000115253108626969,0.113603361055061,0.436,0.495,0.407102020802993,0.406986767694366,0.457381969811037,0.0502799490080437,0.505
"Strong qualitative HTE",2000,15,6.52852071821256e-09,6.41569305501823e-10,1,0.023815880124451,0.0507258877517263,0.0559765600525243,0,0.486778473191944,0.288,0.987677527151211,0.987907165983632,0.0395590251709314,0.0465490504662324,0,0.674,0.00298758723590159,0.112636106766756,0.4475,0.4955,0.407650125178694,0.410637712414596,0.459048957158167,0.0484112447435718,0.5045
"Strong qualitative HTE",2000,16,3.54045045494884e-07,1.76453671032188e-06,1,-0.00242781586663543,-0.0191182106328603,0.0154347544876053,0,0.574281478620806,0.132,0.963963087302745,0.948511228868461,0.0397838372330644,0.0397838372330644,1,0.362,0.00140160576432391,0.112247977367145,0.4425,0.492,0.406340889362769,0.407742495127093,0.456721580239507,0.048979085112414,0.508
"Strong qualitative HTE",2000,17,1.32267958831397e-05,2.3563501690613e-06,1,0.0195617111536743,0.0312900614183257,0.0360329675262301,0,0.582055582136493,0.026,0.964499178981937,0.951404255604291,0.0351089496687043,0.0351089496687043,0,0.27,0.00155961727770685,0.113394365399238,0.4315,0.4965,0.407143139906652,0.408702757184359,0.457808090540987,0.0491053333566283,0.5035
"Strong qualitative HTE",2000,18,0.00256337901473369,0.000744274824716474,1,-0.00166346138023933,-0.0385500517998443,-0.0132105291135993,0,0.61825374524577,0.028,0.818655643422,0.791967771018663,0.0345817370018913,0.0345817370018913,0,0.358,-0.00232953023863826,0.112966282284723,0.4185,0.513,0.405983332219109,0.403653801980471,0.454661278818671,0.0486779465995612,0.487
"Strong qualitative HTE",2000,19,9.37503039372915e-12,6.38907541878257e-12,1,0.0519192245462338,0.0418734097733945,0.0613024658812846,0,0.496760061362823,0.104,0.904584402381758,0.902033970999016,0.0385881923450318,0.0446290326054793,0,0.55,0.000533417470746365,0.115296865856905,0.443,0.4925,0.40668634645755,0.407219763928297,0.458280200837532,0.0510604369092355,0.5075
"Strong qualitative HTE",2000,20,0.000194358386070375,0.000142592175345867,1,0.0371076915154472,0.0724437582719535,0.0396964346914128,0,0.497546572903775,0.038,0.867675440730469,0.800467213743496,0.0102902771568518,0.0143366288809703,0,0.154,0.000105915929862178,0.112286448929837,0.432,0.4995,0.406770434526791,0.406876350456653,0.456271701422805,0.0493953509661517,0.5005
"Strong qualitative HTE",2000,21,3.89723841529571e-05,1.28245562968364e-05,1,0.0217567737061222,0.0174934163416333,0.04314300772193,0,0.513337108232363,0.298,0.975466964036799,0.97344256163623,0.0382423459844853,0.0415162005982,1,0.556,-0.000136141243414058,0.112218137108311,0.4375,0.505,0.406356858783677,0.406220717540263,0.455903257507578,0.0495463987239012,0.495
"Strong qualitative HTE",2000,22,1.6564810578966e-07,2.49833720363866e-08,1,0.0214669297122339,0.0560785415120107,-0.0108867763535073,0,0.482536515186958,0.102,0.945854149148405,0.930837274122497,0.039629682505097,0.0435899045142818,1,0.43,0.00060378285406638,0.112496993740649,0.429,0.4995,0.406789657676263,0.407393440530329,0.456654422774778,0.0492609822444488,0.5005
"Strong qualitative HTE",2000,23,7.15281313430141e-06,1.03202728521244e-06,1,0.0253574215200499,0.0161717789959408,0.0285233250519449,0,0.524304692815429,0.126,0.967011884550083,0.966135221674593,0.0348225834404717,0.0348225834404717,0,0.266,-0.00487653686387326,0.111033274634669,0.411,0.5185,0.405512488984267,0.400635952120393,0.451967438812836,0.0464549498285691,0.4815
"Strong qualitative HTE",2000,24,2.50100013578699e-06,2.80430957692229e-07,1,0.0298884386530223,0.0265450623354816,0.0113668250664878,0,0.5529665388021,0.042,0.730177360459052,0.608844624726402,0.0095279604444567,0.00962713157559036,0,0.188,-0.00125262511704933,0.110615789867161,0.419,0.498,0.406777241542752,0.405524616425703,0.454809102828708,0.0480318612859562,0.502
"Strong qualitative HTE",2000,25,7.76986939211672e-05,4.70239264828669e-05,1,0.0183993126508103,-0.00930172345744354,0.0296992283593042,0,0.545171726651123,0.208,0.917897445083129,0.874105278564842,0.041279600275651,0.041279600275651,1,0.608,0.00247674092080304,0.113870075082099,0.4395,0.495,0.408379617705665,0.410856358626468,0.4602276129873,0.0493712543608313,0.505
"Strong qualitative HTE",2000,26,2.44843108061001e-09,3.12367168883517e-10,1,0.0392800509934669,0.0627068946002571,0.0521373708429329,0,0.464927033852854,0.244,0.995729813664596,0.995220860077038,0.0449724246864878,0.0449724246864878,1,0.456,0.00496362431215704,0.114608122192935,0.4555,0.4825,0.409023544341055,0.413987168653212,0.46248465876867,0.0484974901154582,0.5175
"Strong qualitative HTE",2000,27,0.000951846097857877,0.000194404640931588,1,0.0329296002876527,0.0562767628393834,0.0223720599321299,0,0.481813603371177,0.18,0.888455002940984,0.754124963373546,0.0367722115953121,0.0367722115953121,1,0.392,-0.000686709046729782,0.110342912222205,0.4275,0.5035,0.407242440101043,0.406555731054313,0.455338297849255,0.048095857748212,0.4965
"Strong qualitative HTE",2000,28,2.47755139607985e-08,3.39599875997743e-09,1,0.0294161816197419,0.0557804367735386,0.0795256550958229,0,0.482284024103496,0.076,0.903093356889306,0.883528049422432,0.0390062299293238,0.039428522950998,0,0.448,-0.00257693957746611,0.110961901028748,0.4205,0.511,0.405924976251566,0.4033480366741,0.453522154890223,0.0475971786386568,0.489
"Strong qualitative HTE",2000,29,2.40113110172653e-07,5.36551146828692e-07,1,0.0351658930419801,0.0603274517095223,0.100272921435049,0,0.530572706504357,0.176,0.835188273782796,0.849473781125236,0.0198644631968813,0.0298133302092367,0,0.754,-0.000801861663564673,0.113211718313719,0.431,0.501,0.40646417973175,0.405662318068185,0.456237420112036,0.0497732403802861,0.499
"Strong qualitative HTE",2000,30,4.65568271958073e-05,7.84239145943507e-06,1,0.0092704994266245,0.00420157954220467,0.0120364210179565,0,0.501965831525895,0.102,0.848663522012578,0.779933913692745,0.0394375451824053,0.0394375451824053,1,0.626,0.00104716839182148,0.111644359620332,0.4345,0.4985,0.406860282657683,0.407907451049504,0.456808680123741,0.0489012290742363,0.5015
"Strong qualitative HTE",2000,31,6.64870652980435e-05,9.35839816560845e-06,1,0.0159368638420008,-0.0127627929270775,0.0527509249815006,0,0.582162831233175,0.138,0.769842424242424,0.746878319905819,0.0264921817501026,0.0264921817501026,1,0.476,-0.000518660989091976,0.112645326932504,0.432,0.4905,0.405680406558636,0.405161745569544,0.455249382963388,0.0495689764047522,0.5095
"Strong qualitative HTE",2000,32,1.7472092352044e-05,7.4630985559043e-05,1,0.0290582249747711,0.0274557292597749,0.0501566122880274,0,0.500230897552994,0.258,0.842312324367723,0.835117731917542,0.0302642134560779,0.0302642134560779,1,0.466,0.00508657419596113,0.11124497089617,0.4585,0.488,0.409251740960397,0.414338315156358,0.461173963471736,0.0468356483153771,0.512
"Strong qualitative HTE",2000,33,6.2256633722215e-06,8.76412717217524e-07,1,0.0426511763913999,0.0176839265341922,0.0281923568363042,0,0.527235046405548,0.326,0.974605376131036,0.969826144855428,0.0303050459348307,0.0303050459348307,0,0.628,-0.00175136311732717,0.112375746294427,0.43,0.506,0.405570707384245,0.403819344266918,0.454446239267496,0.0488755318832503,0.494
"Strong qualitative HTE",2000,34,5.53623076595637e-08,8.40943378615033e-09,1,0.0301537044191048,0.0488647942636014,0.0426429508281275,0,0.510959806532608,0.148,0.960377668308703,0.930762745813971,0.0436342986302128,0.0463472331647999,1,0.406,-0.000678783461946088,0.113692161118054,0.426,0.506,0.405738002637283,0.405059219175337,0.455808947427847,0.0500709447905644,0.494
"Strong qualitative HTE",2000,35,8.07336134757977e-05,1.43469613738882e-05,1,0.0431663537230358,0.0548947755409918,0.0859872403079937,0,0.433208807814114,0.196,0.88988508024569,0.891513707385468,0.0369340815533179,0.0369340815533179,0,0.31,-0.000401286428101594,0.11268986355917,0.4245,0.506,0.406407608370261,0.406006321942159,0.455987475907237,0.0495798675369763,0.494
"Strong qualitative HTE",2000,36,5.04819166932932e-06,5.68053011468595e-07,1,0.051082143757633,0.075573125854146,0.0925595068775948,0,0.412186926287358,0.106,0.90098228663446,0.880175025325548,0.0404755112937676,0.0456721473014074,0,0.72,0.0019316755320799,0.113479605131064,0.4395,0.488,0.406066529283106,0.407998204815186,0.457262083478955,0.0492638786637692,0.512
"Strong qualitative HTE",2000,37,7.86571668452198e-05,3.96488521414465e-05,1,0.0323355026832653,0.0585111516696236,0.0442506892329935,0,0.450756780740474,0.312,0.965187878787877,0.95484732802892,0.0351052430670157,0.0351052430670157,1,0.52,0.00510889451413171,0.112701436313544,0.451,0.481,0.408599009481536,0.413707903995668,0.461120580038626,0.0474126760429578,0.519
"Strong qualitative HTE",2000,38,0.000518986101704406,0.000122310298381342,1,0.0112207788273894,0.0387799031999387,0.034898857632897,0,0.489183838138434,0.102,0.856900232919254,0.801673881397766,0.015805587447759,0.0162409688404607,0,0.17,0.00142882669441129,0.113845224367619,0.4375,0.492,0.407826775095843,0.409255601790254,0.458925412557318,0.0496698107670641,0.508
"Strong qualitative HTE",2000,39,1.60475656676295e-13,8.95220837911048e-15,1,0.0515124584807442,0.0670667341715043,0.0761292888124428,0,0.461026155682063,0.088,0.981931313131313,0.975363053206254,0.0498363693191002,0.0498363693191002,1,0.558,-0.00119187013709569,0.112629171561663,0.431,0.497,0.405703019357865,0.40451114922077,0.45502993607586,0.0493269167179947,0.503
"Strong qualitative HTE",2000,40,0.000110277446270477,2.69134394623241e-05,1,0.0251993988790778,0.00247519073108083,0.00493515560198132,0,0.620340842110944,0.044,0.920962872297021,0.875648251836834,0.0161170436558115,0.0161170436558115,0,0.158,-0.000952090857553615,0.114576724073235,0.4345,0.496,0.406473388613584,0.40552129775603,0.456974257382842,0.0505008687692586,0.504
"Strong qualitative HTE",2000,41,9.20105895270196e-08,7.97971851983512e-09,1,0.0282921585966073,0.016427924718806,0.000218172774315906,0,0.414614946895979,0.044,0.941383449251057,0.920493413225748,0.0429718914404384,0.0429718914404384,0,0.632,-0.0024293671199991,0.113961899732249,0.422,0.5135,0.406563062358684,0.404133695238685,0.455990764183441,0.0494277018247573,0.4865
"Strong qualitative HTE",2000,42,0.000446946660630124,0.000464105121991461,1,-0.000513325641279433,-0.0345671202657416,0.0274050697421099,0,0.587230817282051,0.26,0.87007938057128,0.714750889947226,0.0373077383537465,0.0373077383537465,1,0.564,0.00106368870475556,0.111605768470524,0.4345,0.494,0.40705839249559,0.408122081200346,0.456809865534859,0.0486877843345129,0.506
"Strong qualitative HTE",2000,43,1.09857558352387e-07,9.22161289341626e-09,1,0.0426983952257607,0.0503094929058168,0.0510195822620985,0,0.499860231299111,0.408,0.916507547939617,0.916256161064742,0.0398423804507539,0.0405133437184204,0,0.338,0.00441323072230567,0.113965016437233,0.4515,0.48,0.408754956535457,0.413168187257762,0.461723236624705,0.0485550493669424,0.52
"Strong qualitative HTE",2000,44,1.06533344525473e-06,5.65066126698255e-07,1,0.019305622534082,0.0206036942412755,0.0287951811485968,0,0.527884181156656,0.268,0.977376514821449,0.972189054468943,0.0469969612939499,0.0506183631046322,0,0.512,0.00240203961983489,0.113090281401659,0.4425,0.495,0.407132059513397,0.409534099133231,0.458529036823518,0.0489949376902865,0.505
"Strong qualitative HTE",2000,45,0.000815636981660468,0.000145981766677531,1,0.0110352577568252,-0.0236720155655145,0.048529634142548,0,0.543546985161379,0.05,0.851103904612159,0.819581630751405,0.0303815508074339,0.0303815508074339,1,0.41,-0.002490995713689,0.113263994868152,0.419,0.5095,0.406447871900563,0.403956876186874,0.455207851141268,0.0487599792407049,0.4905
"Strong qualitative HTE",2000,46,2.51583915001819e-12,3.49317608329549e-08,1,0.027994563662826,0.0348195889918005,0.0226769749225972,0,0.510609839447458,0.192,0.973917579551382,0.964705886734218,0.0264990125546721,0.0292064874012569,1,0.73,-0.00228650962440634,0.112902772228274,0.425,0.5065,0.405338718522358,0.403052208897952,0.454325632394789,0.0489869138724301,0.4935
"Strong qualitative HTE",2000,47,7.40605480851341e-06,2.02364839153344e-06,1,0.0130284521894673,-0.0324690605221148,0.0540750979300484,0,0.758884161523831,0.014,0.801369863013698,0.765564684381815,0.0219118235490204,0.025461869480319,1,0.616,0.000604502464410704,0.11154070608385,0.4345,0.495,0.406795896853424,0.407400399317835,0.45622045982337,0.0488200605055345,0.505
"Strong qualitative HTE",2000,48,4.32812808277222e-11,4.45285228088222e-12,1,0.0529953515843913,0.0737347731188056,0.0669167763138761,0,0.431893528402182,0.136,0.993193401833548,0.989261416721218,0.0377746912281246,0.0377746912281246,1,0.71,-0.000706992333905521,0.112026689447189,0.4245,0.5075,0.40636335620182,0.405656363867914,0.455377464760247,0.0490141085584274,0.4925
"Strong qualitative HTE",2000,49,2.39960000251874e-08,3.47522577833106e-09,1,0.0330303938439711,0.0772742469561078,0.00416313107684158,0,0.458712968836803,0.226,0.955489662324195,0.951571068389956,0.0396118695058321,0.0396118695058321,1,0.624,0.00510724288755636,0.113892475736347,0.447,0.49,0.40869076253615,0.413798005423706,0.46178364750233,0.0479856420786232,0.51
"Strong qualitative HTE",2000,50,0.00107247620863162,0.000209348409778661,1,0.0217177717311645,0.0347335481523964,0.0101822684674913,0,0.503590091038886,0.186,0.87112199102407,0.822768033723156,0.0319656629897012,0.0319656629897012,1,0.344,-0.00223102688240319,0.1142289727809,0.4285,0.504,0.406900269489852,0.404669242607449,0.456380659622973,0.0494803901331216,0.496
"Strong qualitative HTE",2000,51,0.000166392508565542,4.05896666577948e-05,1,0.00620025281018483,0.0101796623548242,0.0199105928830731,0,0.530598976377246,0.068,0.948946875154146,0.938683451263042,0.0408989788275372,0.0431591135717621,1,0.646,-0.00157230959214944,0.115094684964689,0.4255,0.5065,0.405865375880336,0.404293066288187,0.456364341629183,0.0504989657488472,0.4935
"Strong qualitative HTE",2000,52,2.26691359801249e-11,1.2510644269535e-12,1,0.0408181710467285,0.0508267564376016,0.0489363822318991,0,0.51352427902508,0.164,0.989964571410251,0.990093170696772,0.0282475354924501,0.0353258055772142,0,0.816,-0.00124796177260441,0.112698832679737,0.423,0.5105,0.406619021158738,0.405371059386133,0.455947151659479,0.049328130500741,0.4895
"Strong qualitative HTE",2000,53,0.000117058211587438,5.12468032224448e-05,1,0.00093942527705957,0.00497935545724571,-0.0071525688580546,0,0.585160612396991,0.052,0.942368425271326,0.935572147985306,0.0327489721419976,0.0327489721419976,1,0.73,0.000533551396820939,0.112532331123927,0.438,0.502,0.406918440525379,0.4074519919222,0.457127890725005,0.0496758988028049,0.498
"Strong qualitative HTE",2000,54,1.17197815076269e-08,1.21072627443157e-09,1,0.032024497913676,0.0250894680546482,0.0548629229318559,0,0.492702378499456,0.068,0.945763546798028,0.940356463379008,0.0447252642207062,0.0474300582207935,1,0.464,-0.00390680848332481,0.111718031508386,0.421,0.5125,0.405400641140948,0.401493832657623,0.452893697856452,0.0474930567155047,0.4875
"Strong qualitative HTE",2000,55,4.67055636714416e-06,5.25290658128716e-07,1,0.0275737558018866,0.0546003103844201,0.0180031945170493,0,0.456942907642892,0.132,0.960045976267181,0.958968860510998,0.0423507184358302,0.0423507184358302,1,0.338,-0.00141663771360935,0.111867241482215,0.4285,0.5095,0.40566233714064,0.404245699427031,0.454356816210063,0.0486944790694228,0.4905
"Strong qualitative HTE",2000,56,0.000108543953458927,0.000213036328940861,1,0.0249139662929259,0.0304746260320774,0.0227250115791046,0,0.534962562502449,0.326,0.780015893867887,0.70935097844096,0.0317179095578132,0.0324507527144642,0,0.59,0.0012046721441487,0.11324908090295,0.441,0.494,0.40570034020177,0.406905012345919,0.456654651653804,0.0497496393078851,0.506
"Strong qualitative HTE",2000,57,3.93533867826103e-07,6.54008480396532e-08,1,0.048464458285897,0.0924971428053991,0.129026559217737,0,0.47385273742096,0.092,0.987660256410256,0.987010995778158,0.0423619817858673,0.0502718369786718,0,0.498,0.000600842299574985,0.111632244779655,0.44,0.488,0.405910295418998,0.406511137718573,0.455618339904201,0.0491072021856276,0.512
"Strong qualitative HTE",2000,58,8.5391723746915e-08,1.74217706723082e-08,1,0.0370873541177425,0.0203128037666627,0.0552973915423308,0,0.5046881782315,0.282,0.968057619016859,0.964411539263393,0.0454347003411945,0.0454347003411945,0,0.516,-0.00163722519511705,0.113938812215907,0.4395,0.4995,0.406450015837729,0.404812790642612,0.456452180288918,0.0500021644511888,0.5005
"Strong qualitative HTE",2000,59,1.2924340279534e-06,1.37993965012797e-07,1,0.0306789096294227,0.0249619446491431,0.051980924710074,0,0.496760061362823,0.104,0.978312048503612,0.979937931769859,0.0428652043746927,0.0428652043746927,1,0.476,0.0017795446416533,0.112676668240015,0.4475,0.4965,0.407971074326548,0.409750618968202,0.458904961289514,0.049154342321312,0.5035
"Strong qualitative HTE",2000,60,0.00147378056264047,0.000813861633565408,1,0.00727584735421432,-0.00302504089621564,-0.00231439865099026,0,0.559850160234154,0.17,0.914740475372561,0.897147536775337,0.0015287503898645,0.0015287503898645,0,0.01,0.00154889033126291,0.113557667763651,0.4325,0.4995,0.407226727735301,0.408775618066563,0.458164260223619,0.0493886421570554,0.5005
"Strong qualitative HTE",2000,61,1.47116794864952e-05,3.30172163474043e-06,1,0.0177458729965569,0.025410725404733,0.0294316258411753,0,0.525658290121523,0.326,0.990937494888028,0.98639537768534,0.0490311602742888,0.0490311602742888,0,0.5,-7.80783213910809e-05,0.113559309584323,0.426,0.501,0.407436364467384,0.407358286145993,0.457700593856422,0.0502642293890379,0.499
"Strong qualitative HTE",2000,62,4.78925207141061e-09,6.67789217104794e-10,1,0.0297970031975357,0.0627997453213868,-0.0082590376029929,0,0.468489435434782,0.08,0.931920794633642,0.936127855863173,0.0307972867139307,0.0307972867139307,1,0.252,-0.00153194436753414,0.113875958695197,0.4325,0.4955,0.406273648917123,0.404741704549589,0.455912871474167,0.0496392225570435,0.5045
"Strong qualitative HTE",2000,63,1.1962264480349e-05,2.79150796220505e-06,1,0.015768504516163,0.0228077519913534,0.0412616019981304,0,0.529228723536613,0.302,0.91684682914046,0.873922977294634,0.0325278393955799,0.0364671810592994,1,0.662,0.00152390525630546,0.111712646102676,0.4385,0.4985,0.408023045499312,0.409546950755617,0.458243754786411,0.0486968040307935,0.5015
"Strong qualitative HTE",2000,64,4.29030260083257e-06,9.26363553061484e-07,1,0.0297151618424444,0.0454982368349459,0.0174216759664801,0,0.479371826235792,0.098,0.798949386873781,0.734088074546657,0.0274469065244766,0.0274469065244766,1,0.642,-0.00254287695240242,0.113171306138495,0.42,0.5025,0.405707609393735,0.403164732441333,0.454547879507952,0.0488402701142163,0.4975
"Strong qualitative HTE",2000,65,1.41129608626693e-07,7.98050135876254e-08,1,0.0308986451723774,-0.00448709895854692,0.0185850795147863,0,0.592339880396414,0.04,0.923869931754316,0.947013210007953,0.0376559874558853,0.0457735039812548,0,0.526,0.00623228268678845,0.11224003922375,0.4605,0.4725,0.408307219062104,0.414539501748893,0.461120796022382,0.046581294273489,0.5275
"Strong qualitative HTE",2000,66,3.61031615693438e-06,4.2845590160124e-07,1,0.0164023492232516,-0.0152101742897851,-0.014855327367553,0,0.573639179705398,0.238,0.94877192982456,0.942281724676497,0.0404907260461975,0.0404907260461975,0,0.498,0.00191514389492547,0.112982231511372,0.4455,0.493,0.407505777048,0.409420920942926,0.45851513273684,0.0490942117939137,0.507
"Strong qualitative HTE",2000,67,0.000483760276634107,0.00123355627942955,1,0.0138803894062933,0.0277073441279804,0.0154773107001268,0,0.546452845946767,0.114,0.930596857277499,0.92188012691898,0.0270501007561033,0.0270501007561033,0,0.208,-0.00344744481094573,0.111475733091997,0.4205,0.5105,0.406004033011319,0.402556588200373,0.453435597739725,0.0474315647284066,0.4895
"Strong qualitative HTE",2000,68,4.95987550564112e-06,1.02401723780128e-06,1,0.0268437049619088,0.0256246817835191,0.0478159666385625,0,0.509940206328331,0.27,0.989801681431638,0.99015091280114,0.0429640632647333,0.0429640632647333,1,0.54,0.00248115848847467,0.113779583902849,0.4445,0.491,0.407870670938045,0.41035182942652,0.45961379083805,0.0492619614115302,0.509
"Strong qualitative HTE",2000,69,5.19199027114596e-06,3.9917744871242e-06,1,0.0328797633508762,-0.0148842362034785,0.00307213445916354,0,0.574867650048395,0.394,0.939812321501428,0.917631991256637,0.00338901145802611,0.00485181574174309,0,0.038,0.000582530210287505,0.112715350668264,0.4295,0.5055,0.407204366631684,0.407786896841971,0.457232935468664,0.0494460386266922,0.4945
"Strong qualitative HTE",2000,70,2.60765806830345e-09,1.01435236916178e-09,1,0.0330222316291944,0.0617548147047861,0.06176042644999,0,0.480519274098664,0.242,0.895251944317366,0.838463548558498,0.037445032467082,0.0393897345311712,0,0.42,-0.000377098669634855,0.113352826700755,0.4345,0.493,0.405812482022374,0.40543538335274,0.455954407220862,0.0501419251984871,0.507
"Strong qualitative HTE",2000,71,2.63181257471521e-06,2.89697509365479e-06,1,0.0325102211507508,0.0185082433161449,0.050815653278297,0,0.52590652651281,0.284,0.800117242839231,0.828314726468954,0.0281332415199594,0.0281332415199594,1,0.552,0.0024776888153531,0.111528497366699,0.435,0.495,0.407751872778099,0.410229561593452,0.4582846895654,0.0480551279719478,0.505
"Strong qualitative HTE",2000,72,1.15733334378909e-06,1.82880333470705e-07,1,0.0385166034846191,0.0453820502060772,0.0500089949770896,0,0.493897066461446,0.146,0.95401695665721,0.933225339814943,0.0444510002971596,0.0466794983815739,0,0.494,-1.398709692891e-05,0.111517057496985,0.426,0.4995,0.406909894860662,0.406895907763734,0.455962523254914,0.0490526283942515,0.5005
"Strong qualitative HTE",2000,73,1.48307944922756e-07,1.23401728941859e-08,1,0.0297528125701695,0.0220018881034248,0.0472055172773321,0,0.515203359087338,0.178,0.974937595282371,0.957115937440616,0.0372341943294462,0.0440369095786508,1,0.622,-0.00147632115582147,0.111373201833516,0.4225,0.5115,0.405801484466405,0.404325163310583,0.453944586750557,0.048143102284152,0.4885
"Strong qualitative HTE",2000,74,1.11895344284816e-07,2.51586288262702e-08,1,0.0297599364452346,0.0278102367792138,0.0447565513749394,0,0.509285242956457,0.326,0.97568839458729,0.971053616353379,0.0480411501479946,0.0482956999947156,1,0.606,-0.00346476205134244,0.113475345663288,0.42,0.512,0.405594900404215,0.402130138352872,0.454193183209132,0.0485982828049177,0.488
"Strong qualitative HTE",2000,75,1.98422854902291e-14,1.16612289334724e-15,1,0.0455210655710284,0.0517568801773553,0.0603423327688154,0,0.44595094784028,0.084,0.979613681700968,0.977095403979585,0.0448128068460716,0.0449643813363147,1,0.668,-0.00141708038309538,0.114022895975891,0.4325,0.5055,0.406695499434047,0.405278419050951,0.456619518860622,0.0499240194265754,0.4945
"Strong qualitative HTE",2000,76,0.00567604082467765,0.00139356461626598,1,0.0161857584607092,0.0144243621421536,0.0221818668844764,0,0.522497666917143,0.356,0.957727442966244,0.95357588536207,0.0358284701991757,0.0358460040892051,0,0.682,0.00302268232382692,0.114236107010873,0.449,0.494,0.406950469235917,0.409973151559744,0.459196221591821,0.0492230700320777,0.506
"Strong qualitative HTE",2000,77,0.00022425234037364,5.59023948007847e-05,1,0.00660124849415228,-0.0159968264371339,0.0131778193844117,0,0.532097395486548,0.252,0.95741784950418,0.943313180653106,0.0461808371498158,0.0480628883068981,0,0.494,0.00307254703836944,0.112478373707959,0.441,0.486,0.406901048423437,0.409973595461806,0.458039235366685,0.0480656399048788,0.514
"Strong qualitative HTE",2000,78,1.60892380088237e-13,1.18504433081589e-14,1,0.055044263931911,0.0563815554687459,0.080570793373215,0,0.487967562114138,0.142,0.959095276090603,0.949884307529598,0.0432619341114513,0.0432619341114513,1,0.452,0.00301423037577005,0.112479451631466,0.454,0.4815,0.407196988638206,0.410211219013976,0.458814008926641,0.0486027899126649,0.5185
"Strong qualitative HTE",2000,79,6.20050285543152e-06,3.66685919700517e-06,1,0.0542398667170009,0.0545449993773441,0.0797761469205173,0,0.452861458911334,0.19,0.968193013157044,0.963971121033652,0.0455289927450822,0.0486796703509323,0,0.562,0.000882994258074708,0.112849083176702,0.432,0.4915,0.406672806661857,0.407555800919932,0.456840315065747,0.0492845141458155,0.5085
"Strong qualitative HTE",2000,80,2.53453861377685e-06,3.32333515569568e-07,1,0.0304575117426341,0.0545041663760357,0.0171500985745237,0,0.477438273107817,0.262,0.943499254650335,0.940547308206678,0.0370978348766234,0.0370978348766234,1,0.454,0.00187940024717241,0.114068211878752,0.44,0.4885,0.407016658954288,0.408896059201461,0.458346005558499,0.0494499463570381,0.5115
"Strong qualitative HTE",2000,81,3.25597754547886e-08,3.75911574532559e-09,1,0.0414482805847191,0.0375613334549636,0.0917938242987875,0,0.446464280149421,0.262,0.953664646464645,0.95108572061541,0.045275272103115,0.0480166914563503,0,0.446,0.00172491141422001,0.112790437414995,0.441,0.483,0.406886880310032,0.408611791724252,0.457616219031362,0.0490044273071093,0.517
"Strong qualitative HTE",2000,82,9.56329288267603e-07,2.45702303790564e-07,1,0.0126840621783834,0.0129054711933141,0.00882616785816176,0,0.709339182009851,0.032,0.903136411058945,0.876259090386728,0.0399706744257942,0.0399706744257942,0,0.386,0.00191562341399099,0.115592760840579,0.442,0.489,0.408464379705428,0.410380003119419,0.460891587783138,0.0505115846637194,0.511
"Strong qualitative HTE",2000,83,2.99340984479858e-09,2.34650604249889e-10,1,0.0481764155720338,0.00140298047841701,0.0298352160722581,0,0.509480859848649,0.234,0.981688311688312,0.977133285884342,0.04728359700621,0.04728359700621,0,0.474,-0.00070369682067493,0.113280889147869,0.432,0.501,0.405926277787839,0.405222580967164,0.455747655222034,0.0498213774341953,0.499
"Strong qualitative HTE",2000,84,4.27071095240187e-07,5.34099770021877e-08,1,0.0141448951317082,0.022344807641837,0.0410867488796017,0,0.499598900847312,0.182,0.99006889294464,0.989241162949943,0.0415889569700046,0.0415889569700046,0,0.322,-0.000180207084259691,0.111712977361905,0.4235,0.506,0.406085719181444,0.405905512097185,0.455359669442194,0.0492739502607501,0.494
"Strong qualitative HTE",2000,85,5.0158380417417e-05,1.34407509249879e-05,1,0.0214715943243324,0.0413021201171849,0.0252150784453475,0,0.566330640751766,0.046,0.94955617382088,0.940904781218483,0.0231255654060327,0.0231255654060327,0,0.172,-0.0057080279140992,0.111056926884913,0.405,0.526,0.405245308722717,0.399537280808618,0.451254592737231,0.0460092840145142,0.474
"Strong qualitative HTE",2000,86,0.000270666659546303,3.98459281187476e-05,1,0.0256648371520959,0.0126933997451144,0.00650136584933286,0,0.546803784126286,0.436,0.950421683810267,0.942308048123844,0.0183117052823159,0.0192298748104295,0,0.126,0.00136874392093662,0.114406143358836,0.439,0.5005,0.407633214262758,0.409001958183694,0.458808038455673,0.0498060802719792,0.4995
"Strong qualitative HTE",2000,87,0.000809661167355462,0.000193220341220554,1,0.00247813019064606,-0.0254818094099249,0.0365108580350739,0,0.585908356875699,0.208,0.893669609079444,0.863446669999868,0.0327272754961649,0.0412517012636925,1,0.55,-0.00216660584531679,0.112907376081718,0.418,0.516,0.405118988820985,0.402952382975669,0.453957812438681,0.048838823617696,0.484
"Strong qualitative HTE",2000,88,1.75541652551353e-05,3.28438042814502e-06,1,0.0137721632671848,0.027547136491985,0.00955017701716931,0,0.514536956556166,0.172,0.966798890608874,0.960421785968027,0.0314976981768372,0.0314976981768372,1,0.332,0.00276656862501752,0.112469873516461,0.4405,0.479,0.406921752877298,0.409688321502316,0.45790929003724,0.0482209685349247,0.521
"Strong qualitative HTE",2000,89,8.48376337582627e-05,4.21925305439726e-05,1,-0.00284413323929425,-0.0122384607237278,0.00596515647099555,0,0.545468937996874,0.232,0.91968801313629,0.905432692082138,0.0388883291431375,0.0388883291431375,0,0.46,-0.000539723063306615,0.11240291187849,0.424,0.5045,0.405960978844078,0.405421255780772,0.455282974366612,0.0493219955225339,0.4955
"Strong qualitative HTE",2000,90,0.000210281628901588,0.000204124368130681,1,0.00774908434049958,0.0126457292210407,0.0204428834084968,0,0.527807390728152,0.382,0.679032808462926,0.529864406709581,0.0285752978262509,0.0285752978262509,0,0.742,-0.000332262088636807,0.113254827980179,0.431,0.502,0.406158741386896,0.40582647929826,0.456220472024541,0.0500617306376443,0.498
"Strong qualitative HTE",2000,91,8.92743102393517e-05,1.16477159867211e-05,1,0.0238747653631099,0.0782026121598742,-0.0221678102421226,0,0.47094263885637,0.246,0.899682258909852,0.881815605178994,0.0381418493461735,0.0381418493461735,1,0.432,-0.00171106539505476,0.112179364888821,0.4185,0.511,0.407082562339684,0.405371496944629,0.455843162511683,0.0487606001719985,0.489
"Strong qualitative HTE",2000,92,8.27863162403849e-07,3.14651491200712e-06,1,0.0248151196639239,0.0203097302182261,0.001251110858703,0,0.518694366489763,0.294,0.968162362333478,0.934612470713136,0.000713953232006403,0.000713953232006403,1,0.992,0.000424202932469457,0.111194021908704,0.4265,0.5105,0.407412469600817,0.407836672533286,0.456681087681999,0.0488444151487133,0.4895
"Strong qualitative HTE",2000,93,5.56800899536551e-08,1.15670983680535e-07,1,0.041538249827618,0.0660065766456988,0.0628760853801609,0,0.432416325023273,0.306,0.990936358894105,0.988129197983339,0.0444684090188538,0.0492451481529135,1,0.51,0.000268515025334957,0.113311387093858,0.4365,0.5025,0.406855841701084,0.407124356726419,0.457249677099549,0.0501253203731298,0.4975
"Strong qualitative HTE",2000,94,1.46811334066892e-07,1.10306725470783e-07,1,0.00100304226612863,-0.0116566513562066,0.0234894135121344,0,0.5998320343627,0.082,0.821610718444055,0.830565397176224,0.0346520239074407,0.0390803334943582,1,0.27,0.00117083958220139,0.113864092986926,0.4315,0.5,0.40634376944201,0.407514609024211,0.457229765290736,0.0497151562665247,0.5
"Strong qualitative HTE",2000,95,6.51815478175814e-08,5.55671473472864e-08,1,0.0242386969154614,0.00397617667284538,0.0170742252664287,0,0.656426340912051,0.03,0.896319869441045,0.86302247018909,0.0322114621518521,0.0322451303152362,0,0.348,-0.00145210563799818,0.112768132460379,0.433,0.506,0.405684228870098,0.404232123232099,0.45490436621189,0.0492201373417928,0.494
"Strong qualitative HTE",2000,96,0.000186926749773985,7.29390811650687e-05,1,0.0197551345247496,0.0274997239436422,0.00809609332086042,0,0.577049987142193,0.048,0.843131167897524,0.815115007577663,0.00958884718182296,0.0116475893095334,0,0.088,0.000783644521624657,0.110452737741771,0.4245,0.4945,0.407057239693001,0.407840884214625,0.455757132134076,0.04791624791945,0.5055
"Strong qualitative HTE",2000,97,3.56608697338837e-06,2.77947473462289e-06,1,0.0338464802670265,0.0457321542222765,0.0336295096103522,0,0.490540730651421,0.094,0.957370882962821,0.928422259892349,0.00845977022532018,0.0179881007383375,0,0.156,0.00120738022429615,0.113237992642032,0.4365,0.502,0.407918089222372,0.409125469446668,0.458838161689273,0.0497126922426044,0.498
"Strong qualitative HTE",2000,98,5.38336589756688e-09,5.72183155174738e-10,1,0.0339035041858637,0.0556267954596554,0.0874114708065226,0,0.468977539631458,0.258,0.990052322201409,0.98954509776136,0.0496696273475109,0.052159357100435,0,0.49,0.00121626934292638,0.114169540147769,0.4475,0.4945,0.407745039894872,0.408961309237798,0.459210998473497,0.0502496892356986,0.5055
"Strong qualitative HTE",2000,99,0.000803501794237585,0.000609583963774551,1,0.0184319511045483,0.0190769601474351,0.0113900950883683,0,0.525386235260576,0.462,0.659067593753563,0.589531240079555,0.00935395167440811,0.0124978634200977,1,0.9,-0.00104725436766336,0.113393678140804,0.436,0.4995,0.405981104785139,0.404933850417475,0.455721584187903,0.0497404794027648,0.5005
"Strong qualitative HTE",2000,100,1.96402917204567e-05,3.91381390797428e-06,1,0.0237599717691394,0.0258726031413158,0.0333477699422184,0,0.509652332371133,0.236,0.949512642112262,0.881967784268512,0.0419189608548244,0.0419189608548244,0,0.432,-0.00165657376257121,0.113501343771521,0.423,0.5055,0.406718812650012,0.405062238887441,0.456050023478025,0.049331210828013,0.4945
"Strong qualitative HTE",2000,101,1.09701314678437e-08,3.95293897229053e-09,1,0.0231774945950596,-0.00098991350812821,0.0607165530374501,0,0.568060139038601,0.114,0.982645546979487,0.97727152179996,0.043517325956866,0.043517325956866,1,0.586,9.69061500572654e-05,0.11376182293548,0.448,0.4855,0.406747683474534,0.406844589624591,0.457226142189948,0.0503815525653563,0.5145
"Strong qualitative HTE",2000,102,0.00827531990816356,0.0231720615979623,1,0.00932284133751175,0.0325810734080538,0.0259330797392335,0,0.523514281052162,0.422,0.806790243271221,0.818690373863916,0.0277678883018165,0.0324675626659834,0,0.32,0.000151732873299569,0.112637636958478,0.4365,0.504,0.40700206658382,0.40715379945712,0.457059719821668,0.0499059203645483,0.496
"Strong qualitative HTE",2000,103,4.6468946128387e-10,1.65728734733589e-10,1,0.0187397065066705,0.0274304529807206,0.00204362657329932,0,0.60690773005126,0.072,0.930028112254018,0.904911772741126,0.0341519536250658,0.0341519536250658,1,0.3,-0.00281043158426721,0.111728789130449,0.412,0.517,0.405474899817872,0.402664468233605,0.453238523166872,0.0477636233490004,0.483
"Strong qualitative HTE",2000,104,3.59604966603423e-06,5.79204920199343e-07,1,0.0362954166777923,0.0362584213398576,0.0574730005297409,0,0.494429063368074,0.218,0.956783061280394,0.952271462865547,0.0422885591615944,0.0430745504489687,1,0.386,-0.00130398239412256,0.114930309201363,0.4375,0.509,0.406269908848196,0.404965926454073,0.456975797871245,0.0507058890230492,0.491
"Strong qualitative HTE",2000,105,2.47685038251543e-05,8.41157562485621e-06,1,0.00504937886563805,0.0127744934526766,-0.0335243888034017,0,0.65366562418721,0.088,0.96125662994696,0.959937240854818,0.0238129350226525,0.0238129350226525,0,0.208,-0.00540412071725657,0.113126966766315,0.421,0.51,0.404318902473741,0.398914781756485,0.451770343578643,0.0474514411049017,0.49
"Strong qualitative HTE",2000,106,0.000411571963654367,0.000135937596555267,1,0.0335417308888869,0.0662170468449228,0.0619262253403582,0,0.464245366461284,0.166,0.880197150107359,0.836574787818199,0.0145966922860181,0.015053613686898,0,0.274,0.00109805149148509,0.112858696344432,0.441,0.5005,0.406536603562849,0.407634655054334,0.457040294559473,0.049405639505139,0.4995
"Strong qualitative HTE",2000,107,4.44764066236702e-06,7.97019425240647e-07,1,0.0224999631993332,0.0419345534048615,0.0144376980763081,0,0.522921403673335,0.152,0.991347462570482,0.991574186233052,0.0354201738118143,0.0354201738118143,1,0.608,0.00140287856501546,0.11236524348837,0.448,0.492,0.406964843508888,0.408367722073903,0.457627792398378,0.0492600703244753,0.508
"Strong qualitative HTE",2000,108,0.000352214710097325,0.0001605823061683,1,0.0163404307250732,0.00645691084562068,0.0191556201856263,0,0.551640726020699,0.142,0.707536612659953,0.661091960953523,0.0220584139136215,0.0220584139136215,0,0.53,0.00233032402598005,0.113752478609221,0.445,0.4865,0.407634431016234,0.409964755042214,0.4592100718133,0.049245316771086,0.5135
"Strong qualitative HTE",2000,109,4.88310597801739e-08,5.29758519752761e-08,1,0.0260011642490214,-0.00356082129192063,0.0651427441244657,0,0.60113949516969,0.08,0.758182054785607,0.664873490580435,0.0326831949338146,0.0335832719811029,1,0.604,0.00551275833278277,0.114185857534566,0.4615,0.475,0.408349867098371,0.413862625431154,0.461918245255179,0.0480556198240251,0.525
"Strong qualitative HTE",2000,110,1.76268953317185e-06,4.22953778188727e-07,1,0.0359105450219331,0.00428595452592997,0.062971294381367,0,0.494788985371432,0.162,0.972447932780773,0.962873107286849,0.0338831990947374,0.0338831990947374,1,0.742,0.00200496225989812,0.112650568802472,0.4345,0.49,0.406504004580292,0.40850896684019,0.457205092623837,0.0486961257836462,0.51
"Strong qualitative HTE",2000,111,0.00694737181719407,0.003715949770075,1,0.0269385436546977,0.0381955741335716,0.0207729706875707,0,0.50392584079404,0.188,0.871111540256521,0.821354685364255,0.0259037543187489,0.0259037543187489,1,0.368,-0.00209347290233281,0.112139814183839,0.4325,0.501,0.406132941821394,0.404039468919061,0.454722734928952,0.0485897931075587,0.499
"Strong qualitative HTE",2000,112,1.31107309533244e-10,2.67051573109252e-10,1,0.0312694177328369,0.0104822709636804,0.0370224894904265,0,0.502780531896848,0.164,0.925029544608311,0.889916186281489,0.0292015353214082,0.0348481027365689,0,0.29,-0.0012709377993595,0.113642956392923,0.4185,0.5155,0.406707938779404,0.405437000980044,0.45634694192012,0.0496390031407162,0.4845
"Strong qualitative HTE",2000,113,1.68817080661507e-08,3.80303821681071e-08,1,0.0399653701426771,0.0475406568557407,0.0567525058083045,0,0.443898120730295,0.118,0.899881861595033,0.848292987244797,0.0314422356676314,0.0314422356676314,0,0.7,-0.00275673061046198,0.112347991492763,0.41,0.512,0.405837782941895,0.403081052331433,0.453926937544019,0.048089154602124,0.488
"Strong qualitative HTE",2000,114,0.00189876826751153,0.000739005043739183,1,0.0156660058659668,0.0170714496465917,0.015382281970042,0,0.63219367503485,0.036,0.930856855002518,0.899203615099097,0.0298673446605169,0.0299578601430479,1,0.756,0.00184050098179323,0.113595654371867,0.4365,0.492,0.407195514673443,0.409036015655236,0.458334023580385,0.0492980079251496,0.508
"Strong qualitative HTE",2000,115,4.33689792615774e-07,1.05041187638595e-07,1,0.0303547342579031,-0.00958445699693773,0.0890615266833236,0,0.576646611864292,0.146,0.964772430881586,0.930830001782904,0.0483515601815152,0.0483515601815152,1,0.538,0.000247166278266813,0.112682027754579,0.427,0.506,0.407380183073415,0.407627349351682,0.45738957436556,0.0497622250138783,0.494
"Strong qualitative HTE",2000,116,2.48551871626286e-06,6.23974830187118e-07,1,0.0386039997031189,0.0518861916618556,0.0445252220484957,0,0.50684467213263,0.13,0.853628899835796,0.820750673561186,0.0288035377627098,0.0333021616126785,1,0.476,-0.00176853035035148,0.112332681866701,0.422,0.5075,0.405730446556917,0.403961916206566,0.45461097972099,0.0488805331640731,0.4925
"Strong qualitative HTE",2000,117,1.35490177531904e-09,1.93518995818712e-10,1,0.0160226192828368,0.0114835965852038,0.0268307336138311,0,0.535539763979379,0.208,0.998911259526479,0.998647129591262,0.0475193701450101,0.0475193701450101,1,0.398,0.00146750121576867,0.113763684765339,0.4355,0.489,0.407752193735865,0.409219694951634,0.458722351028724,0.0495026560770901,0.511
"Strong qualitative HTE",2000,118,5.0205160629062e-07,5.57848004103611e-08,1,0.0281401889957935,0.0424548065770355,0.029889853721945,0,0.526729669599702,0.08,0.873292595255213,0.8431695814089,0.0310551997072415,0.0350277439863993,1,0.758,-0.000452253921617056,0.114150230341859,0.4385,0.4965,0.406832514321799,0.406380260400182,0.457452779085793,0.050620264763994,0.5035
"Strong qualitative HTE",2000,119,7.66422689485879e-06,2.26294654083423e-06,1,0.0450261426520446,0.0694469775172063,0.0396991825085634,0,0.465201663780503,0.356,0.871185064935064,0.857970131605421,0.0107131516173387,0.017221628354424,0,0.12,0.00168490494691766,0.112968949436207,0.43,0.491,0.406725575308949,0.408410480255867,0.457447171762086,0.0490366915062187,0.509
"Strong qualitative HTE",2000,120,1.78084330220109e-06,2.44386770533147e-07,1,0.0169005369401874,-0.0185906818387303,0.069319760469591,0,0.636950710970589,0.05,0.966211358734723,0.94758722084445,0.0482114250261141,0.0482114250261141,1,0.526,-9.37440497304022e-05,0.112889403629711,0.428,0.497,0.407123954674152,0.407030210624422,0.456980367992997,0.0498564133188448,0.503
"Strong qualitative HTE",2000,121,0.00129294265434272,0.000791713713856905,1,0.0057451800106032,0.00860516486097145,0.0487988370399685,0,0.501268763656717,0.358,0.785754061844864,0.588034026475886,0.0361056402913376,0.0361056402913376,0,0.668,0.00206274061675418,0.114465075818794,0.437,0.4945,0.40697831330591,0.409041053922665,0.458661192832798,0.0496201389101332,0.5055
"Strong qualitative HTE",2000,122,0.000240813140740164,0.00268957734433964,1,0.0161864723561862,0.0155366016740174,0.0327511139126298,0,0.551213126965346,0.172,0.770917465414619,0.766869803435238,0.0217978474944059,0.0217978474944059,1,0.736,0.00377580694567439,0.1123584158141,0.4465,0.481,0.408328388675883,0.412104195621557,0.460008427698261,0.0479042320767032,0.519
"Strong qualitative HTE",2000,123,1.78025059759753e-07,2.97456613386429e-08,1,0.0321620461925399,0.0500857033063392,0.0455413037461763,0,0.466134542239206,0.294,0.944679487179487,0.930787068613759,0.0442163682925086,0.0442163682925086,1,0.558,5.05778774304694e-05,0.112691024389049,0.432,0.496,0.405486361036088,0.405536938913519,0.455389876392395,0.0498529374788763,0.504
"Strong qualitative HTE",2000,124,0.00138816853002948,0.000301127829493893,1,0.00779397926477794,0.0129776896598148,0.0118882213596309,0,0.540957345391731,0.142,0.801062660916053,0.803127757427072,0.0298564157401298,0.0311255444462459,0,0.268,7.06975341136594e-05,0.111828511128744,0.4255,0.502,0.406292490910877,0.40636318844499,0.455684843239291,0.0493216547943003,0.498
"Strong qualitative HTE",2000,125,2.25087493301789e-06,1.01886090046419e-06,1,0.0298256622011344,0.00520835772253618,0.0135211274703522,0,0.55070534548758,0.15,0.977222321153939,0.97159120960861,0.0427984791920725,0.0473676468421431,0,0.524,-0.000189994527002064,0.113696838089046,0.425,0.511,0.407421910754443,0.40723191622744,0.457776695981893,0.0503547852274506,0.489
"Strong qualitative HTE",2000,126,0.00353867319007526,0.00244954715054924,1,0.00955691867660223,-0.00207055183685834,0.0197815103179772,0,0.705145728156886,0.038,0.719283262701623,0.585142329569806,0.0286133397042359,0.0286133397042359,1,0.584,0.000722826827974098,0.112922373964257,0.436,0.504,0.405827344355133,0.406550171183107,0.456078258385339,0.0495280872022325,0.496
"Strong qualitative HTE",2000,127,9.9343629040942e-05,2.28955675882433e-05,1,0.0339052008836479,0.0235633094542123,0.0797397665413636,0,0.479055151356478,0.214,0.897837175410705,0.86748820341865,0.035918928726024,0.0395885412598754,1,0.368,-0.00174616331721177,0.111597110555783,0.415,0.519,0.406274366780622,0.40452820346341,0.454460594037397,0.0481862272567758,0.481
"Strong qualitative HTE",2000,128,6.7247070757351e-06,3.41428452549565e-06,1,0.0228729696480064,0.00913203559672252,0.0282928127065799,0,0.658410257296453,0.038,0.95395329387545,0.954261823233151,0.0349783200720011,0.0421966217202382,0,0.422,0.00223815258630033,0.110437670963279,0.429,0.488,0.407522290515599,0.409760443101899,0.457021729262746,0.0472612861608468,0.512
"Strong qualitative HTE",2000,129,3.29150284635776e-10,4.83802763846193e-11,1,0.0511016200263561,0.0222967101692449,0.0376357413802212,0,0.513946292945024,0.268,0.974559364231421,0.967375297944122,0.0417931526399371,0.0417931526399371,0,0.498,-0.00384191677790478,0.11290083088963,0.4205,0.5095,0.405275549297431,0.401433632519526,0.453243979447337,0.0479684301499059,0.4905
"Strong qualitative HTE",2000,130,1.12638407791379e-09,8.6880768820572e-10,1,0.0157234244123467,0.0306786936385265,-0.000242602711214512,0,0.553710944101889,0.088,0.938885406117892,0.939797551590673,0.0331458055920784,0.0331458055920784,1,0.62,0.000866377778298528,0.113184689022789,0.436,0.499,0.406920740224609,0.407787118002908,0.457418691839817,0.0496315738369091,0.501
"Strong qualitative HTE",2000,131,4.41262644516644e-05,1.55453013151802e-05,1,0.019552525223212,0.00872975379094511,0.0441659853591626,0,0.63960399175416,0.032,0.897977941176471,0.855546299315181,0.0415281339925377,0.0415650618573337,1,0.668,0.00359195131597563,0.114069246359011,0.451,0.486,0.407452602388901,0.411044553704876,0.459810530047163,0.0487659763422867,0.514
"Strong qualitative HTE",2000,132,9.39570619287543e-06,1.29236859711601e-06,1,0.0127694859490356,0.0231622204290513,0.0337149200417572,0,0.646833204347008,0.084,0.891641366836768,0.7902870875223,0.0477796569342216,0.0479785573340958,1,0.59,0.0018432541113691,0.113027607760097,0.443,0.487,0.407113168952737,0.408956423064106,0.457807602950668,0.0488511798865621,0.513
"Strong qualitative HTE",2000,133,2.4556113957029e-05,1.1617570691637e-05,1,0.0235189915655448,0.0185081308543928,0.0528799234010073,0,0.462423054714373,0.11,0.984052066772656,0.978762605064815,0.0447792292909651,0.0494239194471493,1,0.354,0.000260390174470673,0.11407628394367,0.434,0.5025,0.406895397371189,0.407155787545659,0.457520850319946,0.0503650627742871,0.4975
"Strong qualitative HTE",2000,134,3.66916464609341e-09,7.10534858916596e-09,1,0.0307639087210636,0.0401613266511837,0.0432617825713841,0,0.710365964205306,0.016,0.816077212713133,0.798654177377305,0.0311843215738579,0.0311843215738579,0,0.43,-0.00376633656624877,0.114106061182522,0.4155,0.5165,0.405884022107428,0.402117685541179,0.454508079480588,0.0486240573731599,0.4835
"Strong qualitative HTE",2000,135,2.28568727302193e-08,5.38695075986623e-09,1,0.0359712869733317,0.0753982941351474,0.0172405134167597,0,0.422043650457482,0.092,0.872330319706499,0.866644382785872,0.0158712708738826,0.0158712708738826,1,0.868,-0.0010995350040035,0.111249134840245,0.428,0.5055,0.405542019179169,0.404442484175166,0.454317641800164,0.0487756226209947,0.4945
"Strong qualitative HTE",2000,136,2.52543068045395e-07,2.58284468615799e-06,1,0.0256858255398133,-0.0116118824580163,-0.0042043476928445,0,0.511934100024777,0.096,0.903011272141707,0.888972867582695,0.0375652935140072,0.0425444947250542,0,0.66,0.00110368724213363,0.113105502233033,0.436,0.491,0.407201638031706,0.40830532527384,0.457684155546297,0.0493788302724572,0.509
"Strong qualitative HTE",2000,137,2.58200238452418e-12,1.06383561788238e-11,1,0.0428111994081749,0.0331926267627228,0.042434428100709,0,0.490700290256329,0.256,0.975994343872803,0.956256366242119,0.0411026683405021,0.0411026683405021,0,0.668,0.000767416136368093,0.112412802410762,0.4315,0.499,0.407484617007084,0.408252033143452,0.457592635776125,0.049340602632673,0.501
"Strong qualitative HTE",2000,138,3.8238997646046e-08,2.34299576651774e-08,1,0.032978723110609,0.073538836915332,0.0972458227986213,0,0.449211951132598,0.092,0.929433102048286,0.90044747782238,0.0411598645636945,0.0411598645636945,0,0.504,-0.00343917077939741,0.113413949091385,0.4195,0.512,0.405020463376285,0.401581292596888,0.453469333417467,0.0484488700411816,0.488
"Strong qualitative HTE",2000,139,1.20394321915741e-06,2.42580233514971e-07,1,0.029778743601816,0.035168035265668,0.0158259660210971,0,0.587321639396768,0.086,0.955640154238285,0.945426624072926,0.0306210745089507,0.0306210745089507,0,0.218,0.000616631044129234,0.113810702882335,0.431,0.5,0.40721417667293,0.407830807717059,0.457750797299921,0.0499199895828622,0.5
"Strong qualitative HTE",2000,140,3.26458235996819e-07,1.89014720409957e-07,1,0.03792150179324,0.0244354180440125,0.0346841247293848,0,0.540827691785545,0.078,0.932741838508913,0.935769187431824,0.0218486465646304,0.0229345720959774,0,0.156,0.00305991150337912,0.114720757029669,0.4545,0.486,0.408079956636455,0.411139868139834,0.460583747866778,0.0494438797269443,0.514
"Strong qualitative HTE",2000,141,1.16936732490045e-06,6.71783278001987e-07,1,0.0286261894326892,0.0313095562643647,0.0118229568206334,0,0.529432533471311,0.136,0.977854130367525,0.970767152057001,0.0379252519696128,0.0406069098989798,1,0.284,-0.00112317834731388,0.116098471892051,0.4365,0.503,0.404832609272258,0.403709430924944,0.455987020399774,0.0511544111275162,0.497
"Strong qualitative HTE",2000,142,4.62668525444805e-08,4.44788650384547e-08,1,0.0345680464619893,0.045567677189759,0.0601357038530772,0,0.538600616695195,0.042,0.986089544513457,0.986024129999645,0.0439181729176202,0.0487990007599591,0,0.418,0.00337591879395582,0.113208196781901,0.4455,0.481,0.407301880896547,0.410677799690503,0.459121244247354,0.0484434445568502,0.519
"Strong qualitative HTE",2000,143,0.000567557766392312,0.000139418742397997,1,0.0184057981411257,0.0210781098818032,0.00798769960728335,0,0.541395100632446,0.344,0.967564935064937,0.962006598934319,0.0406285302405834,0.0414346445320077,1,0.684,-0.00115761412357109,0.113578541232785,0.438,0.5055,0.406114344094208,0.404956729970637,0.456134200429539,0.0500198563353314,0.4945
"Strong qualitative HTE",2000,144,4.09020740173629e-06,5.75209447762415e-07,1,0.0255314975070814,0.00242028695512921,0.093221141472403,0,0.498761158464954,0.246,0.992478649068324,0.992211711766669,0.0438696725946551,0.0438696725946551,1,0.442,0.00476100928550439,0.111785007713634,0.452,0.477,0.409006604375217,0.413767613660721,0.460845995482203,0.0470783818214818,0.523
"Strong qualitative HTE",2000,145,3.08785220553811e-07,1.22785888868611e-07,1,0.0174326395957278,0.0554815744219974,0.0646126666285182,0,0.504595327379154,0.234,0.962526205450731,0.958640893520249,0.0390684027830716,0.0459395511750288,0,0.528,-0.00126950485467607,0.112105284058969,0.4215,0.5015,0.406515282927936,0.40524577807326,0.455251846212891,0.0487365632849556,0.4985
"Strong qualitative HTE",2000,146,5.27786017083264e-10,3.43296527129621e-10,1,0.0459901426228174,0.0473079660726131,0.0685103296665967,0,0.460724676107015,0.152,0.929370189282083,0.936187199841534,0.0355322413060083,0.0410797176722753,0,0.612,-0.000527730735999644,0.115009464386829,0.438,0.492,0.40627214225013,0.40574441151413,0.457092145753581,0.0508200035034511,0.508
"Strong qualitative HTE",2000,147,3.69069272642343e-06,7.19436928289233e-07,1,0.0344460853225775,0.00292416923458692,0.0941462044803698,0,0.553295600913646,0.092,0.936353619806857,0.9089561589175,0.0448973683737774,0.0448973683737774,1,0.564,0.00243536120680578,0.111562881406734,0.4385,0.4895,0.408411623227961,0.410846984434767,0.458960010760183,0.0481130263254164,0.5105
"Strong qualitative HTE",2000,148,3.63514110754003e-12,2.04784773544105e-13,1,0.0418212011544638,0.036422207108714,0.0495515462261795,0,0.438382150554131,0.054,0.949547410595043,0.943140253752057,0.0320400135740899,0.0320400135740899,0,0.234,-0.00262641056876388,0.113388978408233,0.421,0.5085,0.405170836942823,0.402544426374059,0.454115360369092,0.0489445234262692,0.4915
"Strong qualitative HTE",2000,149,6.04242546313898e-07,1.17727064442812e-07,1,0.0416390502832818,0.0338660699685214,0.0764242263714962,0,0.77008108483183,0.016,0.983100601696427,0.981585068724734,0.0407415008740201,0.0407415008740201,1,0.362,0.000463451271305764,0.112341300586244,0.437,0.497,0.406727824174248,0.407191275445554,0.456672436488535,0.049481161042981,0.503
"Strong qualitative HTE",2000,150,0.0141519242450263,0.00766446862039696,1,0.0291090724524371,0.0512196141288372,0.0730551051459047,0,0.46923701129439,0.24,0.831117365424432,0.754374700752197,0.0273186413740368,0.0273186413740368,0,0.408,0.000186403843263779,0.114436705107854,0.4425,0.508,0.407186918963309,0.407373322806573,0.45809916108452,0.0507258382779471,0.492
"Strong qualitative HTE",2000,151,1.32797545049594e-07,2.8857449376549e-08,1,0.0192014931094358,0.041674534210623,0.0189929127506878,0,0.480322016419929,0.276,0.884469321709266,0.811717110725088,0.0430581817789172,0.0454782764607925,1,0.578,-0.000835840030632746,0.111745407975358,0.4315,0.4995,0.406088129521633,0.405252289491,0.455225602036007,0.0491374725143737,0.5005
"Strong qualitative HTE",2000,152,8.67377755619356e-08,3.53095557236607e-08,1,0.0274931587733862,0.0237157912284486,0.0315818727358091,0,0.5763595316797,0.05,0.837702831176785,0.817824461913898,0.0371786992067245,0.0452333487021548,0,0.666,0.00356990979277917,0.11277997801986,0.4475,0.4835,0.407305215439656,0.410875125232436,0.458950882025616,0.0480757567931802,0.5165
"Strong qualitative HTE",2000,153,0.0155803441452203,0.0176027583890958,1,0.00846147174248269,0.013552815212258,0.0227302114799177,0,0.699348758988233,0.018,0.829071243672817,0.803923825650839,0.0174042288899726,0.0174042288899726,0,0.148,0.00198895871843828,0.112162902908118,0.4385,0.5025,0.407073903650663,0.409062862369102,0.457661128604329,0.0485982662352278,0.4975
"Strong qualitative HTE",2000,154,4.50719032510808e-08,4.67120154634976e-09,1,0.0448595627465214,0.0496909840096346,0.0887341196127459,0,0.474386773104292,0.07,0.964460784313724,0.957870121231909,0.034107331365713,0.0416988160481694,1,0.592,0.00088566250035392,0.112010918324132,0.436,0.491,0.407495017410916,0.40838067991127,0.457109391175707,0.0487287112644371,0.509
"Strong qualitative HTE",2000,155,4.2882594227535e-10,5.42209894646429e-10,1,0.0262298062284001,0.0405597690064344,0.0653840649826095,0,0.497566884332187,0.188,0.914642325497703,0.885130642728993,0.03856975539645,0.03856975539645,0,0.446,-0.000489046360018496,0.111985212293198,0.4275,0.496,0.407240068742428,0.406751022382409,0.456317474292184,0.0490774055497563,0.504
"Strong qualitative HTE",2000,156,7.12805772080715e-07,2.49428515100363e-07,1,0.0413927518017212,0.0351989060257983,0.0611186728827545,0,0.478684547513421,0.142,0.924584920281612,0.922784958585494,0.0374452477730399,0.0374452477730399,0,0.384,-3.05597147546234e-05,0.114639983298791,0.43,0.497,0.406927918367976,0.406897358653221,0.457639323498662,0.0507114051306858,0.503
"Strong qualitative HTE",2000,157,4.6808922825572e-06,5.31142212680443e-07,1,0.023546526121787,-0.00150443860271438,0.0800569953522444,0,0.535475261534253,0.21,0.992573814979117,0.989909690702572,0.0484270618368975,0.0484270618368975,1,0.444,0.000177894005544727,0.11475825679018,0.4315,0.509,0.406485364443641,0.406663258449185,0.457552276799484,0.0508890183502985,0.491
"Strong qualitative HTE",2000,158,9.46150624267506e-06,4.17274656485006e-06,1,0.0149290061053981,0.0195208104681904,0.0256038465144586,0,0.517428361696715,0.114,0.960446825487292,0.950148410272997,0.042017440396952,0.0438827542106986,0,0.568,0.00197632450586114,0.112620900724462,0.429,0.4965,0.407567533446868,0.409543857952729,0.458054451177664,0.0485105932249349,0.5035
"Strong qualitative HTE",2000,159,0.0349845792084312,0.0106219805334569,1,0.00654375427670281,0.0324524091217356,-0.0217333281152788,0,0.520060727189406,0.082,0.803784909559029,0.712702568528665,0.0262615646093577,0.0298990850795477,1,0.654,0.0033774366218977,0.113458960014316,0.4545,0.4825,0.40846971739897,0.411847154020867,0.460573719989578,0.0487265659687107,0.5175
"Strong qualitative HTE",2000,160,0.00070166610327326,0.000348940201452886,1,0.0104596081924071,0.0103283069475122,-0.0121521973700954,0,0.531228692748846,0.102,0.877792616774664,0.818933432379162,0.00278578222980064,0.00864205804160928,1,0.93,0.000159340706724729,0.112909756599405,0.4365,0.498,0.40642782165098,0.406587162357705,0.456559798085669,0.0499726357279642,0.502
"Strong qualitative HTE",2000,161,3.38165306374161e-06,2.72949657525705e-06,1,0.0356087307195959,0.0250533920209227,0.0612894687797252,0,0.521492102686156,0.138,0.993540468961953,0.989653527670358,0.0484254541379746,0.0484254541379746,1,0.514,-0.000112716396896645,0.111814043399384,0.427,0.513,0.406937399020934,0.406824682624038,0.456402537727337,0.0494651387064025,0.487
"Strong qualitative HTE",2000,162,7.4123556178247e-06,2.58987389203039e-06,1,0.0205528893451742,0.0261470897933954,0.0261260813102864,0,0.519524739499574,0.194,0.955670387884105,0.937744851329092,0.0470626806058888,0.0501770924817425,1,0.518,0.000228321554456723,0.112716022979226,0.4415,0.5,0.407250724192816,0.407479045747273,0.457242412067643,0.0497633663203701,0.5
"Strong qualitative HTE",2000,163,5.90079464656331e-08,9.92536634007556e-09,1,0.0202964777057765,0.045161873377565,0.0581414603664911,0,0.503607088487173,0.318,0.899478379564179,0.891097788667241,0.0353938955320563,0.0353938955320563,0,0.604,-0.0012299928699518,0.110705317267058,0.4285,0.5015,0.406184996655765,0.404955003785813,0.454259908097878,0.0480749114421135,0.4985
"Strong qualitative HTE",2000,164,1.04203414172436e-09,1.33857263995502e-10,1,0.0533952881464576,0.052163126470535,0.0746862885159846,0,0.589769079017754,0.044,0.908258789265655,0.915202436607086,0.0322161258953162,0.0322161258953162,1,0.392,0.000439788639081715,0.112147225758685,0.441,0.487,0.406796788020885,0.407236576659966,0.456606473888656,0.0493698972286896,0.513
"Strong qualitative HTE",2000,165,3.71181695485718e-09,3.38725918766297e-10,1,0.0329495701487928,0.0627341198796692,0.0307827684174048,0,0.46419292996777,0.174,0.996844296961416,0.995840399520901,0.046617648401085,0.046617648401085,1,0.604,0.00107094041967139,0.114086790881365,0.4405,0.49,0.40746695657653,0.408537896996201,0.458454540101813,0.0499166431056117,0.51
"Strong qualitative HTE",2000,166,7.72816078482548e-06,9.45465951874134e-07,1,0.02443278836204,0.0392734699102973,0.0447861197199584,0,0.509819469969226,0.238,0.937284094779351,0.943240780041359,0.0420038005125564,0.0445223845748133,0,0.436,0.00416041533767555,0.112133556752053,0.4465,0.4725,0.40722895894944,0.411389374287116,0.458589473843518,0.0472000995564021,0.5275
"Strong qualitative HTE",2000,167,0.00158305850334371,0.000616541463289248,1,0.0284347536248566,0.00819516697239326,0.0616797950436397,0,0.546821467707024,0.108,0.819815698320372,0.84145676418655,0.0288377570308879,0.0296780512029309,1,0.224,-0.000357248655402042,0.113354138102623,0.4325,0.502,0.406151834413419,0.405794585758017,0.456020501004392,0.0498686665909734,0.498
"Strong qualitative HTE",2000,168,5.68639586761827e-08,1.2190207861601e-06,1,0.0297269901750649,0.0337045420906999,0.0513204326538226,0,0.500345846711521,0.322,0.949350459786893,0.94879238031077,0.0426292113197287,0.0476496939995317,0,0.588,0.00275182370292917,0.111907884506125,0.448,0.4875,0.40888936611978,0.411641189822709,0.459685436062737,0.0480442462400278,0.5125
"Strong qualitative HTE",2000,169,9.36000209693389e-05,5.68298713416024e-05,1,0.0314512229996975,0.0096964056139743,0.0804575739492146,0,0.547790807509147,0.178,0.718627532038032,0.682836960470216,0.0206324951604341,0.025966487197134,1,0.612,-0.000312110604231178,0.11304698057552,0.441,0.502,0.407035119739769,0.406723009135538,0.457212136820833,0.0501770170810638,0.498
"Strong qualitative HTE",2000,170,0.000225531440352001,0.000665678471716927,1,0.0388968206645113,0.0529168308268965,0.00791772896748028,0,0.475954656242351,0.288,0.848390429492121,0.836579249995331,0.000975207802412115,0.000975207802412115,1,0.992,-0.00371321712355906,0.112622132715557,0.419,0.5135,0.4050374148375,0.401324197713941,0.453229061643136,0.0481916468056363,0.4865
"Strong qualitative HTE",2000,171,6.84988316134779e-06,1.79991909506584e-05,1,0.0211006485908501,0.0458904516243006,0.0202844407307355,0,0.468692412937637,0.102,0.925791302110139,0.926245202422061,0.0305367202736577,0.0305367202736577,1,0.324,-0.000102107699605077,0.110908663540399,0.4375,0.493,0.407073779949948,0.406971672250343,0.455939151353211,0.0488653714032626,0.507
"Strong qualitative HTE",2000,172,2.77620383978859e-16,1.41139505765262e-17,1,0.0336175133848271,0.0623864226644498,-0.0176021458264626,0,0.523685887203298,0.072,0.992213443261193,0.989067481865558,0.0441795872988307,0.0456381315834257,1,0.376,0.00253601441918359,0.112060772217206,0.4405,0.4915,0.407610556388671,0.410146570807854,0.458467902345046,0.0483213315371918,0.5085
"Strong qualitative HTE",2000,173,1.50023853920147e-06,1.77487500227701e-07,1,0.0301881789233735,0.031670696284904,0.0627118234278312,0,0.492466852811753,0.13,0.956293706293708,0.947292180837152,0.0444279659311824,0.0444279659311824,1,0.58,0.000712940209492154,0.113395140318181,0.4445,0.492,0.407491006322824,0.408203946532316,0.458394714891509,0.0501907683591925,0.508
"Strong qualitative HTE",2000,174,0.00386792198958671,0.000769994906034573,1,0.0157700118314093,0.0353700609807837,0.0107370423597962,0,0.491969144870716,0.452,0.700318214044286,0.54013918740939,0.00673624155469649,0.00673624155469649,0,0.12,0.00236901724647105,0.111051943693007,0.4335,0.495,0.407113415381447,0.409482432627918,0.45710779067626,0.0476253580483413,0.505
"Strong qualitative HTE",2000,175,0.000278713767037491,4.23964906802871e-05,1,0.0342394420729381,0.0305949001870197,0.043103158094971,0,0.482395082118633,0.13,0.996804903495044,0.996097127739693,0.0454760335361271,0.0454760335361271,0,0.378,-0.00101815936839051,0.112270667090979,0.4305,0.5035,0.406206730403793,0.405188571035402,0.455184365443492,0.0489776350396994,0.4965
"Strong qualitative HTE",2000,176,1.45292281184315e-11,2.88231029261071e-10,1,0.0297421521851807,0.013369354360323,0.0636663745528712,0,0.540790747494118,0.146,0.940967294946493,0.898067108697516,0.0336678982598725,0.0409456594984292,1,0.684,-0.00137777055693564,0.112919408043487,0.4245,0.5065,0.405911727829065,0.40453395727213,0.455173382033227,0.0492616542041617,0.4935
"Strong qualitative HTE",2000,177,0.000430189815851874,8.68610831280608e-05,1,0.0187781737725926,0.0133440452024837,0.0234038798811753,0,0.519225192827511,0.08,0.977779946645845,0.975613653364428,0.0365173195282271,0.0387272756392341,0,0.288,-0.00326980211621962,0.114116226285496,0.412,0.523,0.406206473557766,0.402936671441546,0.454930933436189,0.048724459878423,0.477
"Strong qualitative HTE",2000,178,1.60870114423677e-05,4.77117958007399e-06,1,0.0250364574440104,0.0123301900644026,0.0429229183237858,0,0.523529966846196,0.232,0.931738905755441,0.90376505489931,0.0344526892710263,0.0344526892710263,1,0.726,-0.00164636311230083,0.114753197064787,0.433,0.5085,0.406726572163027,0.405080209050726,0.456904618017141,0.0501780458541142,0.4915
"Strong qualitative HTE",2000,179,6.61908703015265e-06,2.17568377419192e-06,1,0.0111585938846697,0.0210785299461176,0.00922533146036097,0,0.522833288122279,0.206,0.971690821256037,0.972360682408077,0.0413715464590577,0.0413715464590577,1,0.384,0.00267422939488032,0.114117339119455,0.449,0.494,0.407372493080414,0.410046722475294,0.459547631928812,0.049500909453518,0.506
"Strong qualitative HTE",2000,180,0.00347093912012813,0.00132027547995442,1,0.00252858057342466,0.0187246937580025,0.00399570244973663,0,0.513186748197948,0.472,0.774859407982727,0.724384061604143,0.0113463860183942,0.0129961605929891,0,0.166,-0.00805733284050482,0.112776474913243,0.4045,0.5315,0.402967709179385,0.39491037633888,0.448973401753374,0.0460056925739888,0.4685
"Strong qualitative HTE",2000,181,8.50911573720742e-08,1.1826197282632e-08,1,0.0418879168706701,0.0480257932349544,0.0429968634681186,0,0.509036560587567,0.076,0.855561438128699,0.741292994765935,0.0139232798150098,0.0213215919201529,0,0.182,0.00393395117604335,0.113775497111514,0.4475,0.4875,0.407907142757433,0.411841093933477,0.460394978961152,0.0485538850276752,0.5125
"Strong qualitative HTE",2000,182,1.7481149196579e-06,1.8620824538038e-06,1,0.0381751737590907,0.0625503330532282,0.0519182090635181,0,0.450761440492614,0.138,0.990157193505042,0.991375099740382,0.0288123956653384,0.0312510312434759,0,0.22,-0.00119033625023732,0.111965493910702,0.43,0.4975,0.406301766152834,0.405111429902597,0.45509162863488,0.0487898624820458,0.5025
"Strong qualitative HTE",2000,183,8.48796551970498e-08,1.07051681571302e-08,1,0.0299180995717528,0.0697346307784418,-0.005596825104139,0,0.485669722520722,0.336,0.981155555555555,0.977902191665023,0.0448448146086271,0.0448448146086271,1,0.598,-0.0033591199511042,0.113656672944877,0.4285,0.508,0.406290296275968,0.402931176324864,0.455239364876672,0.0489490686007042,0.492
"Strong qualitative HTE",2000,184,0.000172420492511095,0.000133280506122997,1,0.00257973724185414,0.0200321047556396,-0.0189497814773117,0,0.533990085637018,0.256,0.838005167454785,0.738311431902357,0.0363963102241019,0.0364395725036694,1,0.494,-0.00131655199982005,0.113669930753188,0.4285,0.5035,0.406958388835363,0.405641836835543,0.456581646344716,0.0496232575093526,0.4965
"Strong qualitative HTE",2000,185,4.22402148155383e-08,1.11032215547497e-08,1,0.0186611155523749,0.023168477647784,0.0150717957068646,0,0.547046296740776,0.064,0.951116306638568,0.937712663959758,0.036510642982994,0.0375297053235675,1,0.686,-0.000495219197283751,0.114628031723583,0.4235,0.514,0.405923957184591,0.405428737987307,0.456536509183346,0.050612551998755,0.486
"Strong qualitative HTE",2000,186,3.64018897693477e-09,7.73785606963348e-10,1,0.0462205221868456,0.0739651562073236,0.0592807628206583,0,0.474087583423709,0.056,0.992967787931818,0.99239354063206,0.0342956113219852,0.0386276440107062,0,0.288,0.000232360991980775,0.111377950459698,0.4375,0.4935,0.405832502143731,0.406064863135712,0.455136836889351,0.0490719737536391,0.5065
"Strong qualitative HTE",2000,187,6.5959844516353e-07,8.07003067022275e-08,1,0.0317677170017901,-0.0068187554654362,0.01826848056283,0,0.529809541680535,0.268,0.997600979192166,0.997186642999709,0.0250326256774675,0.0250326256774675,0,0.198,0.00253204705404099,0.114453904258022,0.442,0.4935,0.406311076690284,0.408843123744325,0.458276340830672,0.0494332170863472,0.5065
"Strong qualitative HTE",2000,188,2.34572249345574e-06,2.58740085855969e-06,1,0.0192834587778018,0.0175591865114683,0.0173171732711466,0,0.537284738209861,0.224,0.944940476190476,0.925405583959099,0.0314648963370109,0.0347263138900822,0,0.726,0.00391262659650433,0.112547639334504,0.4445,0.488,0.407318546660371,0.411231173256875,0.459016101674025,0.0477849284171503,0.512
"Strong qualitative HTE",2000,189,3.7150759506888e-08,4.76252311107884e-09,1,0.0295018376992664,0.036942004935193,0.0418541934160142,0,0.475154207459938,0.118,0.977135744234799,0.966826590556972,0.0459392624368044,0.0459392624368044,0,0.454,0.000753324298416009,0.114064742846614,0.4385,0.4955,0.407904595869393,0.408657920167809,0.458910012364738,0.0502520921969287,0.5045
"Strong qualitative HTE",2000,190,0.00480436921497149,0.00171175783867584,1,0.0101503826430574,-0.0180876960192302,0.00772291434151451,0,0.575673013503285,0.052,0.81065548558385,0.817486003002782,0.0147431381614704,0.0147962629079483,0,0.098,0.00149471715065343,0.114250528873288,0.4495,0.486,0.405945614346942,0.407440331497596,0.457532835541312,0.050092504043716,0.514
"Strong qualitative HTE",2000,191,0.000240999018190996,0.000218222844053469,1,0.0112024105766636,0.0094684216054325,0.00849038969682775,0,0.573922059882951,0.078,0.953163636363637,0.945253242063947,0.0197381372083982,0.0209196002645475,0,0.15,0.00155993957022233,0.112627157980043,0.4405,0.492,0.406992989618748,0.408552929188971,0.457582106860907,0.0490291776719361,0.508
"Strong qualitative HTE",2000,192,1.0806443495134e-08,9.14939536834814e-10,1,0.0199564564566878,0.0174509867039407,0.00269729961724952,0,0.533487311151528,0.026,0.997206064963075,0.996225763149733,0.0267137641498775,0.0273721566740123,1,0.766,-0.000206443557188392,0.1131245232038,0.431,0.505,0.407772201282443,0.407565757725255,0.457900918851649,0.0501287175692055,0.495
"Strong qualitative HTE",2000,193,0.000128278572181431,1.94399336215765e-05,1,0.0118765576449615,0.00255716087429322,0.00128073468611395,0,0.56885916821578,0.126,0.934872763066594,0.938359880954588,0.0360562353869822,0.0443175548525782,0,0.36,0.000778279243217407,0.112942062937778,0.4315,0.4985,0.406834019594138,0.407612298837355,0.457140669958073,0.0495283711207181,0.5015
"Strong qualitative HTE",2000,194,0.0016287466716814,0.000394681134197961,1,0.0106134577300652,0.0193893765641211,0.023430077208725,0,0.513554972514819,0.084,0.828190513626835,0.862946742449123,0.0170951214200021,0.0170951214200021,0,0.144,-0.00156237010290279,0.112144577218532,0.4225,0.504,0.406327826654926,0.404765456552024,0.455043831882332,0.0487160052274052,0.496
"Strong qualitative HTE",2000,195,1.30989396567782e-05,4.71119471223633e-06,1,0.0174004165139964,0.00858658885384187,0.0216710176686273,0,0.689838959202831,0.02,0.990556172799165,0.988213766724333,0.0454066446915524,0.0454066446915524,0,0.392,0.00285119344651653,0.113014232346074,0.446,0.486,0.406839009539469,0.409690202985985,0.45826794928011,0.0485777462941244,0.514
"Strong qualitative HTE",2000,196,3.22175969650695e-07,7.10185553373068e-08,1,0.032762517670766,0.0581538293339009,0.017801603721472,0,0.502232621838928,0.09,0.951104177838444,0.932958696351415,0.0478155483910911,0.0478155483910911,1,0.524,-0.000818762793654749,0.113925415307673,0.4335,0.503,0.406723958674712,0.405905195881057,0.456892025045404,0.0501680663706921,0.497
"Strong qualitative HTE",2000,197,1.20033596715636e-07,1.06692500352204e-08,1,0.0280121164834798,0.0224626554751648,0.0182301112275075,0,0.528561856700963,0.466,0.972742200328408,0.964500353841827,0.0112366644462129,0.0143422347493776,1,0.914,-0.00683430969509417,0.112252427506396,0.4005,0.532,0.404510669205086,0.397676359509992,0.450714426722666,0.0462037575175798,0.468
"Strong qualitative HTE",2000,198,4.11584977690359e-09,2.7401460982685e-09,1,0.0225833965238907,-0.0273087324770092,0.0903366689328751,0,0.667634048607735,0.026,0.998072021436507,0.997008195948152,0.0482546918211703,0.0484143991612316,1,0.512,-0.00112187786655923,0.113686940587871,0.424,0.506,0.40617550959614,0.405053631729581,0.455759708394239,0.0495841987980988,0.494
"Strong qualitative HTE",2000,199,1.74165005510041e-07,1.66929760696488e-08,1,0.0294227743323523,0.0594970899083168,0.0848200316434962,0,0.473202800707603,0.296,0.879385106937924,0.78942930910331,0.0401986408178637,0.0448468833641614,0,0.512,0.00174640443751645,0.112107266540481,0.436,0.4965,0.407192955631864,0.408939360069381,0.457601754766857,0.0486623946974766,0.5035
"Strong qualitative HTE",2000,200,9.51235116339713e-06,1.04283651925987e-06,1,0.033119236699731,0.0384455224811042,0.021970527676726,0,0.510732467840882,0.22,0.904125187064871,0.822427463840425,0.0387255885850373,0.0409412918655656,1,0.402,-0.00147663078111425,0.115246885693078,0.4325,0.508,0.405834551576004,0.40435792079489,0.456579886846602,0.050745335270598,0.492
"Strong qualitative HTE",2000,201,6.66157087866066e-07,6.50752261288917e-08,1,0.00619966804900282,0.00703898548651434,-0.0144327734519178,0,0.627792292447065,0.022,0.895377293210241,0.86303836053528,0.0219727647792921,0.0219727647792921,0,0.16,-0.00104614196671286,0.113400175440932,0.428,0.499,0.40716680681471,0.406120664847997,0.457028560534581,0.049861753719871,0.501
"Strong qualitative HTE",2000,202,8.50872831734138e-06,1.40467313266851e-06,1,0.0317530531121253,0.0275180705369503,0.0491925974250376,0,0.48440533971042,0.034,0.883100000000002,0.868649018576806,0.0321372168867929,0.0392918225327831,1,0.582,-0.00302479690881732,0.11294496317921,0.41,0.5115,0.406155191994913,0.403130395086096,0.454414320279063,0.0482591282841499,0.4885
"Strong qualitative HTE",2000,203,0.000108843358587152,3.64047756473895e-05,1,0.0237690799615719,0.0102898753146928,0.0278899525766493,0,0.52977689142372,0.27,0.9583139972156,0.964611352617625,0.0301893255832122,0.0391352081290571,0,0.296,-0.00110778832396776,0.113063383865327,0.434,0.504,0.406536738118934,0.405428949794967,0.455954020931466,0.0494172828125313,0.496
"Strong qualitative HTE",2000,204,0.00384527043781082,0.00207667105152967,1,0.0162105275484887,2.82481334224264e-05,0.00450797663310565,0,0.569688584261929,0.174,0.954783567686794,0.951131573681607,0.00633513052770535,0.00633513052770535,1,0.95,0.000944230176955682,0.113562306589027,0.4325,0.494,0.40685528652309,0.407799516700046,0.457588627955781,0.0497891112557358,0.506
"Strong qualitative HTE",2000,205,7.2381343417649e-09,9.84593583448547e-10,1,0.0380079636842319,0.0490764144442409,0.0484970006796779,0,0.501835400216361,0.048,0.899805024251116,0.866270066568302,0.0333364806747377,0.0333364806747377,1,0.736,0.00217483726647148,0.113553775415297,0.449,0.49,0.407037681979495,0.409212519245966,0.458665567470816,0.0494530482248497,0.51
"Strong qualitative HTE",2000,206,2.19637082594717e-05,3.1509028245271e-06,1,0.0431229534720411,0.0682641434593959,0.0488129079003187,0,0.460375232159984,0.298,0.962573922366855,0.940314960270155,0.0433592362635313,0.0484014788657474,1,0.504,-0.00653687783719627,0.111326110133651,0.3975,0.526,0.40470572894773,0.398168851110533,0.450394961482239,0.0456892325345098,0.474
"Strong qualitative HTE",2000,207,7.51763869100367e-06,1.16934642767556e-06,1,0.0205167024929764,0.00025284823100877,0.0735286180064658,0,0.525712701163366,0.222,0.937290916109112,0.943202721816764,0.0374332307767983,0.0374332307767983,1,0.418,0.00818200137439558,0.111475547773337,0.4685,0.4675,0.409197896591329,0.417379897965725,0.462768627561316,0.0453887295955916,0.5325
"Strong qualitative HTE",2000,208,8.87021202237331e-06,2.97050518115234e-06,1,0.0369658909177455,0.0656443518017136,0.0137604656201356,0,0.481846291880354,0.272,0.86938126240181,0.790461734119133,0.0417902442860467,0.0420374512006624,1,0.558,0.00279948107519163,0.114008360787272,0.4385,0.4975,0.406686893359859,0.40948637443505,0.458645919433788,0.0491595449987378,0.5025
"Strong qualitative HTE",2000,209,3.75422633892306e-05,1.02797514513399e-05,1,0.0382486481819918,0.0485525584028457,0.0549105766933452,0,0.489649637946071,0.264,0.88939935064935,0.87905865966464,0.0381419564881308,0.0402283734128169,0,0.642,0.000748932061903148,0.114157930624983,0.435,0.501,0.407778040447064,0.408526972508967,0.458794046055092,0.050267073546125,0.499
"Strong qualitative HTE",2000,210,3.50969170759385e-10,1.58764065891972e-10,1,0.0192264092697609,0.0110057861619866,0.0356640091276005,0,0.591509239147116,0.056,0.936352509179926,0.90156300069094,0.0387560242169634,0.0445674600666105,1,0.414,0.00151259708691699,0.112622067904242,0.446,0.489,0.406219882608287,0.407732479695204,0.4568476326826,0.0491151529873953,0.511
"Strong qualitative HTE",2000,211,0.000188479955788875,3.0572109891227e-05,1,0.0309870813724943,0.0226917519053857,-0.00177846465266779,0,0.499091010088346,0.164,0.951459992415622,0.944528547149918,-0.00276247041546002,0.000210338465622684,1,0.998,-0.000236759009613726,0.112580296228521,0.4405,0.4905,0.405057802431256,0.404821043421642,0.454764039433303,0.0497062370020467,0.5095
"Strong qualitative HTE",2000,212,3.67875069534996e-07,4.12779424618486e-08,1,0.026835050119172,0.0371531073594927,0.0124851951698493,0,0.491530096789099,0.076,0.950169257672748,0.940205910764233,0.0220915230459526,0.0220915230459526,1,0.796,0.00681503636686433,0.112064331957336,0.459,0.474,0.409090726113973,0.415905762480838,0.462078661461422,0.0461728989805847,0.526
"Strong qualitative HTE",2000,213,4.08949567653356e-08,4.44751350688607e-09,1,0.0275998907725683,-0.0189906298695052,0.0621755474646158,0,0.632171468824693,0.048,0.939383116883119,0.927844328704115,0.0399389155207757,0.0399389155207757,1,0.542,-0.00101901066172379,0.111912996315956,0.432,0.4905,0.40607815149707,0.405059140835346,0.455016530181677,0.048938378684607,0.5095
"Strong qualitative HTE",2000,214,2.44422277556084e-06,6.98588016926835e-07,1,0.0326604997187418,0.0149902686911972,0.0552208988407706,0,0.500412835547912,0.154,0.949163225025296,0.927797812535427,0.0362068528850024,0.0365026155521732,1,0.592,0.00169000648881143,0.110933464122471,0.43,0.5015,0.406344792526487,0.408034799015299,0.456080400695592,0.0480456016802936,0.4985
"Strong qualitative HTE",2000,215,0.00090236419095295,0.00152800857244516,1,0.0342245697382668,0.0439471583869238,0.0364245999956471,0,0.512460110115724,0.21,0.927898816809466,0.90702420795734,0.0363400518430042,0.0370853248558216,0,0.384,-0.000448737746350112,0.114141182668566,0.434,0.4885,0.407599737961983,0.407151000215633,0.457773451714487,0.0501737137525034,0.5115
"Strong qualitative HTE",2000,216,0.000109383749928622,0.000187317909399408,1,0.0085518260247083,0.031359918481052,0.0379834914092564,0,0.511991023419901,0.354,0.839464560862865,0.825524646597012,0.032186692640178,0.0418972609996431,0,0.654,0.00508427346379214,0.113453560556399,0.4435,0.49,0.40840627627148,0.413490549735273,0.461333719673297,0.0478431699380248,0.51
"Strong qualitative HTE",2000,217,1.39372589576993e-07,3.13031380716888e-08,1,0.0207828251156726,0.0155922657573004,0.023718278106528,0,0.559850160234154,0.17,0.897105900323373,0.893818700216308,0.0364517776778094,0.038443351321642,1,0.418,0.000290200383432309,0.113727175577544,0.4385,0.497,0.406545225070349,0.406835425453781,0.457364447514629,0.0505290220608475,0.503
"Strong qualitative HTE",2000,218,1.45901908267278e-10,7.38137030403486e-11,1,0.0276252712118792,0.0188609594602913,0.0371224029158683,0,0.525552814053538,0.138,0.853167583857442,0.806082495105945,0.0232476739398621,0.0232476739398621,1,0.842,-0.00202033071704203,0.113547943919847,0.417,0.511,0.406141474591871,0.404121143874829,0.455647750078338,0.0495062754864672,0.489
"Strong qualitative HTE",2000,219,3.92820502907117e-06,1.86964856099507e-06,1,0.00939378325476927,0.0385808456007813,0.0325331628030259,0,0.53638415261179,0.098,0.998138284955724,0.997708178541733,0.0476711711965183,0.0491157137552627,0,0.394,0.00313902190840058,0.113444737492091,0.4495,0.488,0.407263932594423,0.410402954502823,0.45915509652055,0.0487521420177264,0.512
"Strong qualitative HTE",2000,220,5.09423141001797e-05,8.31441296355119e-06,1,0.0261196525300718,0.017244778896958,0.0202730867859668,0,0.592339880396414,0.04,0.991943150872556,0.991283184006049,0.0333200941486755,0.0359301918023983,0,0.306,-0.00262583763577532,0.111352786144606,0.4205,0.5035,0.405242905975883,0.402617068340107,0.453003340206132,0.0477604342302492,0.4965
"Strong qualitative HTE",2000,221,6.42279077182873e-06,3.13740277497593e-06,1,0.0268814672082585,0.0233121518958529,0.036533620602317,0,0.522365324840185,0.302,0.963443963443964,0.941274319290445,0.0389767366521492,0.0453144473861996,1,0.574,-0.00142778175480408,0.113648174228406,0.4305,0.508,0.40734529114982,0.405917509395015,0.457106928990568,0.0497616378407487,0.492
"Strong qualitative HTE",2000,222,0.000210658054795734,5.54859190172407e-05,1,0.0411932427954301,0.0182034262400674,0.0456697831367766,0,0.469175253974951,0.134,0.921236939176783,0.902204651552674,0.0285644664743779,0.0285644664743779,0,0.22,0.000118856375535599,0.113132069062845,0.4425,0.501,0.407122034444756,0.407240890820291,0.457457424283491,0.0502165334632002,0.499
"Strong qualitative HTE",2000,223,5.68231485471145e-08,4.86684917071228e-09,1,0.0335327335421408,0.0417182045212872,0.0732389108200732,0,0.546442884248975,0.06,0.968879399585922,0.963014327377787,0.044627062475625,0.0476889060016695,0,0.642,0.00149460382697487,0.113936251465604,0.4375,0.4995,0.406347311488295,0.40784191531527,0.457632461688471,0.0497905463732016,0.5005
"Strong qualitative HTE",2000,224,7.0679125161806e-05,3.87345522736499e-05,1,0.0188316820434996,-0.00627182927186726,0.0589768536640552,0,0.536031609781634,0.094,0.943366174055829,0.920743074911901,0.0342372572960197,0.0342372572960197,1,0.326,0.00067860307648279,0.113066192668398,0.4305,0.5015,0.408197106489071,0.408875709565554,0.458544297279379,0.0496685877138256,0.4985
"Strong qualitative HTE",2000,225,2.00932449708599e-06,5.13202583851193e-06,1,0.0293007441392349,0.0222907728629349,0.0267805053270481,0,0.555596138178495,0.064,0.981403837616534,0.97679773457406,0.0329483270072739,0.0329483270072739,0,0.264,-0.000395484674472245,0.111603571523675,0.433,0.495,0.406767343499293,0.40637185882482,0.455817816515219,0.0490504730159268,0.505
"Strong qualitative HTE",2000,226,2.05496327060261e-05,6.17634531198775e-06,1,0.0272664756195608,0.020270655758844,0.0569216009899948,0,0.530048125902524,0.094,0.9782552753474,0.972928766371342,0.0440061986047806,0.0480079175977691,0,0.588,0.00351301607198928,0.110872868877946,0.4455,0.48,0.406489334634732,0.410002350706722,0.45708868246423,0.0470863317575078,0.52
"Strong qualitative HTE",2000,227,1.45740460798782e-07,7.07158249739512e-08,1,0.0278776260256388,0.00992489235954742,0.0235249167536459,0,0.509652332371133,0.236,0.893849864823299,0.883043239537103,0.0380044421626634,0.0408927193468519,0,0.522,0.00100033798896546,0.11249528295142,0.4315,0.4975,0.40812934178196,0.409129679770925,0.458436111783969,0.0493064320130441,0.5025
"Strong qualitative HTE",2000,228,7.71614226313897e-07,2.89270876978983e-07,1,0.0144141082452447,0.00202835941737483,0.015821470192211,0,0.5444391464845,0.144,0.9948,0.992190376316424,0.0402334736389351,0.0402334736389351,0,0.304,-0.00226922565517731,0.114487311814145,0.4275,0.5135,0.406621756330239,0.404352530675061,0.456526526061743,0.0499047697315047,0.4865
"Strong qualitative HTE",2000,229,4.79697762668922e-06,3.78174659993916e-06,1,0.0403757386864171,0.00927585871922146,0.0870065625663295,0,0.481000154540076,0.1,0.90415458937198,0.894359704483697,0.037076116735535,0.037076116735535,1,0.582,0.000116553329857952,0.112190797990161,0.427,0.5055,0.406798863122819,0.406915416452677,0.456357941250678,0.0494425247980009,0.4945
"Strong qualitative HTE",2000,230,4.61235659402207e-05,5.85085689084225e-06,1,0.0146418517552096,0.0108424967476635,0.0466391945751912,0,0.499845740115255,0.2,0.924911433172302,0.936358261953069,0.0410972947933889,0.0410972947933889,1,0.356,0.000555801221005169,0.114065085553006,0.436,0.499,0.408518276620903,0.409074077841908,0.459289671771392,0.0502155939294837,0.501
"Strong qualitative HTE",2000,231,6.40385455314428e-09,5.99928017475421e-10,1,0.0131059626518831,0.0171629794350265,0.033868706143805,0,0.581731366211897,0.074,0.894625922023183,0.876001551882186,0.0193148199017816,0.0244994554889531,1,0.846,-0.00152257114132593,0.113022261416079,0.4295,0.4995,0.405893356232495,0.404370785091169,0.455271746458587,0.0493783902260919,0.5005
"Strong qualitative HTE",2000,232,3.46680435231087e-08,3.76084485767737e-09,1,0.0315882038834151,0.0365902316078487,0.0474419504640626,0,0.489464871778643,0.182,0.970434162085015,0.969347918625685,0.0376597551270144,0.0413442119073593,0,0.316,0.00339442984538949,0.113060210166886,0.4415,0.495,0.406987069203441,0.41038149904883,0.45876945311788,0.0483879540690495,0.505
"Strong qualitative HTE",2000,233,9.31819978567913e-12,3.41931161506398e-12,1,0.0273175310952293,0.0380447397449798,0.0305553216837471,0,0.477789450461233,0.088,0.920567976421163,0.912644396722916,0.0324345808273925,0.0324345808273925,1,0.322,0.00591179260246138,0.112852650791005,0.451,0.4795,0.408656682192987,0.414568474795448,0.461610689876743,0.0470422150812946,0.5205
"Strong qualitative HTE",2000,234,6.42615039040045e-06,1.52050549172926e-06,1,0.0327455812325977,-0.000395953178394478,0.0232917975503836,0,0.516291150567995,0.276,0.986943493150685,0.982527526417953,0.0460750800032127,0.0460750800032127,0,0.544,-0.00181234460126016,0.112536175253865,0.4235,0.499,0.405771319093284,0.403958974492024,0.454618055189539,0.0488467360962547,0.501
"Strong qualitative HTE",2000,235,0.00638531108582328,0.00449892908274388,1,0.017713732975484,0.0188750954299948,-0.00665139264832776,0,0.603504854797826,0.084,0.936627897466099,0.905650186705628,0.0190117726726335,0.0190117726726335,0,0.176,-0.002200859923017,0.112164896255166,0.4255,0.505,0.405008971602722,0.402808111679705,0.453391043586891,0.048382071984169,0.495
"Strong qualitative HTE",2000,236,3.89444507765047e-06,9.49614350680832e-07,1,0.0452898653206214,0.0599838626196925,0.042345024990887,0,0.502137027361563,0.178,0.950340909090908,0.945094087959867,0.038048233202058,0.038048233202058,1,0.374,0.00470001744681176,0.113717802538375,0.4565,0.479,0.407999005043432,0.412699022490244,0.460837948250377,0.0481389257601331,0.521
"Strong qualitative HTE",2000,237,2.53742476379767e-07,1.56642549086021e-07,1,0.0112589410297346,-0.006855406227015,0.0156886107447403,0,0.576206712549468,0.158,0.986471472452781,0.984517020592816,0.0442206605772409,0.0463994358740527,1,0.568,-0.00103864377185719,0.113867896933678,0.43,0.5005,0.406364830054754,0.405326186282897,0.456333315235522,0.0499684851807681,0.4995
"Strong qualitative HTE",2000,238,5.67724977249381e-09,8.65541782602987e-10,1,0.0169153603337182,0.0304600668720011,0.0285360191045203,0,0.265225114323815,0.044,0.979794570092108,0.982024079223286,0.0412645834480024,0.0494452148215895,0,0.376,0.00499129628258652,0.113203458674806,0.4485,0.4845,0.407105060094366,0.412096356376952,0.459915987309288,0.0478196309323353,0.5155
"Strong qualitative HTE",2000,239,1.51700592127002e-06,1.64037722154104e-07,1,0.0509884939038525,0.0503417761489328,0.0667970577549299,0,0.497131389529297,0.346,0.96780606060606,0.963467036811556,0.0365046036432501,0.0365046036432501,1,0.63,-0.000543382428056615,0.111535289985942,0.4255,0.493,0.407039400914427,0.40649601848637,0.455996421137396,0.0489570202229687,0.507
"Strong qualitative HTE",2000,240,4.49700361880069e-05,2.63828546610775e-05,1,0.0172424441769577,0.0414063596328057,0.00504211091493473,0,0.509109697393579,0.258,0.945526436180642,0.898561650285068,0.0352240217789377,0.0352240217789377,1,0.686,9.0585836226111e-05,0.110844136475644,0.425,0.505,0.406141896193465,0.406232482029692,0.455006087430509,0.0487736054008178,0.495
"Strong qualitative HTE",2000,241,0.00193279661187107,0.00116954928716071,1,0.00694986011702188,-0.0049941586740487,-0.0105310957828634,0,0.559643443901027,0.246,0.933178776369226,0.897218305418938,0.0393582127474033,0.0393582127474033,0,0.504,0.00222051336974308,0.115221392433669,0.434,0.505,0.407134868558123,0.409355381927866,0.459308092563584,0.0499527106357185,0.495
"Strong qualitative HTE",2000,242,3.70588300937795e-10,2.22951315545688e-10,1,0.036757136201486,0.0354939186312983,0.0660590017103854,0,0.526684751872978,0.108,0.965777233782129,0.961652064039448,0.0439239497812105,0.0439239497812105,1,0.528,0.000961508944251467,0.113976125317589,0.432,0.5045,0.407106408668599,0.408067917612851,0.458102082402133,0.0500341647892819,0.4955
"Strong qualitative HTE",2000,243,2.38473140530879e-05,4.46862889262727e-06,1,0.0352795152046548,0.0525802658061317,0.0485672352215683,0,0.46944399735892,0.222,0.921042878551056,0.917603803993297,0.0270282304941793,0.0270282304941793,1,0.79,0.00418385887472006,0.114350554463348,0.4575,0.4795,0.408455306306445,0.412639165181165,0.461343809700615,0.0487046445194494,0.5205
"Strong qualitative HTE",2000,244,4.5023994300105e-06,2.56742126375196e-06,1,0.0278771526349487,0.0157795610167942,0.0618207889698611,0,0.476505093199404,0.12,0.885056532252793,0.858777036749799,0.026754736284845,0.030566804344536,1,0.252,-0.00509474581307783,0.113485845253135,0.421,0.5195,0.405398553577002,0.400303807763924,0.453355170286008,0.0479566167090058,0.4805
"Strong qualitative HTE",2000,245,8.63133433071021e-10,5.98576021818368e-11,1,0.011939631839396,0.0215033608831941,0.0133445566075874,0,0.527515267291437,0.114,0.925622722507861,0.922648674185652,0.0386420351376145,0.0445259898352383,1,0.314,0.0038768332393658,0.11230341047213,0.4405,0.498,0.407723468211852,0.411600301451218,0.459267157348951,0.047666855897733,0.502
"Strong qualitative HTE",2000,246,1.0807026088773e-05,2.11670900077459e-06,1,0.0224962284082452,0.0147720812892674,0.0338290552872026,0,0.571127995595983,0.066,0.852024033297529,0.818956514856558,0.0359239589795858,0.0439843442556885,1,0.544,-0.00495633663019229,0.113793748700967,0.412,0.5195,0.405690566786289,0.400734230156097,0.453784558453703,0.0480939916674133,0.4805
"Strong qualitative HTE",2000,247,0.000216213618384436,5.91787916884468e-05,1,0.031340964590251,0.0137477205370794,0.0264411145262279,0,0.508558895882671,0.28,0.963704651049845,0.960274232894667,0.0443399420988566,0.0445675608112698,0,0.47,0.00210695275175543,0.111982445338273,0.446,0.4875,0.407271445854805,0.40937839860656,0.457780960835196,0.0484025622286353,0.5125
"Strong qualitative HTE",2000,248,2.98890574314827e-08,3.5207489472792e-09,1,0.0417405462297252,0.0475678970653438,0.0532177419543082,0,0.491039699955012,0.188,0.96273251668935,0.956224435241497,0.0437396966652085,0.0437396966652085,1,0.46,-0.00350021927129618,0.113357055554669,0.4205,0.505,0.405453525063596,0.4019533057923,0.453937729733303,0.0484842046697073,0.495
"Strong qualitative HTE",2000,249,8.80877610288411e-06,4.93068606042521e-06,1,0.0146360842192139,-0.0113405538635197,-0.00716619059318047,0,0.578520844765531,0.066,0.91001167398346,0.865161727600683,0.0441268558356543,0.0441268558356543,0,0.52,-0.00532473362794365,0.113230378160398,0.4155,0.5185,0.405153125274293,0.39982839164635,0.452792347601975,0.0476392223276818,0.4815
"Strong qualitative HTE",2000,250,0.00616840482234987,0.00326773864272578,1,0.0128937146322819,0.0593155955399965,0.0573473956634183,0,0.503213215652754,0.482,0.932921830544438,0.938146420778032,0.0318012013671883,0.0430306542214761,0,0.386,0.00390374434113193,0.114045130349417,0.443,0.4875,0.407501219385409,0.411404963726541,0.459901413056991,0.0484964493304499,0.5125
"Strong qualitative HTE",2000,251,1.83799198364658e-05,1.81937974377272e-05,1,0.0346763162742583,0.0271983296072164,0.0618272325628119,0,0.465272325421347,0.168,0.942254428341384,0.933731712559473,0.031156010845502,0.0340334319095092,0,0.278,0.00211595554224921,0.114186720947021,0.4475,0.492,0.406455016960487,0.408570972502736,0.458346070489339,0.0497750979866032,0.508
"Strong qualitative HTE",2000,252,4.09425744190722e-09,7.82686923127311e-10,1,0.0244788944446214,0.0334484392711331,0.0237076995409175,0,0.484507956144002,0.224,0.995348837209302,0.99343613689965,0.0483291439467984,0.048716168285854,1,0.454,-0.000619812626416379,0.113050977178138,0.4335,0.4965,0.406484490310371,0.405864677683955,0.456144093186683,0.0496596028763115,0.5035
"Strong qualitative HTE",2000,253,1.94847233634131e-06,1.73184943805606e-06,1,0.0242349018531521,0.00910545235221397,0.0236474214383166,0,0.516247294064767,0.06,0.919292501392381,0.861854860900434,0.0308650733950492,0.0308650733950492,0,0.262,-0.00314034331338444,0.113393748479045,0.4125,0.5205,0.406515535772582,0.403375192459197,0.455033452459825,0.048517916687243,0.4795
"Strong qualitative HTE",2000,254,2.75691174497955e-06,2.67248059513549e-06,1,0.0267958160479751,0.0204067408742685,0.0613263679178842,0,0.498757687226539,0.228,0.906776870389884,0.897442923333355,0.0368633402525473,0.0399325364705044,1,0.408,0.00087202617890749,0.114438420415409,0.4345,0.502,0.406999805680139,0.407871831859047,0.458147206563168,0.0502753747041211,0.498
"Strong qualitative HTE",2000,255,1.26499411638275e-05,2.81058577401699e-06,1,0.0160449637290988,0.0157677654681679,0.0247187030007179,0,0.5856585026064,0.066,0.865154109589041,0.857675873323942,0.0360263072158238,0.0360263072158238,0,0.43,-0.00190049280403097,0.113082647569361,0.421,0.506,0.405019871971907,0.403119379167876,0.453920190527053,0.0489003185551458,0.494
"Strong qualitative HTE",2000,256,8.60631111944344e-06,1.31696962728516e-05,1,0.023724850098862,0.0672247432231614,-0.00122472403176915,0,0.484889297162897,0.538,0.990739389221363,0.987982460077993,0.00291298904943432,0.00291298904943432,1,0.974,-0.00025638503936792,0.113229726625228,0.429,0.5095,0.406476992350627,0.406220607311259,0.456420432136246,0.0499434397856187,0.4905
"Strong qualitative HTE",2000,257,0.00344573297250749,0.000894110455273096,1,0.00928511151029347,-0.0182508216072833,0.0299752136708721,0,0.54260730932346,0.392,0.879471305031446,0.820257957675625,0.0159606887837918,0.0159606887837918,1,0.88,-0.00152515586233602,0.113476424240426,0.42,0.5105,0.406964178778084,0.405439022915748,0.456403053332849,0.0494388745547648,0.4895
"Strong qualitative HTE",2000,258,3.76354434661788e-06,6.77558731222131e-07,1,0.0414756826764297,0.027587937623942,0.0560343583767314,0,0.467863314468387,0.132,0.983001104680877,0.969495737707308,0.0349740979277758,0.0349740979277758,0,0.296,0.00377154311615646,0.113165560433205,0.444,0.488,0.407877275549985,0.411648818666141,0.459702255710061,0.0480534370439202,0.512
"Strong qualitative HTE",2000,259,0.000209747946899914,3.56800210858631e-05,1,0.0150368863200424,-0.00191289806554717,0.0236775336376411,0,0.575457279479473,0.128,0.833835634195347,0.687495779575423,0.0370803662748829,0.0370803662748829,1,0.722,-0.000932386390885617,0.112824037621294,0.4305,0.506,0.406514988542814,0.405582602151928,0.455965750816337,0.0494507622735233,0.494
"Strong qualitative HTE",2000,260,4.90151696696594e-10,7.73505592600564e-11,1,0.0363615262783193,0.0320466669510855,0.0562557768547283,0,0.482048660519867,0.214,0.986394557823129,0.982276184338235,0.0451171576639035,0.0451171576639035,0,0.418,-0.00321699339019503,0.113112582970813,0.424,0.512,0.404888518429489,0.401671525039294,0.453460064748151,0.0485715463186622,0.488
"Strong qualitative HTE",2000,261,0.000765449815989662,0.00127855591875963,1,0.0131801782121828,0.00236582148688649,0.000590034346090729,0,0.548913653068638,0.28,0.989089902460475,0.989205699909202,0.0356384960186913,0.0363663005028345,0,0.56,0.00126868209463719,0.112606066345571,0.435,0.4955,0.406715823204676,0.407984505299313,0.45714002758847,0.0491555222891567,0.5045
"Strong qualitative HTE",2000,262,1.41935525227917e-09,5.93243047501948e-09,1,0.0323797762607359,0.0365935822958948,0.0615225865552059,0,0.515349021766071,0.106,0.945544554455446,0.930671483112715,0.0421048543687286,0.0421048543687286,0,0.534,-0.00397483966888129,0.112191834551384,0.405,0.5145,0.40608862200641,0.402113782337528,0.453383704078771,0.0472950820723608,0.4855
"Strong qualitative HTE",2000,263,1.76669179320074e-06,1.80258923086723e-07,1,0.0377327616969289,0.0202596163780559,0.0819336281819019,0,0.495161105515781,0.238,0.948863912810782,0.93329821381998,0.0421700183028064,0.0424372512484208,1,0.424,-0.000760071866751272,0.112305777866912,0.4325,0.503,0.406546588996497,0.405786517129745,0.455879308784173,0.0493327197876762,0.497
"Strong qualitative HTE",2000,264,0.000119199739103924,2.11662931783505e-05,1,0.0205010508413061,0.0276095282069118,0.0257213171151088,0,0.545008178571589,0.054,0.990197541921681,0.98566429632728,0.0315609077811805,0.0315609077811805,0,0.236,-0.00363325589087831,0.114256066660971,0.4155,0.5165,0.405403011511624,0.401769755620745,0.454234544058525,0.0488315325469013,0.4835
"Strong qualitative HTE",2000,265,2.50287769030681e-06,8.08791352099062e-07,1,0.0216570914074757,-0.0133071689868616,0.0993964657830538,0,0.582660481928083,0.072,0.994810281517748,0.992934396542442,0.0412624679786127,0.0426263529023194,1,0.354,-0.000220929575633704,0.111672272864412,0.4305,0.5025,0.407782957936436,0.407562028360803,0.456910330929883,0.0491273729934461,0.4975
"Strong qualitative HTE",2000,266,3.5876636290034e-05,6.06616295277834e-06,1,0.0151581441134308,0.039275709683657,0.0549622270582211,0,0.47052588405513,0.216,0.944128188909973,0.925448263945717,0.0358058276450897,0.0377307193119413,0,0.366,0.00139712898781212,0.11339610770425,0.436,0.49,0.407230269946953,0.408627398934765,0.458063588951948,0.0494361900171832,0.51
"Strong qualitative HTE",2000,267,2.71241600632089e-08,2.64276239388225e-09,1,0.0386295221499713,0.0503923548400121,0.0282741215255465,0,0.500076952050472,0.138,0.985067814293167,0.983861000492732,0.0325724119067017,0.0325724119067017,0,0.22,0.00130248272479234,0.113712850616722,0.4525,0.484,0.406616781798788,0.40791926452358,0.457765982009316,0.049846717485736,0.516
"Strong qualitative HTE",2000,268,1.71477194731948e-08,7.10940914305866e-09,1,0.0207121485531302,0.00750334592621013,0.0313354877692532,0,0.527972804294205,0.2,0.953682758178114,0.952527411384131,0.0352424180291199,0.0452394021351351,0,0.426,0.000685941803563386,0.114051729331287,0.4345,0.4975,0.406803502304149,0.407489444107713,0.457736819341876,0.0502473752341638,0.5025
"Strong qualitative HTE",2000,269,0.000796093210210319,0.000658022790776322,1,0.0153108985521693,0.0362989563734991,0.0312676197452879,0,0.50285376687971,0.442,0.924325980392157,0.924408103159168,0.0355413080898536,0.0426287022782827,0,0.348,-0.00199865785501421,0.113138812166224,0.42,0.5075,0.405892191206637,0.403893533351623,0.454738907019818,0.0488467158131812,0.4925
"Strong qualitative HTE",2000,270,2.68360896744099e-05,4.07653277707734e-06,1,0.0208622889615492,-0.0242332132806915,0.114030798223897,0,0.51410864722289,0.102,0.732649142340773,0.750283414602757,0.0217918022613536,0.0225067624600607,1,0.178,-0.000979485508266891,0.114450308238088,0.435,0.5005,0.405954393665053,0.404974908156786,0.456321356068721,0.0503669624036672,0.4995
"Strong qualitative HTE",2000,271,5.57874602652942e-12,7.03887240462274e-13,1,0.0623876070459402,0.0826298048183187,0.102789285576897,0,0.468815094588123,0.366,0.968711111111111,0.963822580443672,0.0406437785883373,0.0422671014837079,0,0.666,-0.00012193699351985,0.111544558920006,0.4325,0.5,0.405821552351286,0.405699615357766,0.454903402922367,0.0490818505710803,0.5
"Strong qualitative HTE",2000,272,4.54408775340771e-07,1.36605368094176e-07,1,0.0451698476984617,0.045284207179261,0.0744924967606324,0,0.472969628686371,0.316,0.913641095712148,0.863887556710545,0.0413689120319661,0.0413689120319661,1,0.548,-0.00136281658230633,0.111168806336082,0.4275,0.5035,0.406935866839798,0.405573050257492,0.45526936325133,0.0483334964115313,0.4965
"Strong qualitative HTE",2000,273,1.37451447605787e-08,5.16107397124847e-09,1,0.0384121046196125,0.0145077592150201,0.0250527593903057,0,0.522256552161165,0.192,0.927730063326832,0.914588246244139,0.037087013595291,0.0402848396940269,0,0.356,0.00157781049362165,0.114303452930699,0.442,0.502,0.408245739113996,0.409823549607618,0.459901487775068,0.0500779381674504,0.498
"Strong qualitative HTE",2000,274,1.13661498115568e-06,9.94426603577495e-07,1,0.0420846495168352,0.0338814173725872,0.056607580404579,0,0.524224969764023,0.468,0.956437827405569,0.940660460922125,0.0439147930794341,0.0439147930794341,0,0.418,-7.51718187319498e-05,0.113440866642773,0.4385,0.4955,0.406465503103824,0.406390331285092,0.456851389789833,0.0503858866860092,0.5045
"Strong qualitative HTE",2000,275,1.2963812244952e-05,8.62783697806649e-05,1,0.0363222303827604,0.0345618021910041,0.0661379696571402,0,0.483446276790415,0.174,0.871038961038961,0.87623544183054,0.0360696481201564,0.0360696481201564,1,0.406,-0.000635000131412275,0.112622863962083,0.418,0.507,0.406631896385161,0.405996896253749,0.455972086857087,0.049340190471926,0.493
"Strong qualitative HTE",2000,276,5.02724730630624e-05,0.00060244570038261,1,0.0108023677604416,0.0387911105265604,-0.0101199585614343,0,0.483404508545904,0.04,0.791676822827801,0.727564149474868,0.0267771916840648,0.0270785749813968,1,0.76,-0.00193599801900644,0.115163475351799,0.429,0.511,0.406407108678845,0.404471110659838,0.456957337264276,0.0505502285854311,0.489
"Strong qualitative HTE",2000,277,1.93225794213264e-09,1.95691059595911e-08,1,0.0225924869045886,-0.0170117721599423,0.0386218494100175,0,0.491587040901131,0.036,0.964952706295624,0.968273671902399,0.0308951123433527,0.0308951123433527,1,0.712,0.00147021757648499,0.111557630495675,0.439,0.488,0.407202134516108,0.408672352092593,0.457321121171001,0.0486487690784075,0.512
"Strong qualitative HTE",2000,278,4.12004579838929e-07,4.28640602415672e-08,1,0.0292481723094149,0.0422898235314585,0.0610816760052607,0,0.533487311151528,0.026,0.973304789244067,0.970299143712125,0.0478598149619683,0.0490591879710754,0,0.522,0.00216755237742854,0.114478251861993,0.4475,0.4915,0.407848221371701,0.41001577374913,0.460100700481784,0.0500849267326539,0.5085
"Strong qualitative HTE",2000,279,8.04514214349375e-05,1.70853118038843e-05,1,0.0242508240580017,0.02801624509696,0.0508175213335288,0,0.60261978058,0.026,0.936940024479804,0.89292640917374,0.0397921696693058,0.0423217992142549,1,0.542,0.000991458379024465,0.112333134655773,0.4235,0.4985,0.407122327917314,0.408113786296339,0.456921731476248,0.0488079451799087,0.5015
"Strong qualitative HTE",2000,280,9.19502429285808e-07,1.0910507273076e-07,1,0.0363115142443995,0.0343020418074519,0.0367837198157043,0,0.482190493565668,0.12,0.979310344827586,0.971219099520881,0.0433442517409852,0.0433442517409852,0,0.44,-0.000296947726038367,0.111998066296868,0.431,0.508,0.408017346315722,0.407720398589684,0.457502474877916,0.0494851285621941,0.492
"Strong qualitative HTE",2000,281,1.92448420466842e-06,1.92892548820799e-07,1,0.0173110267409573,0.0316028767908857,0.0336610667545219,0,0.516247294064767,0.06,0.939361753488148,0.924543564388123,0.0315622484180472,0.0315622484180472,1,0.74,0.000867678375905586,0.115375215577954,0.4335,0.5,0.407112090503014,0.407979768878919,0.458809443005464,0.0508296741265446,0.5
"Strong qualitative HTE",2000,282,6.79708277660833e-07,7.56322042708098e-08,1,0.0433656040775315,0.0542273118025675,0.0882702652425261,0,0.472581736415847,0.346,0.946929994824017,0.944173683889238,0.0423424970667077,0.0454479958229391,0,0.602,-0.00309481421306518,0.112876115190169,0.4235,0.506,0.405547147295452,0.402452333082387,0.453844396560516,0.0482972492650646,0.494
"Strong qualitative HTE",2000,283,6.35031555617643e-07,4.07754320341148e-06,1,0.0127472402670104,0.0544472763471741,0.0581618629171191,0,0.480620184883637,0.156,0.827946133428864,0.699123232160913,0.0384068093879241,0.0405517992131267,0,0.636,1.0360109058524e-05,0.110420736252124,0.428,0.507,0.406284942252492,0.406295302361551,0.45487378530405,0.0485784829424992,0.493
"Strong qualitative HTE",2000,284,0.000166436602695333,7.74675250025434e-05,1,0.0364630788894899,0.0491102901083069,0.0114322527630633,0,0.462638700201606,0.04,0.890995953785403,0.847203040857953,0.00434793718464566,0.00434793718464566,1,0.96,0.00360820517512776,0.113166236973816,0.4405,0.4955,0.407776873050892,0.41138507822602,0.459607788185472,0.0482227099594522,0.5045
"Strong qualitative HTE",2000,285,2.34578645781782e-05,4.99023946367264e-06,1,0.0372680384813413,0.0128619665524251,0.101135686728737,0,0.485492572537745,0.192,0.94250375792432,0.928820757681689,0.0366045276083517,0.0366045276083517,1,0.332,0.00093188777054352,0.111540580416646,0.4285,0.4965,0.406104931905858,0.407036819676401,0.455670466262612,0.0486336465862105,0.5035
"Strong qualitative HTE",2000,286,1.28879827696158e-08,1.31310833201615e-09,1,0.0105486111743365,-0.0305763118077583,0.0342852371410047,0,0.590503484484316,0.116,0.909237958303378,0.882297401398856,0.0362618679962287,0.0362618679962287,1,0.72,0.00148209808090174,0.113949508285845,0.435,0.4955,0.407129407610621,0.408611505691523,0.458464717811431,0.049853212119908,0.5045
"Strong qualitative HTE",2000,287,4.2187791137519e-05,6.7076041166391e-06,1,0.0294046131563551,0.00236902651384483,0.0699786517050437,0,0.516348011827062,0.132,0.931658917862678,0.918600557741037,0.035413855549078,0.0434254492174935,1,0.534,-0.00112178953324415,0.114972883324916,0.4215,0.5075,0.406301411072383,0.405179621539139,0.456780925418035,0.0504795143456512,0.4925
"Strong qualitative HTE",2000,288,9.35721885936568e-06,1.05369508806111e-06,1,0.0436376346205659,0.0280898092596566,0.0247268305790715,0,0.519366738582526,0.336,0.961220638948533,0.948152443522518,0.00916837196646408,0.00916837196646408,1,0.914,-0.0001012888335771,0.111298297299605,0.4295,0.4935,0.406354867159154,0.406253578325577,0.455522156018538,0.0491672888593837,0.5065
"Strong qualitative HTE",2000,289,1.63656191497362e-06,2.57057002799254e-06,1,0.0225966239384984,0.0511634722310874,0.0255404148879834,0,0.624544560832671,0.076,0.960452529994781,0.952731993826385,0.0381353391864472,0.0381353391864472,1,0.614,0.00147660117033439,0.111607618192728,0.432,0.487,0.408124502669722,0.409601103840057,0.457770597301039,0.0481694934609828,0.513
"Strong qualitative HTE",2000,290,1.38964570054576e-08,1.03957418310862e-09,1,0.0410895401391071,0.00909416978314332,0.0695009943823195,0,0.529792179860725,0.066,0.963363012698876,0.935530234942457,0.0345768990242966,0.0345768990242966,1,0.714,-0.00020919397038223,0.11312555870514,0.4345,0.497,0.406564746686884,0.406355552716502,0.456474098107027,0.0499093514201436,0.503
"Strong qualitative HTE",2000,291,9.41815994828347e-09,8.44937799211237e-10,1,0.035366162811464,0.0100555488839255,0.0646893091491101,0,0.54813611965521,0.142,0.96413961038961,0.954800482503435,0.0383078690528567,0.0383078690528567,1,0.696,-0.00242319610448135,0.113040061222007,0.427,0.505,0.405533521562289,0.403110325457808,0.454442257205554,0.048908735643265,0.495
"Strong qualitative HTE",2000,292,3.26902237673569e-11,8.33588857839292e-11,1,0.0402400441807194,0.0424275819898073,0.0603411789274771,0,0.456864005204469,0.168,0.995975855130785,0.994901630526851,0.0458830342067207,0.0460357917981132,0,0.548,-0.00250225371248965,0.111194362281587,0.4145,0.513,0.404977636463413,0.402475382750923,0.452583645673706,0.0476060092102926,0.487
"Strong qualitative HTE",2000,293,3.36846635575946e-06,3.80101469017613e-06,1,0.0191015480414621,0.0620404538301484,-0.0130769249430371,0,0.719326124694349,0.02,0.988728328386772,0.985777531499914,0.0464917746445578,0.0472647998261036,1,0.59,-0.000756299968029638,0.114273611280682,0.433,0.5005,0.405834477781864,0.405078177813834,0.456164589959819,0.0503301121779558,0.4995
"Strong qualitative HTE",2000,294,2.18208939760085e-11,7.77940649995767e-12,1,0.0226212763822766,0.00161860732434981,0.0167712731486203,0,0.538695916468274,0.24,0.954805712815235,0.958965019829848,0.0373446860348361,0.0423539033566281,0,0.466,0.00186226178776769,0.112110629241686,0.446,0.4915,0.406891876247424,0.408754138035191,0.457377850556894,0.0486237125217023,0.5085
"Strong qualitative HTE",2000,295,5.16634453485983e-05,1.33013718740305e-05,1,0.00834143394661253,0.0144160971568877,0.0215413434592947,0,0.542002528944623,0.22,0.955426262626261,0.945715240402922,0.0271285163273728,0.0271285163273728,1,0.758,0.00225134071862597,0.113812764048223,0.4445,0.4945,0.407492905107384,0.40974424582601,0.459119567124203,0.049375321298194,0.5055
"Strong qualitative HTE",2000,296,1.72001995703633e-05,4.46678691739634e-06,1,0.016868973484115,-0.0116424814374536,0.0435334179811611,0,0.566786743582074,0.224,0.912838846160153,0.878489193605594,0.0433608083271266,0.0437359470407206,1,0.46,0.000437780702769336,0.113267371765895,0.4195,0.5115,0.407827781892381,0.40826556259515,0.457968134883858,0.0497025722887084,0.4885
"Strong qualitative HTE",2000,297,6.08757026184749e-08,5.28440216540697e-09,1,0.0106488124634812,-0.0269326524645,0.0363684128396712,0,0.606568504518066,0.048,0.976607145748006,0.974466280593984,0.0270459893916353,0.0270459893916353,1,0.812,-0.000612023086858244,0.113622942013285,0.4315,0.5045,0.406846479365117,0.406234456278258,0.456804864682182,0.0499583853170649,0.4955
"Strong qualitative HTE",2000,298,2.80698696913508e-15,1.55920833802176e-15,1,0.024089013202583,0.0349190945131921,0.0368701846029525,0,0.514494663350942,0.202,0.993945328437372,0.992039567268353,0.0441524990913406,0.0441524990913406,0,0.37,0.000920845277000431,0.114439466560693,0.442,0.498,0.406417134285854,0.407337979562855,0.45795598141344,0.0506180018505852,0.502
"Strong qualitative HTE",2000,299,1.94123061436147e-06,1.8083407417733e-06,1,0.0253926352165055,0.0219634889638313,0.0490121956499985,0,0.654190114937794,0.04,0.978478773584901,0.974813401893504,0.0353099856785287,0.0353099856785287,1,0.712,-0.00249790747199416,0.112920713570319,0.416,0.5075,0.405058189629846,0.402560282157851,0.453673636018412,0.0486154463885668,0.4925
"Strong qualitative HTE",2000,300,5.40675770825616e-05,8.43194598239563e-06,1,0.0136447552978546,0.0214415571500363,0.0243322751890073,0,0.507279814916516,0.1,0.98715213886763,0.984569204108685,0.0270440082134765,0.0270440082134765,0,0.172,-0.000601269161164792,0.114068043327708,0.438,0.506,0.406974581438697,0.406373312277532,0.457449974671342,0.0504753932326449,0.494
"Strong qualitative HTE",2000,301,1.79462420681331e-13,2.03619706032967e-14,1,0.05085496968121,0.020635505068896,0.0318440842801346,0,0.465708764533574,0.078,0.986077174109119,0.981594895021525,0.0447331550393303,0.0447331550393303,0,0.566,0.00023814868621076,0.112825925556549,0.436,0.4995,0.405806956154472,0.406045104840683,0.455798334266255,0.0497532294255719,0.5005
"Strong qualitative HTE",2000,302,9.47690490816451e-07,1.17269969348097e-07,1,0.0162238433871507,0.00329348838498657,0.0404846642507435,0,0.561180288891709,0.178,0.95974038649229,0.940311050276617,0.0461306832706476,0.0461306832706476,1,0.502,5.63949555527389e-05,0.114247739898347,0.4305,0.502,0.406245569524897,0.40630196448045,0.457071461909922,0.0507694974294722,0.498
"Strong qualitative HTE",2000,303,1.73104654789255e-08,1.68793868339165e-08,1,0.0426930127256789,0.0432398151973682,0.0464806041677973,0,0.478963161081422,0.172,0.97878277524602,0.973196886128925,0.0358786701631177,0.0358786701631177,0,0.292,0.00112560830836166,0.113108993500988,0.4375,0.492,0.406181275185033,0.407306883493395,0.456701621940681,0.0493947384472865,0.508
"Strong qualitative HTE",2000,304,8.48993641378755e-05,1.42241642797102e-05,1,0.00868733501101222,0.0382432001335092,0.0563841205325586,0,0.562377048953694,0.072,0.991614462585705,0.98982188928543,0.0440810866514212,0.0440810866514212,0,0.378,-0.00254075356570128,0.113280670229711,0.4235,0.5055,0.40671499372247,0.404174240156769,0.455657917038176,0.0489429233157063,0.4945
"Strong qualitative HTE",2000,305,3.16452331886232e-05,0.00054810295631974,1,0.00977498676141177,0.00520370001430224,0.0304760654972003,0,0.519431720812098,0.342,0.785389843801059,0.780923926260685,0.0152418416595269,0.0189879687849449,1,0.65,-0.00445965489779,0.112243507645446,0.418,0.521,0.405147341337255,0.400687686439465,0.452614692673647,0.0474673513363926,0.479
"Strong qualitative HTE",2000,306,0.00193227411811895,0.000440184927478132,1,0.0248041473531463,0.0130618404330176,0.0139216400950273,0,0.410571179216205,0.06,0.859747776188362,0.8391473244493,0.0170602901418188,0.0220903984635988,1,0.852,-0.00134916546918669,0.114593865596825,0.429,0.506,0.406465501990794,0.405116336521607,0.456699989909306,0.0502344879185128,0.494
"Strong qualitative HTE",2000,307,0.000104075298782564,1.46719908550502e-05,1,0.0317728456457554,0.00169375660294402,0.0098005784012925,0,0.540635158630619,0.204,0.937236892460772,0.931640820005611,0.0373367119439607,0.0373367119439607,0,0.286,-0.000846628679377715,0.114411265108902,0.4295,0.501,0.40544926063825,0.404602631958872,0.455767644563895,0.0503183839256453,0.499
"Strong qualitative HTE",2000,308,5.12428633558807e-06,5.28904267083593e-07,1,0.0304181143188002,0.0457491252996022,0.0408001730308743,0,0.502549006393543,0.04,0.898998015710326,0.926072689965197,0.0366641069812213,0.0366641069812213,0,0.322,-0.00409443741002238,0.112179919304852,0.4255,0.515,0.404973473126236,0.400879035716214,0.452468689523878,0.0474952163976419,0.485
"Strong qualitative HTE",2000,309,0.00817479429607515,0.00342078791752329,1,0.0270368185452536,0.030542365939547,0.03283887195376,0,0.490952365950795,0.138,0.961101284067083,0.954545493958621,0.0308828230729579,0.0308828230729579,1,0.236,0.00224612009777011,0.113998195340246,0.4355,0.49,0.407398844573332,0.409644964671102,0.458877817685911,0.0492328530148092,0.51
"Strong qualitative HTE",2000,310,2.49740592581952e-06,2.70095381596909e-06,1,0.0306289141238254,0.0521810400400515,0.043916775309468,0,0.45788285262781,0.348,0.916502463054187,0.820371183881466,0.02983533271699,0.02983533271699,0,0.336,0.000830956421917487,0.112177254439943,0.4325,0.509,0.407542868378235,0.408373824800153,0.457574146903938,0.0492003221037852,0.491
"Strong qualitative HTE",2000,311,4.89600331703792e-07,8.62652707769173e-08,1,0.0490970706218229,0.0624211333405405,0.0757737508725755,0,0.4538981812519,0.038,0.975755212141895,0.970901878981301,0.0442925968667665,0.0442925968667665,0,0.42,-0.00275651729192573,0.112093888883,0.4205,0.5125,0.405040395976242,0.402283878684316,0.453139080172346,0.0480986841961041,0.4875
"Strong qualitative HTE",2000,312,2.7093737451264e-11,8.05869953151914e-11,1,0.0263475559258271,0.0116208672087448,0.0580552770094924,0,0.564514464837694,0.06,0.956176080875498,0.946493656198791,0.0449991463430776,0.0459341610774608,1,0.6,0.00157243422375683,0.112626003184381,0.4435,0.4875,0.408147659129596,0.409720093353353,0.458666754370187,0.048946661016834,0.5125
"Strong qualitative HTE",2000,313,1.11615024217939e-05,4.44779735495198e-06,1,0.0172104771347135,0.0173187512314277,0.0108394354958292,0,0.547692786892526,0.09,0.984807282083015,0.980071030918057,0.0230168212555016,0.0230168212555016,0,0.166,0.000892741035525785,0.113792686920471,0.443,0.4925,0.40672430160258,0.407617042638106,0.45788419927149,0.0502671566333842,0.5075
"Strong qualitative HTE",2000,314,0.00146587631571471,0.000392313836491065,1,0.0216312781488411,0.0403521345549248,0.055832384729031,0,0.491639680048268,0.262,0.904687474822346,0.934277535924189,0.0438864167765312,0.0474721301627896,0,0.466,0.00208484135628749,0.113160812241973,0.4425,0.4935,0.408124493323678,0.410209334679966,0.459212396040454,0.0490030613604882,0.5065
"Strong qualitative HTE",2000,315,1.56575086523946e-07,3.73565253798024e-08,1,0.031461112110618,0.0537265856489373,0.0440181669294832,0,0.454960559522411,0.116,0.923395445134576,0.909011326600113,0.0215406206505737,0.0277453271916999,0,0.2,0.000649797091738302,0.112186689532969,0.4375,0.489,0.405881491565349,0.406531288657088,0.455646579885719,0.0491152912286317,0.511
"Strong qualitative HTE",2000,316,0.000726911502931702,0.000144318556391501,1,0.0262111898730864,0.0123116878319764,0.0212125492409041,0,0.533444822451772,0.186,0.959598644428202,0.947474853762424,0.0381674169890015,0.0381674169890015,0,0.352,6.82008456979511e-05,0.112870349980828,0.422,0.5075,0.407403996174512,0.40747219702021,0.457190566224312,0.049718369204102,0.4925
"Strong qualitative HTE",2000,317,5.07408909633241e-06,7.3206885833465e-07,1,0.0494021854387322,0.0853000455440272,0.115243723752735,0,0.446261132628358,0.09,0.942049276621765,0.945871766855931,0.0389181255134833,0.04646356972819,0,0.462,0.00261172541274575,0.114107015981424,0.44,0.5055,0.407070771560632,0.409682496973378,0.459217397613312,0.0495349006399335,0.4945
"Strong qualitative HTE",2000,318,0.00453669105389266,0.00107684110816538,1,0.00390607352865543,0.0110738098569706,0.0277490478254588,0,0.54052058738408,0.206,0.936043555978287,0.871254339821373,0.0434608361993341,0.0456360921261281,1,0.578,-0.00352871814527387,0.111014732470999,0.4145,0.51,0.404991269428757,0.401462551283483,0.452137623523301,0.0471463540945435,0.49
"Strong qualitative HTE",2000,319,2.22047584830451e-06,1.19915270897514e-06,1,0.0292909503876842,0.0137440910355967,0.0647013402955483,0,0.521478536882289,0.178,0.937287489011628,0.906952813903354,0.0345323289167201,0.0407847621812525,1,0.332,-0.00329023447852867,0.113724457195428,0.4215,0.515,0.405339989964233,0.402049755485705,0.454074604978672,0.0487346150144381,0.485
"Strong qualitative HTE",2000,320,3.24881525661857e-05,1.93766081588824e-05,1,0.0201251608207099,0.0173420101398322,0.0139309312990857,0,0.547576611538518,0.148,0.868135643127055,0.884026628461074,0.0371409050958448,0.0378436843965651,0,0.292,0.00484266005484303,0.111165164522083,0.441,0.486,0.407341611546594,0.412184271601437,0.45875033602732,0.0465660644258822,0.514
"Strong qualitative HTE",2000,321,1.56337657968757e-07,1.42191777118134e-08,1,0.0261297938150295,-0.00888747351961703,0.0270368483734426,0,0.517649885128292,0.208,0.944640985324945,0.94003074371615,0.0405034660553737,0.0405034660553737,0,0.384,5.69725812792482e-05,0.110648816798445,0.4345,0.4995,0.407275264371527,0.407332236952806,0.456081643315567,0.0487494063627611,0.5005
"Strong qualitative HTE",2000,322,2.94597099673349e-06,4.59984198767039e-07,1,0.00846683171183913,0.00954949315138609,0.0169109857445343,0,0.578315199294452,0.082,0.920452533835434,0.928941035043655,0.0363236050592887,0.043543881647421,0,0.63,0.00404870509333478,0.111723352101863,0.444,0.4915,0.40759121866042,0.411639923753755,0.458960085405097,0.047320161651342,0.5085
"Strong qualitative HTE",2000,323,2.68057799627926e-06,3.00252143228146e-06,1,0.0345167337796583,0.0421296199486542,0.0527924140895753,0,0.520266417100005,0.04,0.968947576396209,0.966687253276351,0.0426475896663987,0.0426475896663987,0,0.514,0.0010970244738227,0.113753706673375,0.4405,0.494,0.406668780804425,0.407765805278247,0.457636331125694,0.0498705258474464,0.506
"Strong qualitative HTE",2000,324,0.000268556730770158,4.83536320764344e-05,1,0.022324308258219,0.0353690254969792,0.0282450142763349,0,0.509184461041785,0.29,0.929335585585585,0.930709261666912,0.0247398318744525,0.0247398318744525,0,0.7,-0.00331342792645394,0.113733597733711,0.4175,0.509,0.405732154890385,0.402418726963931,0.454384443090395,0.0486522882000101,0.491
"Strong qualitative HTE",2000,325,0.00020834056395773,4.39291132351141e-05,1,0.0295858720142782,-0.00887616712833225,0.0950114252695576,0,0.513747547092287,0.264,0.974074675324675,0.958308371151636,0.0469544739358095,0.0469544739358095,1,0.538,0.00392369130203455,0.114594758058009,0.45,0.4855,0.407946717503294,0.411870408805328,0.460981595481158,0.0491111866758294,0.5145
"Strong qualitative HTE",2000,326,3.861209265005e-06,3.90669542566079e-07,1,0.0419093087437812,0.054303768663972,0.0798686476905763,0,0.457172579614793,0.176,0.979033207229929,0.972265586641978,0.0451426824134922,0.0451426824134922,0,0.424,-0.000537293497127953,0.113531150154845,0.429,0.502,0.405771997324335,0.405234703827207,0.455808466873855,0.0500364695495199,0.498
"Strong qualitative HTE",2000,327,0.000304022695264367,0.00010559924266592,1,-0.00399485617671969,0.0155458379955043,-0.00392466022256688,0,0.515608817912401,0.182,0.895184637159033,0.875173515241337,0.0371505509299407,0.0371505509299407,1,0.412,0.00198487514979108,0.112959132285727,0.4435,0.4945,0.407175999769617,0.409160874919408,0.458162727122004,0.049001852202596,0.5055
"Strong qualitative HTE",2000,328,3.95588669171527e-05,9.15177541427629e-06,1,0.00810475646764875,0.00619091762703789,-0.00337545561016778,0,0.530175611360257,0.244,0.932465602997223,0.906347650455941,0.0238269927879277,0.0245391818968273,1,0.792,-0.000700985945599609,0.113095940649992,0.433,0.498,0.406694164632776,0.405993178687177,0.456244474971324,0.0495503103385473,0.502
"Strong qualitative HTE",2000,329,3.91230215276638e-06,4.07444702824872e-07,1,0.0558544847577676,0.0433572328556919,0.0983343908542324,0,0.470084539339842,0.224,0.915682858119883,0.880454456939838,0.0341101423281939,0.0341101423281939,1,0.38,-0.00136412668091303,0.112527682224767,0.422,0.512,0.406065516843669,0.404701390162756,0.455135864454839,0.0490703476111701,0.488
"Strong qualitative HTE",2000,330,2.7734418852671e-05,3.52529525460088e-06,1,0.0240635062169166,-0.00774723322586897,0.0887954770698429,0,0.52705250894454,0.162,0.958610554873715,0.959132796324709,0.0433824006877103,0.0433824006877103,1,0.496,0.00541772714813175,0.113006420616392,0.4585,0.484,0.408382557338932,0.413800284487064,0.461200631854314,0.0474003473672499,0.516
"Strong qualitative HTE",2000,331,7.08805877011494e-08,1.44075300135732e-08,1,0.0192876089738164,0.026647695852376,-0.00800946187816126,0,0.632946501190295,0.058,0.890280242953218,0.869664404522272,0.0183574337482652,0.019177580092376,0,0.124,-0.00182451346134605,0.111786174224239,0.4195,0.5125,0.406107059090263,0.404282545628917,0.454569778039238,0.0484627189489749,0.4875
"Strong qualitative HTE",2000,332,6.04018221817629e-05,1.83541320067092e-05,1,0.0101486174449691,0.00255349888790366,0.0372692711701036,0,0.525524162718949,0.21,0.94417395336513,0.906330301017986,0.0407823866000827,0.0462815407230362,1,0.608,-0.0022333364758166,0.112997527658353,0.423,0.5105,0.406660449514911,0.404427113039094,0.455321518251309,0.0486610687363978,0.4895
"Strong qualitative HTE",2000,333,3.24609673976501e-08,1.01478849647945e-08,1,0.0432614510591988,0.0392891088096293,0.0714458293969753,0,0.490647035438733,0.382,0.8988013136289,0.829954698904116,0.0402916699008152,0.0402916699008152,0,0.69,0.00152713722962246,0.113766328138817,0.433,0.4915,0.407347833663113,0.408874970892736,0.458418665827077,0.0495436949343408,0.5085
"Strong qualitative HTE",2000,334,4.71509799925468e-06,1.51835955918584e-06,1,0.0467736319788728,0.0258688712456686,0.0440264609114143,0,0.51066547380958,0.282,0.947037388309289,0.866078011790503,0.0442776752555578,0.0442776752555578,0,0.522,-0.00169392763606075,0.113975125878662,0.434,0.4965,0.405765831129019,0.404071903492959,0.455618883908549,0.0498530527795298,0.5035
"Strong qualitative HTE",2000,335,2.44239995264747e-10,3.00083082965296e-11,1,0.0349875200260794,0.0447502204466929,0.0624647727529967,0,0.468474044563225,0.21,0.994137858038462,0.992776867378728,0.0378553701998633,0.0421654104801783,0,0.354,0.00208102699308536,0.113116150600179,0.4345,0.5035,0.406961392414911,0.409042419407997,0.458156933968129,0.049114514560132,0.4965
"Strong qualitative HTE",2000,336,4.77189630730523e-13,7.54609505686172e-14,1,0.0619927502400174,0.0374838432010825,0.0612369480687,0,0.436043706074583,0.146,0.950079030558483,0.927735535563538,0.0441746817121377,0.0441746817121377,0,0.58,-0.00195039129978466,0.113031458386313,0.425,0.5095,0.406426824785847,0.404476433486062,0.455585229516841,0.0491584047309948,0.4905
"Strong qualitative HTE",2000,337,0.0060029639768468,0.00299144931420165,1,0.0363522264681504,0.036973819444745,0.0602717653002943,0,0.543546985161379,0.05,0.864431818181818,0.841774097982036,0.0353586013380891,0.0353586013380891,1,0.694,0.00145579253175291,0.113833173956557,0.44,0.4915,0.406839313784053,0.408295106315806,0.458069637323932,0.0497745310081258,0.5085
"Strong qualitative HTE",2000,338,3.70226152034057e-08,4.45142385267084e-08,1,0.0332469814110661,0.0501449863134363,0.0342967315145058,0,0.492655310038445,0.352,0.945461386203401,0.931682782258914,0.0418059046476916,0.0437839949274578,1,0.636,-0.000143748826857128,0.111432584206956,0.43,0.4985,0.405256821398178,0.405113072571321,0.454235059959029,0.048978238560851,0.5015
"Strong qualitative HTE",2000,339,2.0284414492154e-07,2.12837892010258e-08,1,0.0220136634180903,0.0308340129111656,0.0387302983194568,0,0.482176825903569,0.226,0.940024479804162,0.919076407511854,0.039706124667623,0.0445813037902264,1,0.392,-0.00269293829249,0.111261147647797,0.4235,0.509,0.405681021546573,0.402988083254083,0.453277277424929,0.0475962558783568,0.491
"Strong qualitative HTE",2000,340,2.18290685356544e-09,3.9477872081153e-09,1,0.0283339806955977,0.0164425767072545,0.031787412519443,0,0.517219568747805,0.166,0.962544599549482,0.951624898646458,0.0348172875524434,0.0348172875524434,0,0.302,-0.00271544842532088,0.112725340936647,0.422,0.508,0.407024722120768,0.404309273695448,0.455578324219229,0.0485536020984602,0.492
"Strong qualitative HTE",2000,341,2.79688222923541e-09,2.37252222860408e-10,1,0.038839506309568,0.0173651756994008,0.070821869352261,0,0.515676969994183,0.388,0.902114240899288,0.87293743666596,0.0338327340468109,0.0375114052271753,1,0.736,-7.34124438369797e-05,0.113871898663377,0.432,0.5005,0.406302976458624,0.406229564014787,0.456766266790328,0.0504632903317034,0.4995
"Strong qualitative HTE",2000,342,4.10809729769521e-06,4.53277737986111e-07,1,0.00998307656814348,0.0192261439810191,-0.0134215333798426,0,0.530969390638967,0.1,0.976429068656815,0.965914203337828,0.0294917983931489,0.0294917983931489,1,0.79,-0.00361064566356898,0.112309985486555,0.4185,0.5165,0.406411773831342,0.402801128167773,0.454323744893041,0.0479119710616991,0.4835
"Strong qualitative HTE",2000,343,3.04025374825675e-08,6.62976974524731e-09,1,0.0237677291754634,0.0468918846807983,0.0796041232455047,0,0.477885413417827,0.242,0.970273582405936,0.957620964824367,0.0446272700968823,0.0446272700968823,0,0.562,-0.00150388016235038,0.113301131176496,0.4265,0.507,0.405324262111937,0.403820381949586,0.454695680984579,0.0493714188726425,0.493
"Strong qualitative HTE",2000,344,4.14703046349272e-05,7.78532153147598e-06,1,0.0349928542307325,0.0257025539772591,0.0317984619296596,0,0.612939873795738,0.032,0.923199947239121,0.906934817732194,0.0132944928994549,0.0191629254641603,1,0.876,-0.0033775801587611,0.112396428091889,0.4245,0.5075,0.40636661822666,0.402989038067899,0.454467762561952,0.048101144335292,0.4925
"Strong qualitative HTE",2000,345,0.011149265935796,0.00648954934909254,1,0.00514301112484475,0.0126097470131371,0.0199213011972984,0,0.525552814053538,0.138,0.728325569358178,0.60745272116996,0.0137850062670466,0.0174244944040813,0,0.252,0.000723736617760405,0.113203770759795,0.434,0.5115,0.40698458816268,0.40770832478044,0.457728749572431,0.0500204247919906,0.4885
"Strong qualitative HTE",2000,346,5.73515652768735e-08,7.68287711780585e-09,1,0.00594177778474519,-0.0116694396742648,0.00800201098085684,0,0.533567785325918,0.078,0.952475442365404,0.935803390295372,0.0288367938349197,0.0288367938349197,0,0.184,-0.00116771602945625,0.113792056964667,0.433,0.5015,0.40649955707145,0.405331841041994,0.456587288056067,0.0500877309846172,0.4985
"Strong qualitative HTE",2000,347,1.08154675033669e-05,3.17012027573014e-06,1,0.0169592651780011,0.0290731742595265,-0.000268771147212077,0,0.504459619583017,0.026,0.864645588329799,0.842345528699812,0.018012100730488,0.018012100730488,1,0.298,0.00186800772743238,0.1127570111994,0.4375,0.493,0.406799750533851,0.408667758261284,0.4577365290065,0.0490687707452166,0.507
"Strong qualitative HTE",2000,348,0.000205006743878844,3.72334010646253e-05,1,0.0243369932407509,0.0458075792009046,0.0566713467014899,0,0.503465818954487,0.316,0.961285704990566,0.932498358440779,0.0457815143214247,0.0457815143214247,0,0.586,-0.00107816015312904,0.114288149006664,0.4265,0.513,0.408067795847343,0.406989635694214,0.458127663762401,0.0500598679150575,0.487
"Strong qualitative HTE",2000,349,9.41180271773423e-12,1.30281345110045e-12,1,0.0478534842405064,0.103078360770764,-0.0190554257532119,0,0.598032512965373,0.032,0.987135353535353,0.985934963416036,0.032104035873004,0.032104035873004,1,0.274,-0.000244292150858158,0.110299766538138,0.43,0.4935,0.406464725166444,0.406220433015586,0.454722422624736,0.0482576974582913,0.5065
"Strong qualitative HTE",2000,350,0.000144147150678903,2.40789839186889e-05,1,0.0140516975465994,-0.00123404693579397,0.0228865547360151,0,0.579966586653366,0.078,0.94309750927398,0.931005139291608,0.0420754346133576,0.0488204233574076,1,0.554,-0.00444990358535239,0.113747660031037,0.421,0.5095,0.405074491174087,0.400624587588735,0.453334314826892,0.048259823652805,0.4905
"Strong qualitative HTE",2000,351,6.89599217342524e-09,6.33101557229364e-10,1,0.0394588542237321,0.0532913805376191,0.0309725725253217,0,0.492702378499456,0.068,0.911529083942878,0.862167956122694,0.0183028175474952,0.0183028175474952,0,0.134,-0.00574373705664667,0.113002144922497,0.4085,0.519,0.404312791230275,0.398569054173628,0.451416524117668,0.0471037328873933,0.481
"Strong qualitative HTE",2000,352,2.48346928882659e-09,6.39831052733517e-10,1,0.0216640115852103,0.0130523045473323,0.0282555392487047,0,0.690156903153428,0.016,0.951006493506494,0.948947327810548,0.0405867854290717,0.0441462695363725,0,0.416,0.00182062967198694,0.114656130401428,0.442,0.492,0.407143781619868,0.408964411291855,0.458867235656389,0.0499028243645338,0.508
"Strong qualitative HTE",2000,353,4.29526591857765e-09,3.73168014535308e-10,1,0.0458830227618183,0.0605594244301638,0.0988589533117612,0,0.470567735501974,0.366,0.753823755541379,0.616356380241133,0.042354280447245,0.0447167837065616,0,0.636,0.00164432728542906,0.113700592917112,0.4315,0.4985,0.406659005266152,0.408303332551581,0.457729857595157,0.0494265250435765,0.5015
"Strong qualitative HTE",2000,354,6.57431500692399e-05,9.42883041501189e-06,1,0.0186479309580266,0.0347693933839223,0.00952817759081825,0,0.656426340912051,0.03,0.961620155545389,0.938534612688652,0.0179771689679691,0.0182207650409948,1,0.862,0.000643249761995356,0.113647356988716,0.4355,0.506,0.407397763859689,0.408041013621684,0.45806472041973,0.050023706798046,0.494
"Strong qualitative HTE",2000,355,2.8311252739675e-09,1.96615589433756e-09,1,0.0299634306036826,-0.0116000512089882,0.0559739473934207,0,0.526964151802229,0.16,0.962896089530874,0.95557317184812,0.0310263072862978,0.0310263072862978,1,0.74,-0.000276608360543032,0.111560110311527,0.4285,0.503,0.406590455260777,0.406313846900234,0.455589943477985,0.0489994882172078,0.497
"Strong qualitative HTE",2000,356,5.3756059064181e-10,4.41594105692017e-11,1,0.0188068683297773,0.0186917422257733,0.0245538883485369,0,0.568907584573621,0.094,0.985950852121855,0.986318059277454,0.0394664730664624,0.0394664730664624,1,0.546,0.00139774097480016,0.113198490299839,0.436,0.4975,0.40720661137181,0.40860435234661,0.458237869475123,0.0496335171285132,0.5025
"Strong qualitative HTE",2000,357,0.00248907521389233,0.000564299238893836,1,0.0090702933236553,0.0135108996248383,0.00811236209549937,0,0.536581765790402,0.476,0.746411483253588,0.724136700918155,0.0127599753463721,0.0127599753463721,0,0.078,-0.0017202800565956,0.11348608981058,0.428,0.5055,0.405134110875872,0.403413830819277,0.45451136921559,0.0493772583397176,0.4945
"Strong qualitative HTE",2000,358,2.31213247346754e-10,2.066655392812e-11,1,0.0275404425022107,0.0417187789494393,0.0354654090550348,0,0.520064496435776,0.16,0.95720322327044,0.940574642911656,0.0288659056099547,0.03320193314538,1,0.756,-0.00108574099362856,0.113408691211632,0.4295,0.504,0.405868396659373,0.404782655665744,0.4556298318427,0.0497614351833277,0.496
"Strong qualitative HTE",2000,359,2.78560718191343e-06,2.96927372928496e-07,1,0.0205892012353678,0.0415966290026097,0.042815445123279,0,0.498787148558761,0.108,0.920005136106831,0.865389852604453,0.0331152688523782,0.0345414733238474,0,0.346,0.00110777548488565,0.113394890036218,0.448,0.492,0.407344728371932,0.408452503856817,0.458377993735375,0.0499254898785575,0.508
"Strong qualitative HTE",2000,360,2.94688452508866e-11,1.84302704203139e-12,1,0.0525835061187786,0.0749864108062592,0.0475845413529453,0,0.449344096581218,0.226,0.97156451431419,0.971220351157243,0.038460188322622,0.038460188322622,1,0.716,-0.000396321413587464,0.11311857071805,0.439,0.5,0.406676901766342,0.406280580352754,0.456466199982812,0.0497892982164708,0.5
"Strong qualitative HTE",2000,361,0.00321615925331776,0.00112620295119743,1,0.0175343960013914,0.0077539869930064,-0.00223499446549075,0,0.560418161341503,0.422,0.930129024946982,0.899619185946755,0.00384804766021923,0.00587502247593524,0,0.038,-0.00324880644000731,0.11034601642966,0.419,0.502,0.404945731630223,0.401696925190215,0.451745367505885,0.0467996358756622,0.498
"Strong qualitative HTE",2000,362,0.00027396044911408,0.000123883643431327,1,0.0192457554617957,-0.0183733826074777,-0.0062359596849556,0,0.582287244696217,0.108,0.948042611594014,0.941595190863113,0.0282235006118142,0.0282235006118142,0,0.218,0.000412360366164778,0.112988054152779,0.432,0.4965,0.406873677456078,0.407286037822243,0.457089046468914,0.0498030086466703,0.5035
"Strong qualitative HTE",2000,363,6.0019278428072e-10,1.96176987166735e-10,1,0.0413531477638244,0.0501096238658284,0.0541049654835636,0,0.490789840070307,0.242,0.765516115871073,0.6365045200029,0.0292918393480633,0.030661656632326,0,0.428,0.00421184329312894,0.11391479225389,0.4455,0.492,0.408146551011989,0.412358394305118,0.460705969722584,0.0483475754174661,0.508
"Strong qualitative HTE",2000,364,5.59503965121173e-07,2.6910172621202e-07,1,0.0406567037843637,0.0571895444392257,0.067796400590375,0,0.44958276532803,0.184,0.955746753246754,0.95137653372918,0.038380184506792,0.039843694008679,0,0.298,0.00217957258116969,0.112352198670599,0.4405,0.487,0.407030455552915,0.409210028134085,0.457507115344601,0.0482970872105159,0.513
"Strong qualitative HTE",2000,365,1.01009502632451e-07,1.10826715733869e-08,1,0.0425007100667214,0.0493224342166051,0.0457653878924986,0,0.481687601164879,0.224,0.973642730626109,0.965666705305011,0.0438787558677886,0.0438787558677886,1,0.388,0.00369816154193613,0.114200682099221,0.4435,0.4855,0.407537060867292,0.411235222409228,0.460075192683546,0.0488399702743184,0.5145
"Strong qualitative HTE",2000,366,1.08417668469822e-05,2.45832177859978e-06,1,0.0225810536918348,-0.00832540240501341,-0.000656019544681641,0,0.604681651056052,0.05,0.979982006297796,0.978921978492811,0.00690988912084234,0.0107109507261408,0,0.098,-0.000965607355939775,0.112810188246595,0.4335,0.5075,0.405922095810005,0.404956488454066,0.455465790228169,0.0495436944181635,0.4925
"Strong qualitative HTE",2000,367,0.0211476986187045,0.00675089473936239,1,0.02176622081135,0.0490255419578774,0.0481825434186248,0,0.514522918218176,0.4,0.867280808080808,0.839698320349117,0.0341952717910585,0.0413647356786997,0,0.734,0.00393840698036968,0.114161948780803,0.451,0.4865,0.40818745554676,0.412125862527129,0.460802505102767,0.0486766425756374,0.5135
"Strong qualitative HTE",2000,368,0.000119773716860713,0.000121000705436353,1,0.0135911414497226,-0.000848641694301984,0.000846605137427181,0,0.585160612396991,0.052,0.993134220231823,0.990685837465361,0.0131535940711493,0.0131535940711493,0,0.098,-0.0014543743377742,0.112946327595026,0.4295,0.505,0.406044552411947,0.404590178074173,0.455236492514674,0.0491919401027271,0.495
"Strong qualitative HTE",2000,369,3.40480454838241e-06,3.81111205508681e-07,1,0.0216298039945616,0.0124534326199266,-0.00976403709048462,0,0.628155021480726,0.062,0.878392857142857,0.767979420234666,0.022805459185947,0.022805459185947,0,0.268,-0.0027376741196029,0.114308819507426,0.4295,0.5125,0.405762729881953,0.40302505576235,0.4552103776925,0.0494476478105463,0.4875
"Strong qualitative HTE",2000,370,5.5612984610425e-09,8.19168760988798e-10,1,0.0442127711677709,0.0521498347230341,0.0427750630072625,0,0.489649637946071,0.264,0.956226820222526,0.947240830600176,0.0308317832505807,0.0347139113490357,1,0.744,-0.00276352169048232,0.11208104768941,0.4265,0.5025,0.406244233158297,0.403480711467815,0.454413172934089,0.0481689397757915,0.4975
"Strong qualitative HTE",2000,371,0.000717185889165028,0.000141972824886837,1,0.0171194215873599,0.0116998573263669,0.0236228149562936,0,0.531578622167075,0.432,0.749983621593292,0.548976005150389,0.0227946772027608,0.0227946772027608,1,0.85,0.0019673415730141,0.112407686289079,0.4355,0.5005,0.406925453859574,0.408892795432588,0.457805758102108,0.0489129626695203,0.4995
"Strong qualitative HTE",2000,372,6.98146805788221e-15,2.1117369943998e-15,1,0.0474954978167721,0.0846520961328608,0.0701686383814039,0,0.409686724396272,0.114,0.97256157635468,0.970665170086894,0.0286805996161196,0.0286805996161196,0,0.192,-0.00381026739470445,0.111684216781402,0.419,0.509,0.405594887797338,0.401784620402634,0.452981988981161,0.0473871011838231,0.491
"Strong qualitative HTE",2000,373,1.52542746948747e-06,2.00816499206124e-07,1,0.0376569622287116,0.0478316394969134,0.0521014207788276,0,0.466765534569755,0.188,0.871652680309502,0.771187267419459,0.031878991084478,0.033099202311941,1,0.322,0.00104060684808501,0.113624386739823,0.4385,0.4945,0.406689425448817,0.407730032296902,0.457635093439581,0.0499050611426786,0.5055
"Strong qualitative HTE",2000,374,3.24796974819803e-05,0.000819836721123244,1,0.0125731027393455,0.0266246115864066,0.0336825528085326,0,0.562377048953694,0.072,0.84051717119083,0.829126364082015,0.0294186980544711,0.0301139046135888,0,0.466,0.000100945790724396,0.114226060281868,0.4365,0.504,0.405782242575864,0.405883188366589,0.456622046809524,0.0507388584429353,0.496
"Strong qualitative HTE",2000,375,1.22008524001294e-08,8.91134338305857e-10,1,0.0380743526366632,0.0110758939706346,0.0864685582414323,0,0.556868116650055,0.104,0.888436363636364,0.904576911176111,0.0368459568156946,0.0368459568156946,1,0.418,0.00306212224119,0.112902567173735,0.4495,0.492,0.407153224462693,0.410215346703883,0.45878574930613,0.0485704026022472,0.508
"Strong qualitative HTE",2000,376,1.79975659955074e-07,1.87762416220696e-06,1,0.0235318851592003,-0.00994083991912145,0.0775835834487927,0,0.549392199618138,0.162,0.962513259893922,0.959118979013079,0.0419834976016523,0.0419834976016523,1,0.314,0.000330612938373006,0.113485492865677,0.4365,0.493,0.407082727077354,0.407413340015727,0.457381448719143,0.0499681087034164,0.507
"Strong qualitative HTE",2000,377,1.60166627133403e-09,1.06689095280521e-10,1,0.0284175853004329,0.0206975451144208,0.0414186918181917,0,0.504406353564566,0.122,0.979097802838808,0.978644619679239,0.0437959502537708,0.0437959502537708,1,0.64,0.00212245394102481,0.113473498365073,0.4425,0.495,0.407437764013156,0.409560217954181,0.458912181569233,0.0493519636150521,0.505
"Strong qualitative HTE",2000,378,5.66898057512947e-11,6.39781656334523e-12,1,0.033219663293824,0.0330497390726233,0.052731615679412,0,0.501263227596441,0.334,0.982547387887194,0.974030696264905,0.037483607426579,0.037483607426579,0,0.612,-0.00324948267874873,0.113530588062224,0.427,0.514,0.405023054118281,0.401773571439532,0.453881099515647,0.0488580453973659,0.486
"Strong qualitative HTE",2000,379,1.51284060113152e-06,2.83960824678472e-07,1,0.0110182761470425,0.000475784753220698,0.0408320846781569,0,0.550256103321401,0.154,0.967441091360066,0.949198383367026,0.0471468633994816,0.0515840744230773,1,0.472,0.000485198106284493,0.114342052305624,0.4325,0.5085,0.406067400622647,0.406552598728932,0.456956997946068,0.0504043992171361,0.4915
"Strong qualitative HTE",2000,380,1.84759559935125e-10,1.1864331338323e-11,1,0.0502874671929043,0.0734791542918835,0.0650871377855451,0,0.393390070981864,0.076,0.993756624271332,0.993805846634714,0.0257698452537576,0.0257698452537576,0,0.166,0.000521870822027766,0.113312815456428,0.4425,0.4975,0.406768854668589,0.407290725490617,0.457432529500309,0.0501418040096928,0.5025
"Strong qualitative HTE",2000,381,0.0110745518028208,0.00998720979857775,1,0.00426253027399271,-0.0101956721950908,0.00924643166985334,0,0.552601164856658,0.47,0.812367023504382,0.775410084693181,0.00544501984411272,0.0121499715154109,1,0.928,-0.00201432810905382,0.113823892851017,0.417,0.511,0.406920749808455,0.404906421699401,0.456216371671684,0.0492956218632293,0.489
"Strong qualitative HTE",2000,382,1.64512580937291e-05,5.25178455455041e-06,1,0.011041950085857,0.0254776379358198,0.0255834842657842,0,0.497826861958995,0.334,0.931883986847918,0.902924379547016,0.0408627910883618,0.0408627910883618,1,0.608,0.00230450974992642,0.112594540455772,0.4425,0.4845,0.406828496926628,0.409133006676554,0.457787650883279,0.0486546442067246,0.5155
"Strong qualitative HTE",2000,383,1.18869832245273e-08,1.11963951777701e-09,1,0.0341430969066477,0.0426299231910336,0.00885759172468592,0,0.520831731444484,0.084,0.984649974120083,0.976979372686965,0.0135517048622848,0.0135517048622848,1,0.146,-0.00116729750649038,0.113107235554261,0.4285,0.505,0.40653104025899,0.4053637427525,0.455988007865886,0.0494569676068963,0.495
"Strong qualitative HTE",2000,384,4.72065513228893e-06,0.000152993212437349,1,0.0132355930401387,0.0207577665446867,0.0165585742846455,0,0.525943485450027,0.26,0.903951515151515,0.869503447934027,0.0408186581848719,0.0442671541863672,0,0.494,-0.00441204198424157,0.113170324619135,0.4195,0.5205,0.405221329822281,0.400809287838039,0.453500026368289,0.0482786965460089,0.4795
"Strong qualitative HTE",2000,385,0.000336795443275644,7.08537860663996e-05,1,0.0229323632601914,-0.00568696662766788,0.00821470332704566,0,0.536825664071496,0.352,0.794130637483438,0.635549174250929,0.0245547015563773,0.0245547015563773,0,0.694,-0.00451769857932947,0.112017567276311,0.4185,0.5225,0.405577169555687,0.401059470976357,0.453046813046882,0.0474696434911956,0.4775
"Strong qualitative HTE",2000,386,1.27899629985539e-08,2.73353614998881e-08,1,0.0292687727614007,0.014454748057352,0.0405463071146391,0,0.529915681099795,0.146,0.955400797735461,0.949116884320502,0.0244502692972853,0.0244502692972853,1,0.844,-0.000397419351407018,0.112951131060441,0.4385,0.499,0.406160129441757,0.40576271009035,0.456222288675159,0.050062159233402,0.501
"Strong qualitative HTE",2000,387,3.33515266554177e-05,5.19317125273889e-06,1,0.0173906857254717,-0.0211173700154816,-0.00979115291206106,0,0.555937338607824,0.374,0.935666376949443,0.900998556138053,0.030548224182652,0.030548224182652,0,0.3,-0.000892446729165423,0.112027607056759,0.43,0.5045,0.406566694271057,0.405674247541892,0.455546338544575,0.0489796442735179,0.4955
"Strong qualitative HTE",2000,388,8.11651553166857e-06,8.66462905583547e-07,1,0.0322013746427486,0.0533981740154872,0.034740214915156,0,0.498787148558761,0.108,0.983231933521294,0.976245379137395,0.0423176061271001,0.0513457169910111,1,0.54,0.00227524485273141,0.113188923021964,0.441,0.492,0.40714316400075,0.409418408853481,0.458487685362434,0.049069276508953,0.508
"Strong qualitative HTE",2000,389,8.14754810557978e-07,4.09860541268223e-07,1,0.0455513041995906,0.0649992335767806,0.0485805166900001,0,0.484837317049219,0.386,0.959837865770944,0.94722274477154,0.0371558890150729,0.0373846275786601,1,0.69,-0.00152955312679489,0.113562389300361,0.4315,0.5055,0.406776289375511,0.405246736248716,0.45648024122388,0.0497039518483689,0.4945
"Strong qualitative HTE",2000,390,3.37448697055114e-10,3.53454894464852e-11,1,0.0374100912676829,0.0346249437848508,0.0603926213297361,0,0.475917156343042,0.174,0.950937128527463,0.955395424171822,0.0455535564020719,0.0455535564020719,0,0.462,0.000295368108482732,0.114220194628418,0.446,0.488,0.406605337881608,0.406900705990091,0.457602562768273,0.0507018567781821,0.512
"Strong qualitative HTE",2000,391,7.76471617420464e-11,3.73921007821791e-11,1,0.0552465246063167,0.0677690228450596,0.0871375549533217,0,0.452417306187922,0.12,0.90516146662166,0.847984681196312,0.0299924109841808,0.0365053115150224,0,0.346,0.000685573562341906,0.113778517779228,0.437,0.4975,0.405002398174571,0.405687971736913,0.455741946402843,0.05005397466593,0.5025
"Strong qualitative HTE",2000,392,1.04392592357838e-06,1.35034847328837e-05,1,0.0177046792730684,0.00258911918225284,0.0197254168737481,0,0.536817387196326,0.06,0.726108374384236,0.737650116980273,0.0221596147108212,0.0221596147108212,0,0.4,0.00182731633349967,0.113238463398087,0.436,0.4905,0.407604532256763,0.409431848590263,0.458536070972035,0.0491042223817723,0.5095
"Strong qualitative HTE",2000,393,5.1074972127107e-06,7.9694466406375e-07,1,0.0187875345246834,0.0446614069332108,0.00587436400979197,0,0.492805708809334,0.27,0.964446400625978,0.960178849755396,0.0454223549729232,0.0454223549729232,1,0.482,0.00453265643102575,0.114213979427323,0.4515,0.48,0.408417019201561,0.412949675632587,0.461273827337197,0.0483241517046102,0.52
"Strong qualitative HTE",2000,394,1.35978886761802e-11,1.84569755441013e-12,1,0.0381662973631842,0.0389214003046795,0.0790860628663314,0,0.563465631401672,0.066,0.975974025974026,0.964301513079725,0.0487856673729852,0.0487856673729852,1,0.516,0.00383298549119138,0.115145697608661,0.447,0.4905,0.407732529360245,0.411565514851437,0.460695815744799,0.0491303008933626,0.5095
"Strong qualitative HTE",2000,395,0.00359375777604895,0.00220321006860874,1,0.00737414115224045,-0.0271968810040435,-0.016397051145269,0,0.572630234637597,0.214,0.846245708314674,0.759105830383165,0.028079115480624,0.028079115480624,0,0.444,-0.00253243137833049,0.111768390781131,0.4175,0.5195,0.406487958661833,0.403955527283503,0.454391278259829,0.0479033195979953,0.4805
"Strong qualitative HTE",2000,396,7.3672068447233e-05,0.00089917413967368,1,0.0102627371424317,0.00622923139488286,0.0228772708518485,0,0.555121182434039,0.342,0.980415783047364,0.980473016205839,0.0461926918204392,0.0497355758767744,0,0.452,0.00176206943352625,0.11437628948824,0.447,0.4955,0.406976613128943,0.40873868256247,0.458653812064979,0.0499151295025092,0.5045
"Strong qualitative HTE",2000,397,5.05155073723751e-05,1.33148850669625e-05,1,0.0160721377658474,0.0187719534224554,0.0444544165321071,0,0.50643324562371,0.228,0.929970064288169,0.851622760301254,0.0436869893247791,0.0442688187370021,0,0.414,0.00187640774311463,0.112589690671469,0.4305,0.493,0.407189024763532,0.409065432506647,0.457649779883357,0.0485843473767101,0.507
"Strong qualitative HTE",2000,398,3.79329651567572e-06,1.72306400547868e-06,1,0.0226149783316951,0.0178095590925019,0.0203950416231421,0,0.539419733504811,0.226,0.921451109367436,0.891927564705572,0.0342972499706593,0.0342972499706593,0,0.438,0.000422600414825288,0.113677939402476,0.4435,0.4895,0.406150294437507,0.406572894852333,0.456967744925168,0.0503948500728358,0.5105
"Strong qualitative HTE",2000,399,7.36897581007616e-05,1.17576512522653e-05,1,0.0299619433321062,0.00216307699224301,0.0169818348616447,0,0.533788864863986,0.434,0.83605214884696,0.770603134072443,0.011059754621876,0.011059754621876,0,0.084,-0.00355478512065415,0.112385769873917,0.426,0.508,0.404993714109718,0.401438928989064,0.45301894899168,0.0480252348819616,0.492
"Strong qualitative HTE",2000,400,6.46020749770288e-06,2.26723919212121e-06,1,0.00645598214880935,-0.044542094885787,-0.0409954300800419,0,0.576748030544581,0.156,0.945512185456706,0.932385210059549,0.0416913422308576,0.0416913422308576,0,0.416,-0.00137704342807891,0.113658514202613,0.4325,0.5055,0.404877622829071,0.403500579400992,0.454803507674036,0.0499258848449652,0.4945
"Strong qualitative HTE",2000,401,3.4238808318464e-05,4.74931654885011e-06,1,0.0301160158460526,0.0423035541314461,0.0229854126432992,0,0.519764416918834,0.198,0.932740133066339,0.949499305484192,0.0421300681397043,0.0467220914208232,0,0.366,0.00202763159109624,0.112588314276533,0.4425,0.492,0.407327785727047,0.409355417318144,0.458145758240434,0.0487903409222905,0.508
"Strong qualitative HTE",2000,402,1.65202523625684e-06,1.59790151003565e-07,1,0.028002979964834,0.0284949011684075,0.047307970228,0,0.527943572825343,0.046,0.977680808080807,0.971887744015311,0.042255883061971,0.0432934260077733,0,0.54,0.00429459349149337,0.112068208447475,0.451,0.485,0.4072914048577,0.411585998349194,0.459201795042356,0.0476157966931622,0.515
"Strong qualitative HTE",2000,403,1.66949782482783e-07,1.91068450815695e-08,1,0.0415257570980758,0.0366349684468369,0.0369639943580796,0,0.517174954073715,0.4,0.954092414183264,0.936624979621951,0.011601592499407,0.0202829363647482,1,0.866,-0.00406839118390579,0.113237718150137,0.409,0.5265,0.40611238345058,0.402043992266674,0.454150012406431,0.0480376289558511,0.4735
"Strong qualitative HTE",2000,404,1.36827861496328e-05,2.60211364737231e-06,1,0.0178914697543913,0.0374206317426001,0.0246510348486169,0,0.504537208993306,0.07,0.997889777690534,0.997236721575422,0.0492251309029101,0.0492251309029101,0,0.462,0.00216767834612695,0.11290226369722,0.4475,0.495,0.407004476732164,0.409172155078291,0.458295068269292,0.0491229131910005,0.505
"Strong qualitative HTE",2000,405,8.23624694376916e-06,1.26967976819983e-06,1,0.034693812446651,0.0266850073913082,0.0228807958142759,0,0.459076837796305,0.05,0.94389210400488,0.926934528471017,0.0118937518290735,0.0118937518290735,0,0.074,-0.00472812161531865,0.112512517917284,0.4195,0.513,0.40578761408967,0.401059492474351,0.453297162309832,0.0475095482201624,0.487
"Strong qualitative HTE",2000,406,5.54091490299147e-09,4.91370788487331e-10,1,0.0372428288446417,0.0343068461371927,0.0359826727207572,0,0.51315445049585,0.138,0.976650000000001,0.959897151141379,0.0231654252723497,0.030899412314626,1,0.758,-0.00148209500318271,0.11182122914927,0.4215,0.5095,0.405360778548891,0.403878683545708,0.454147532947513,0.0487867543986225,0.4905
"Strong qualitative HTE",2000,407,2.10155837228358e-08,5.02579983490802e-09,1,0.0227203147086824,-0.0275110016766886,0.0124748923700168,0,0.589359626434395,0.082,0.917026991614254,0.913260625062218,0.0109332885516912,0.0152214096528048,1,0.898,-0.00194604105974631,0.113574236037814,0.4295,0.5045,0.406827673974971,0.404881632915225,0.456354283646685,0.0495266096717141,0.4955
"Strong qualitative HTE",2000,408,6.07562399331829e-09,2.12745886720832e-09,1,0.0309152743304924,0.0127576823012424,0.0537913496627692,0,0.520831731444484,0.084,0.998336670757703,0.997981067341139,0.0461588542052818,0.0461588542052818,1,0.61,0.0017003511154637,0.115619296528704,0.438,0.4955,0.40891227665825,0.410612627773713,0.461110696387874,0.0504980686141602,0.5045
"Strong qualitative HTE",2000,409,0.00100745862839858,0.00092811866167994,1,0.00562828019875066,-0.00211408339310263,-0.000640177746470072,0,0.62074243464415,0.096,0.937204917900706,0.924030541329887,0.0230343926911086,0.0230343926911086,1,0.21,0.00263917806990807,0.113757930683744,0.451,0.485,0.407973278547291,0.4106124566172,0.459651248523249,0.0490387919060493,0.515
"Strong qualitative HTE",2000,410,3.19144175625666e-11,2.2653002650379e-11,1,0.0213421044493524,0.0101852052722581,0.0291408639736044,0,0.630209888579454,0.03,0.907392060319473,0.891763611810968,0.0366012989844455,0.0366012989844455,0,0.454,-0.000527744230811743,0.113459539204876,0.4335,0.504,0.406415488215461,0.405887743984649,0.456470510940845,0.0500550227253845,0.496
"Strong qualitative HTE",2000,411,3.00628346415469e-07,4.02787849844291e-08,1,0.0391146724700703,0.00524641480470763,0.0586407894464428,0,0.512408315292337,0.068,0.777077175697865,0.669730365109124,0.0258798736521064,0.0276209599280529,1,0.798,-0.00470408272558539,0.111440157926485,0.4125,0.516,0.404792727796916,0.400088645071331,0.451646046100888,0.0468533183039721,0.484
"Strong qualitative HTE",2000,412,2.23695711158772e-06,4.78931376045911e-07,1,0.0322881952134532,0.00611101098132239,0.0583870482530274,0,0.531412377320812,0.344,0.95531473677169,0.930621918009195,0.0283824532176706,0.0366160377049483,1,0.742,-0.00205546619938164,0.11325513389041,0.4265,0.503,0.405524636005674,0.403469169806293,0.454686655576456,0.0491620195707814,0.497
"Strong qualitative HTE",2000,413,5.15804399917797e-05,7.28882722400965e-06,1,0.0430087846275687,0.04645693404188,0.0549324572157617,0,0.496758014127981,0.322,0.848754564423578,0.744873558515224,0.0353468074089335,0.0385039481930396,1,0.584,-0.000211980945843247,0.113304664146868,0.4295,0.506,0.407151805625237,0.406939824679394,0.457255676296971,0.0501038706717332,0.494
"Strong qualitative HTE",2000,414,1.71902696855847e-05,4.3270648956962e-06,1,0.0300992668203662,0.0407346119179067,0.0437964636752421,0,0.49949272168161,0.198,0.987726891027712,0.985875272350898,0.0457881927717508,0.0457881927717508,1,0.49,0.00241289594192812,0.113030678825113,0.441,0.502,0.407563422440909,0.409976318382837,0.459026809683433,0.0490504913005961,0.498
"Strong qualitative HTE",2000,415,2.48583626635013e-06,5.53581053369606e-07,1,0.024595455217823,0.073029099656685,0.0863953947315872,0,0.459570582783467,0.278,0.961718199859164,0.965944204772727,0.038154367394667,0.0487809505444826,0,0.468,0.000423650957686801,0.112286704728383,0.445,0.4925,0.406058131225492,0.406481782183179,0.455977785012936,0.0494960028297579,0.5075
"Strong qualitative HTE",2000,416,2.46286675959707e-07,4.72635735953953e-08,1,0.0445416365197129,0.0269406401854599,0.0804068486705076,0,0.480555959019444,0.166,0.967001223990207,0.965208357607152,0.0405460291774152,0.0405460291774152,1,0.496,-0.000949840661308062,0.110710400946705,0.4265,0.4885,0.406371396349501,0.405421555688193,0.454576355303347,0.0482049589538466,0.5115
"Strong qualitative HTE",2000,417,0.00150003845304725,0.00153112081499681,1,0.00786859831486495,0.0457132302251695,-0.013766340433153,0,0.504286668205207,0.302,0.927884383781613,0.933140493536209,0.0225187869659503,0.0225187869659503,1,0.714,0.00551670697670274,0.112327295441665,0.456,0.478,0.408937514352487,0.41445422132919,0.461469862593557,0.0470156412643671,0.522
"Strong qualitative HTE",2000,418,4.11434363795287e-09,3.73965488735015e-10,1,0.0234176229624883,0.0236228422403097,0.0221300242411734,0,0.519121259747962,0.238,0.980067479035637,0.978546958051071,0.0334276404400371,0.0334276404400371,1,0.768,0.00106470299879679,0.114019261082141,0.434,0.4985,0.407403546124314,0.408468249123111,0.458316372849885,0.0498481237267747,0.5015
"Strong qualitative HTE",2000,419,1.93962584538384e-05,1.06592780043685e-05,1,0.00777665622241108,-0.0270294391351907,-0.0106508357587365,0,0.641634402228574,0.042,0.659630089536631,0.596565795667758,0.00905989492033998,0.00905989492033998,0,0.128,-0.00269297708035032,0.110600849880681,0.424,0.501,0.405379113394439,0.402686136314089,0.45277885355285,0.0473997401584108,0.499
"Strong qualitative HTE",2000,420,8.13656021250574e-10,1.83136127524569e-10,1,0.0269047406528642,0.0409901643794057,0.0394820663647614,0,0.473624928353264,0.226,0.936125551419341,0.857966008644228,0.0433441825492034,0.0433441825492034,1,0.498,-0.00156965999348088,0.111400723228,0.419,0.5105,0.406305895936106,0.404736235942625,0.454313864892544,0.0480079689564374,0.4895
"Strong qualitative HTE",2000,421,0.00136124485511698,0.000920438837561687,1,0.0220553082473795,0.0238288804555964,0.0130438817779994,0,0.428882056154102,0.038,0.945833811640072,0.934970683980489,0.0273734651574336,0.0273734651574336,0,0.244,0.00219493727446006,0.112482732316324,0.4405,0.4855,0.406837989448333,0.409032926722793,0.457602018742778,0.0485690920199855,0.5145
"Strong qualitative HTE",2000,422,0.00316913846682575,0.000989427238117075,1,0.00376761076849275,-0.027673973766135,0.0149317314200632,0,0.596443241465206,0.288,0.884991789819376,0.891126977348882,0.0243455297381076,0.0243455297381076,1,0.632,0.000952297937748948,0.11275923579814,0.435,0.4985,0.406767702818572,0.407720000756321,0.457249823356422,0.049529822600101,0.5015
"Strong qualitative HTE",2000,423,6.84746950750488e-09,6.46258049602564e-10,1,0.0178451997287685,0.0510250000413547,-0.0045321071119408,0,0.494099856211189,0.368,0.960039083200848,0.894617161987836,0.0367512061291965,0.0428331976205348,1,0.668,-0.00393543461420688,0.112641892326199,0.4185,0.516,0.405576652969282,0.401641218355075,0.453409392568123,0.0478327395988419,0.484
"Strong qualitative HTE",2000,424,2.51882734076743e-06,2.75015987077829e-07,1,0.0221601059391669,0.0219603717944887,0.0205243487097191,0,0.535081208204654,0.056,0.943122658492678,0.927952044761437,0.0171213221673194,0.0171213221673194,1,0.864,0.0052316943133658,0.111941875080045,0.448,0.482,0.409084209802075,0.414315904115441,0.461146131013691,0.0468302268982497,0.518
"Strong qualitative HTE",2000,425,3.31125191604634e-06,6.07552361283735e-06,1,0.0271524673515532,0.050708736698532,0.0236149112943079,0,0.49949272168161,0.198,0.833712542963643,0.765364861565518,0.0307519692262753,0.0307519692262753,1,0.52,0.000156271046904124,0.114625179428027,0.438,0.4995,0.406367319564677,0.406523590611582,0.457419356731976,0.0508957661203945,0.5005
"Strong qualitative HTE",2000,426,3.98900838173169e-05,5.04178916852601e-06,1,0.0189125790856352,0.0307246113530476,0.035103596464735,0,0.49879663443936,0.346,0.811950993989829,0.589616557975643,0.0377513741398431,0.0385307082395249,1,0.632,-0.00238239318277866,0.110796802464686,0.4165,0.5045,0.405481450406983,0.403099057224204,0.453131454236472,0.0476500038294894,0.4955
"Strong qualitative HTE",2000,427,1.12163029877697e-07,9.52499494270627e-09,1,0.031696781406487,0.0387607040028441,0.0504465690728707,0,0.48425817892083,0.144,0.946125317196955,0.929074818397946,0.0326228287670878,0.0326228287670878,0,0.262,-0.00202204070399372,0.11256328627428,0.4215,0.5125,0.40558837105271,0.403566330348716,0.454379556642065,0.0487911855893554,0.4875
"Strong qualitative HTE",2000,428,0.000290534837135663,8.24586498428399e-05,1,-0.00643925584491533,-0.00077593387083848,-0.0121971808862544,0,0.638270460004569,0.044,0.856528985033658,0.806299979896216,0.0283642453969336,0.0286148518223695,0,0.318,0.00380145842222954,0.114289516361474,0.4495,0.4845,0.407770523104564,0.411571981526794,0.460453612362366,0.0488816308355717,0.5155
"Strong qualitative HTE",2000,429,5.90340121201717e-07,1.32223814954659e-07,1,0.038713348805661,0.0447344409930123,0.0171409899741902,0,0.527887498815411,0.062,0.988089013789949,0.985161055147761,0.0118759951807574,0.0155806604228034,0,0.106,0.00182073405162979,0.113084601066284,0.4335,0.4995,0.407337218836569,0.409157952888199,0.458298006687918,0.0491400537997193,0.5005
"Strong qualitative HTE",2000,430,1.79315140533215e-05,3.24807878461746e-06,1,0.0174926593813331,-0.00549500394562243,0.0428997709994062,0,0.56018484460118,0.242,0.995612828026096,0.994464602076793,0.0478934680841362,0.0478934680841362,1,0.542,0.000433025998740717,0.112847081859841,0.44,0.494,0.406855477816384,0.407288503815125,0.457433629926298,0.0501451261111734,0.506
"Strong qualitative HTE",2000,431,4.20111109089658e-10,3.46036112544666e-10,1,0.0346019469655005,0.0740340977960965,0.11080343407808,0,0.446509598555134,0.206,0.930932396382328,0.914930207497772,0.0394800025172445,0.0430018124460811,0,0.598,-0.00226548101113071,0.113002765907233,0.426,0.5055,0.405788537827993,0.403523056816862,0.454814240618605,0.0490257027906118,0.4945
"Strong qualitative HTE",2000,432,8.61087032507007e-09,3.14784585816998e-09,1,0.0326763287937641,0.0213778993260873,0.039011415867012,0,0.538303662893929,0.35,0.985403870285978,0.977852024833281,0.0386482552977384,0.0398025799644735,1,0.692,7.08193188303369e-05,0.113375258526578,0.4245,0.5025,0.405746242499377,0.405817061818208,0.455955772294035,0.0501387104758279,0.4975
"Strong qualitative HTE",2000,433,1.24797352423845e-05,3.60531009844226e-06,1,0.00820958513449714,0.0472825256258761,-0.0261605567425938,0,0.486516684634314,0.128,0.87057097162454,0.879445478277217,0.0316113460369222,0.0364114406218775,1,0.284,-0.00198610400302161,0.112100897471578,0.4235,0.515,0.406025827282013,0.404039723278991,0.454630452293738,0.0486046250117249,0.485
"Strong qualitative HTE",2000,434,0.0014940564176633,0.000879415607256409,1,0.0213509985422125,-0.0106780461701599,0.0175854097142958,0,0.516897589310967,0.092,0.875006282354125,0.799645765213447,0.00856293882138537,0.0146860027559277,1,0.87,-0.00306936157308383,0.112103419402428,0.412,0.5075,0.405008247116334,0.40193888554325,0.452804893113824,0.0477966459974897,0.4925
"Strong qualitative HTE",2000,435,2.59156390216968e-05,3.31429445956708e-06,1,0.0173667655395334,0.0119744286687873,0.0397796230450993,0,0.501864133414904,0.232,0.924694585573587,0.872668325364945,0.0386873167236143,0.0386873167236143,0,0.418,-0.000248992138048538,0.112789006606342,0.431,0.5055,0.407091814101108,0.40684282196306,0.457208936040254,0.0501171219391457,0.4945
"Strong qualitative HTE",2000,436,5.64230422439908e-08,5.08606262517927e-09,1,0.0483118747227051,-0.00846554502623239,0.0211567216066132,0,0.494286762663359,0.052,0.942911821469697,0.950642657207988,0.0120200921140133,0.0122119086706203,0,0.082,0.000217059361559705,0.112137880953525,0.439,0.5005,0.407628877558452,0.407845936920011,0.457478575929784,0.0496326390097727,0.4995
"Strong qualitative HTE",2000,437,0.000245309831028576,0.000175971429607836,1,0.0579626412770566,0.0513777036842408,0.0985615380095027,0,0.451063064580117,0.29,0.94224374021909,0.899277848896529,0.0403068937573299,0.0403068937573299,0,0.482,0.00208393112028871,0.113669819999318,0.453,0.4915,0.407313612234364,0.409397543354653,0.459052642689909,0.0496550993352558,0.5085
"Strong qualitative HTE",2000,438,0.000178261973738583,0.000182287068726642,1,0.035275675010188,0.0531630221228155,0.0228370646196572,0,0.499026816740397,0.394,0.967595401695666,0.951730068806292,0.0127038761689579,0.0127038761689579,1,0.866,-0.00110417648991304,0.114000089587481,0.4305,0.496,0.406779231390814,0.405675054900901,0.456786760240209,0.050007528849395,0.504
"Strong qualitative HTE",2000,439,1.32982447133452e-08,2.71172926999499e-09,1,0.032255721449405,0.055398495294568,0.0165880909240871,0,0.415460138239709,0.036,0.932564935064935,0.933433742593038,0.0358927655865225,0.0358927655865225,1,0.282,0.000102957816379809,0.113086889848511,0.4345,0.502,0.407034616116395,0.407137573932774,0.45703650562799,0.0498989316952159,0.498
"Strong qualitative HTE",2000,440,2.49986092198847e-05,3.65243369090937e-06,1,0.0289143808369689,0.0122595757970472,0.0603467091757136,0,0.504765588164864,0.174,0.992351284067084,0.990038345244462,0.0443265367299687,0.0446626424263193,1,0.584,-0.000415561473393097,0.111562038544078,0.431,0.503,0.406544437511207,0.406128876037814,0.455862307548828,0.0493178700376202,0.497
"Strong qualitative HTE",2000,441,2.00638622063866e-07,4.9386502091746e-08,1,0.0142169319721704,0.00800716571417046,0.0179315214698185,0,0.523379569595566,0.092,0.82822797660291,0.79887407484925,0.0340190452796838,0.0340190452796838,1,0.438,-0.00334458571045471,0.112287821101044,0.42,0.5085,0.406066711418625,0.402722125708171,0.453995683320477,0.0479289719018511,0.4915
"Strong qualitative HTE",2000,442,0.00203544325685748,0.000575656468529876,1,0.0164450821133666,0.0301611420066332,0.035061350392029,0,0.547160922377602,0.102,0.961275111426911,0.924580542333966,0.0357948452020831,0.0410928618716928,0,0.372,0.00186493542994966,0.110704228026079,0.4365,0.4895,0.406942117367951,0.408807052797901,0.456692470152739,0.0478854173548388,0.5105
"Strong qualitative HTE",2000,443,9.27861029555776e-08,2.55007372786633e-08,1,0.0224424655469077,0.0246686328659936,0.0312748398489771,0,0.504789016929345,0.156,0.982223384092543,0.97496145938514,0.0350963639333953,0.039352792756457,0,0.28,0.000656837222202066,0.111753101073224,0.434,0.493,0.405822303028281,0.406479140250483,0.45546886772999,0.0489897274795068,0.507
"Strong qualitative HTE",2000,444,7.81076261115409e-06,2.78001801303341e-06,1,0.0290927942396326,0.00221907252411428,0.0583833607425989,0,0.52398518449726,0.268,0.926133385744233,0.900924212888473,0.0364566317806069,0.0375287917935539,1,0.604,-0.00219594087783491,0.111843766007244,0.424,0.5115,0.406087092315174,0.403891151437339,0.454279465688189,0.0481923733730154,0.4885
"Strong qualitative HTE",2000,445,5.24599614769926e-06,1.79664826020363e-06,1,0.0216114494594258,0.0167984686867281,0,0,0.528229616777844,0.358,0.963135957443358,0.954173632733809,-0.00236101334114014,0,0,0,-0.00377526614833458,0.114407167130631,0.422,0.523,0.405927007147842,0.402151740999507,0.455089506996588,0.0491624998487464,0.477
"Strong qualitative HTE",2000,446,2.90506123758199e-06,1.26030502582248e-06,1,0.0242851863435156,0.012282505195517,0.00248116946282939,0,0.450381211820352,0.058,0.978386001738304,0.967648745506787,0.0248107465563244,0.0248107465563244,0,0.82,0.00152288770155648,0.112776418822654,0.4385,0.4925,0.406526714679884,0.40804960238144,0.456982499996119,0.0489328976146783,0.5075
"Strong qualitative HTE",2000,447,9.78676961060656e-05,2.38296108357721e-05,1,0.0202352555707548,-0.0363578670068723,0.0946681208726214,0,0.574989157251879,0.152,0.958838250790308,0.93875080905349,0.0389494551723376,0.0390882878795383,1,0.374,-0.000507529089270328,0.114175137869255,0.4285,0.5,0.40536146820094,0.40485393911167,0.455733041111162,0.0503715729102219,0.5
"Strong qualitative HTE",2000,448,0.000352426518833977,0.000107492206253958,1,0.0202241704382915,0.0219352171539355,0.0382461724021587,0,0.514042038995603,0.27,0.947391667075626,0.940535449831883,0.0401995620916475,0.0401995620916475,0,0.502,6.24978249446796e-05,0.112740228266126,0.4335,0.505,0.406024967262998,0.406087465087943,0.456029120310003,0.0499416552220606,0.495
"Strong qualitative HTE",2000,449,8.65828364561694e-08,7.97159990364462e-09,1,0.044325258585007,0.0778624437903242,0.102598994863243,0,0.434746073173484,0.116,0.971622518246311,0.95886180612124,0.0434973433741105,0.0434973433741105,0,0.4,-0.00440144102539928,0.115209105003815,0.4205,0.506,0.404928618756714,0.400527177731315,0.454028214598259,0.0490995958415448,0.494
"Strong qualitative HTE",2000,450,1.06211773568817e-07,1.55747309787787e-06,1,0.0479575947897157,0.0373887632265291,0.0717941121603774,0,0.524079404874217,0.056,0.905642323099627,0.878037061869812,0.0374633587429201,0.0378749586733612,1,0.514,-0.00247981668405563,0.113794500277218,0.4285,0.513,0.406470784732356,0.4039909680483,0.455844022834812,0.0493732381024563,0.487
"Strong qualitative HTE",2000,451,4.77072116795951e-10,1.75148709566501e-09,1,0.0268975590347261,0.0321723206452304,0.0179753965780954,0,0.595680034013437,0.05,0.981803345573234,0.976120374050625,0.0155353631944903,0.0155353631944903,1,0.898,0.00159868483457884,0.113106938089195,0.4505,0.492,0.406539920225693,0.408138605060272,0.457641683786152,0.0495030787258804,0.508
"Strong qualitative HTE",2000,452,2.29517475512523e-05,8.31067242286833e-06,1,0.029900634809598,0.0384540201016555,0.0420775032242158,0,0.506444764172725,0.184,0.894946917276015,0.81460984738953,0.0315903998024757,0.0315903998024757,0,0.33,-0.000964206880896853,0.113071196354927,0.432,0.5015,0.405848226991109,0.404884020110212,0.45542929933436,0.0495810723432515,0.4985
"Strong qualitative HTE",2000,453,1.51710404661601e-08,2.89627606243722e-09,1,0.0277141056408129,0.0811686331808051,0.0818930002508934,0,0.445886645076868,0.198,0.962186862505101,0.958952510208643,0.046846459178854,0.046846459178854,0,0.472,-0.00104059404107316,0.113180413391049,0.4285,0.506,0.40605096440425,0.405010370363177,0.455517642923138,0.0494666785188887,0.494
"Strong qualitative HTE",2000,454,0.000207834510821834,3.01339016871118e-05,1,0.00550943556569428,-0.026278662826827,0.0482613614132752,0,0.568528472958761,0.278,0.957670160455486,0.946435800639269,0.046888649868664,0.046888649868664,1,0.58,-0.00126312805559252,0.112620267978143,0.4235,0.5075,0.406017164637073,0.404754036581481,0.455180126781554,0.0491629621444806,0.4925
"Strong qualitative HTE",2000,455,6.47361008916332e-07,3.25427591748843e-07,1,0.0298613048227674,0.00971751208799393,0.0268537935806046,0,0.524088748585897,0.292,0.978271436904531,0.974386893481548,0.0437313189539433,0.0461876650460977,0,0.556,-0.00209589445972609,0.113916693592054,0.4255,0.51,0.406301441209172,0.404205546749446,0.455585077881386,0.0492836366722144,0.49
"Strong qualitative HTE",2000,456,1.91031337655587e-05,3.01949944863898e-06,1,0.013409236309668,0.0156037876224653,0.0249507045572021,0,0.712166083125989,0.024,0.998943759242105,0.99874578477474,0.0415232867459201,0.0452912993574346,1,0.554,0.00181027284284375,0.112204449420606,0.4465,0.4875,0.407466006533297,0.40927627937614,0.458005900810122,0.0487296214339813,0.5125
"Strong qualitative HTE",2000,457,1.39266643446503e-07,1.24979363931724e-08,1,0.0481543723649509,-0.00205523849976781,0.116684831341878,0,0.499884875597981,0.152,0.877034565114264,0.857932166983741,0.0352962668872849,0.0388929803522171,1,0.506,-0.000770745358663204,0.113683080252546,0.4335,0.506,0.405753949947703,0.404983204589039,0.455941043378404,0.0501870934307013,0.494
"Strong qualitative HTE",2000,458,1.62206478321976e-08,2.9512317483868e-09,1,0.00584758295949855,-0.0479800280522869,-0.0504539051445203,0,0.598514649382589,0.092,0.989000067380904,0.983257139622494,0.0424534336780009,0.0424534336780009,0,0.396,-0.0032435641272342,0.112456740890609,0.4265,0.5175,0.406083609273541,0.402840045146307,0.454278145969258,0.0481945366957167,0.4825
"Strong qualitative HTE",2000,459,2.65905168612236e-06,2.98570172912344e-07,1,0.0345346267373591,0.0717998513335173,0.0664455353016729,0,0.70054288662693,0.024,0.785803036904358,0.644853273166817,0.0200128797413064,0.0249215698952378,0,0.328,0.00378084325517559,0.113370961863919,0.448,0.4835,0.408810342430319,0.412591185685495,0.460910946054821,0.0483197603693256,0.5165
"Strong qualitative HTE",2000,460,0.000405560486797296,8.02763685859257e-05,1,0.0185104207926968,0.00906467642049698,0.000477035982182128,0,0.537897314739297,0.21,0.892417478354979,0.881507259988779,0.0118400554644688,0.0118400554644688,0,0.72,-0.000470166198811999,0.112790950240649,0.4315,0.506,0.407114225793916,0.406644059595104,0.456892738893244,0.0497785130993285,0.494
"Strong qualitative HTE",2000,461,0.00502654278411058,0.00169689833076313,1,0.0135711585737802,0.031135545860026,0.00343609583475124,0,0.620340842110944,0.044,0.855270975511842,0.840721151329137,0.00222168686925123,0.0135543894106077,0,0.088,0.000846776378537622,0.112511287388338,0.43,0.4945,0.407571353134179,0.408418129512717,0.45757289492379,0.0491547654110731,0.5055
"Strong qualitative HTE",2000,462,2.81140391954453e-06,5.13590807726788e-07,1,0.033409254032786,0.0467427021786961,0.0171645067876693,0,0.48910135208005,0.042,0.909107819264068,0.872184697631065,0.0317196127834415,0.0404868588826717,1,0.42,-0.00233862782858037,0.113494554848238,0.414,0.511,0.406904293807322,0.404565665978742,0.455763227979213,0.0488589341718902,0.489
"Strong qualitative HTE",2000,463,0.000258318871969357,3.71899042309819e-05,1,-0.000270379150796286,0.00201293001704518,0.00415138261207965,0,0.543940908647812,0.192,0.903252373877657,0.875244658489368,0.0364607604329944,0.0364607604329944,1,0.662,-0.000540418072708591,0.112667554799185,0.435,0.499,0.407582078088822,0.407041660016114,0.45733632658489,0.0497542484960677,0.501
"Strong qualitative HTE",2000,464,4.05385301546673e-06,4.85700038870619e-07,1,0.0173752118061883,0.0148318282422166,0.0204358878881816,0,0.533467422162642,0.138,0.981831335602361,0.980329566037294,0.0345088558905606,0.0345088558905606,0,0.256,-0.00595278588714958,0.111538607901389,0.408,0.519,0.404304971626215,0.398352185739065,0.450535617568929,0.0462306459427146,0.481
"Strong qualitative HTE",2000,465,3.05659294537437e-09,1.92754839191046e-08,1,0.0356039400402358,0.0205808584417822,0.0242869990620395,0,0.530866618887393,0.304,0.965048323647019,0.954150884382947,0.0395931884998584,0.0414520845734974,0,0.62,-0.00202582359184135,0.115215551738132,0.439,0.494,0.405120789839196,0.403094966247354,0.455399233431013,0.0502784435918172,0.506
"Strong qualitative HTE",2000,466,7.06395526939757e-09,1.04180252916921e-09,1,0.0285190952772945,0.0270381948240684,0.0341732902247606,0,0.482217682080063,0.068,0.99836984872196,0.998005503550213,0.0437134640470562,0.0437134640470562,1,0.616,0.000762294329675628,0.111973569513237,0.4295,0.5025,0.407521033654158,0.408283327983834,0.457339028203042,0.0490557002192085,0.4975
"Strong qualitative HTE",2000,467,0.0027002485678288,0.00466659388278587,1,0.00963566045851523,0.0428674276202091,0.0389535321532833,0,0.522234174653774,0.286,0.850819645176672,0.779505390780186,0.031109736367086,0.031109736367086,0,0.542,-0.00351578298658569,0.113091932422157,0.4235,0.515,0.405790188196029,0.402274405209444,0.454159641643984,0.0483694534479548,0.485
"Strong qualitative HTE",2000,468,5.25038491700033e-05,8.36511414430635e-06,1,0.0321239530846532,0.0342814709694659,0.0765404868583847,0,0.479944261213462,0.322,0.93707325775637,0.878538260984891,0.0482205755658627,0.0511553376720812,0,0.566,-0.00184993637319805,0.11386871244154,0.423,0.504,0.407099189378817,0.405249253005619,0.456707617274105,0.0496084278952871,0.496
"Strong qualitative HTE",2000,469,3.04481655335198e-06,4.467915963643e-07,1,0.02920002687455,0.0224476900244349,0.0314280974806512,0,0.513246117484041,0.162,0.888569374550685,0.875601931340863,0.0327052754506426,0.0327052754506426,1,0.54,0.00356668163576193,0.110489946429645,0.4405,0.4875,0.407922914310962,0.411489595946724,0.458161851210566,0.0466722552638422,0.5125
"Strong qualitative HTE",2000,470,4.23310610543782e-06,1.21817592226726e-06,1,0.0312314475202148,0.00183916980756769,0.04027628809554,0,0.514490557062673,0.058,0.91508152173913,0.883283367474497,0.0188000484020213,0.0229493140494539,0,0.2,0.00129740835602264,0.112353053072682,0.437,0.49,0.406389532071909,0.407686940427932,0.456681697919058,0.0489947574911269,0.51
"Strong qualitative HTE",2000,471,1.30617132129356e-09,2.11808502397741e-10,1,0.0341629860055444,0.0214560497393885,0.0607616067477014,0,0.532562172128103,0.074,0.958384453059823,0.949900907071678,0.0440299718755584,0.046505992740692,1,0.626,0.00133104893496364,0.11410803085349,0.4365,0.4995,0.407015840412147,0.408346889347111,0.458270180798552,0.0499232914514411,0.5005
"Strong qualitative HTE",2000,472,7.3835478609345e-11,5.93784536158344e-12,1,0.0322993796772586,0.0595857796854193,0.0743138568774381,0,0.565783051665493,0.036,0.886968584251324,0.855627256639271,0.0306468365243809,0.0314200034811251,0,0.31,-0.00462814898561005,0.111465105803113,0.411,0.527,0.404960429191161,0.400332280205551,0.451639906456666,0.046679477265505,0.473
"Strong qualitative HTE",2000,473,3.37659120963867e-09,4.23236930502518e-10,1,0.0553276638681037,0.0797203051089889,0.0448763858160268,0,0.419736263000491,0.238,0.939777565524275,0.926754494881687,0.0366667023850489,0.0369589428403322,1,0.732,0.00210110694221723,0.113574436319457,0.447,0.492,0.408064389378526,0.410165496320743,0.459553032934228,0.0493875366134849,0.508
"Strong qualitative HTE",2000,474,0.00250176265206636,0.000549745082467057,1,0.0334080382835306,0.0378486492995166,0.0114740914891317,0,0.490730367096206,0.2,0.955476585057491,0.926645805401652,-0.000853053422575023,0.0131866903567235,1,0.876,-0.00478594098918883,0.111797956992005,0.412,0.5165,0.406206005971567,0.401420064982378,0.453185274620805,0.0469792686492382,0.4835
"Strong qualitative HTE",2000,475,3.5702103615222e-08,4.8867009652871e-09,1,0.030144420705321,0.0462481395046635,0.0461120169625711,0,0.518596523021175,0.05,0.998311688311688,0.997725361823146,0.0359961445495869,0.0380130457173504,0,0.284,0.000675138918595395,0.112427182013723,0.4345,0.4915,0.405996567971706,0.406671706890302,0.456000845588784,0.0493291386984823,0.5085
"Strong qualitative HTE",2000,476,1.91277939790169e-12,2.76695648385298e-13,1,0.0619041395822171,0.0847901482123708,0.0763039132683129,0,0.411167700430034,0.272,0.998325281803543,0.998021048932722,0.0423540362392238,0.0423540362392238,1,0.422,0.000163302085427572,0.113067761990351,0.4335,0.502,0.406866369083287,0.407029671168715,0.457113684345734,0.0500840131770188,0.498
"Strong qualitative HTE",2000,477,0.000282347519225154,8.04695424361757e-05,1,0.011321134213612,0.0461871312477118,0.085858523185054,0,0.490567496121805,0.348,0.773801745656799,0.56404352760841,0.0351219521915279,0.0351219521915279,0,0.634,0.00224852063936506,0.11242525738499,0.445,0.491,0.407266306635387,0.409514827274752,0.4581672822819,0.0486524550071485,0.509
"Strong qualitative HTE",2000,478,4.48626536563762e-07,6.08294705514936e-07,1,0.0508321968763886,0.0733988456773934,0.0495010986987158,0,0.447438735069002,0.194,0.972981041946559,0.959527717800255,0.0386686408542142,0.042405078165273,1,0.662,-0.00230817908019963,0.113570983877609,0.4235,0.4985,0.405547360448112,0.403239181367912,0.454685962363417,0.0491386019153046,0.5015
"Strong qualitative HTE",2000,479,4.99150481810266e-07,9.32602438408093e-08,1,0.0276288816338769,0.0153626896626572,0.0220384804106669,0,0.55501078889379,0.074,0.992690129254006,0.991836320597073,0.0382152071054314,0.0464409506607031,0,0.346,0.00347901056552225,0.113701518269978,0.442,0.4925,0.409159453898572,0.412638464464094,0.461501530843795,0.048863066379701,0.5075
"Strong qualitative HTE",2000,480,4.48962757757076e-08,1.49462820047608e-08,1,0.027874399743933,0.0326434306118447,0.0380329880262136,0,0.561490435790486,0.028,0.959219430647313,0.957034790154198,0.0396933829480572,0.0457492589864443,0,0.416,-1.19713588081671e-05,0.114669609968382,0.434,0.511,0.407519539182934,0.407507567824126,0.458646017323936,0.0511264781410018,0.489
"Strong qualitative HTE",2000,481,7.26921056037366e-08,3.28215626973247e-08,1,0.0347528657719788,0.0249617446838533,0.0670108974480574,0,0.501864133414904,0.232,0.986879100281162,0.983448752663891,0.0454764259807884,0.0478333530232622,1,0.418,0.000536706094738164,0.112642367434879,0.436,0.491,0.405976150389859,0.406512856484597,0.456095912952122,0.0495830564675249,0.509
"Strong qualitative HTE",2000,482,3.5072719057641e-11,2.76433953180894e-12,1,0.0205418708681494,0.046128284165328,0.0534191032285969,0,0.457291246432324,0.154,0.981249294024625,0.979432031921845,0.040903394134208,0.040903394134208,0,0.32,0.00393391034308762,0.113587811006471,0.463,0.487,0.408609787950865,0.412543698293952,0.461271077003751,0.0487273787097984,0.513
"Strong qualitative HTE",2000,483,1.22962925292637e-07,3.9999942595047e-08,1,0.0222387413399018,-0.00927898920249455,0.0178976834096635,0,0.603504854797826,0.084,0.989068605628925,0.984171973006792,0.0455996144024444,0.0455996144024444,0,0.448,-0.00368017428651725,0.11141656550432,0.421,0.507,0.406487515028823,0.402807340742305,0.453661417296379,0.0471739022675563,0.493
"Strong qualitative HTE",2000,484,0.000842677411200081,0.000196285096809457,1,0.0207721811362918,0.0279976141330067,0.016011055368099,0,0.521097491413671,0.388,0.958221832984641,0.936555578882413,0.023267668792114,0.023267668792114,1,0.744,0.000824505365011264,0.112764404333484,0.433,0.4935,0.407030986196337,0.407855491561348,0.457259980720701,0.0494044891593531,0.5065
"Strong qualitative HTE",2000,485,3.63334340196494e-05,5.93066431432112e-06,1,0.0269068729411384,0.0705936665372376,0.00436652914750385,0,0.452875076043882,0.212,0.957143322900364,0.944806692949856,0.0463944642770153,0.0474966133948717,1,0.484,0.00183606103081903,0.112478942874832,0.4455,0.4925,0.407392542606415,0.409228603637234,0.458076786237048,0.0488481825998133,0.5075
"Strong qualitative HTE",2000,486,3.69741377212704e-05,1.09112552659423e-05,1,0.0357257550072193,0.020788639759655,0.0755757822984854,0,0.505631865095111,0.16,0.965337085921325,0.966025723157235,0.0451664016826175,0.0451664016826175,1,0.53,0.00275843113759454,0.113406685327378,0.448,0.495,0.407539206814231,0.410297637951825,0.459047946082146,0.048750308130321,0.505
"Strong qualitative HTE",2000,487,9.9378489001617e-05,1.58793064451128e-05,1,0.017744734709773,0.0527617513908189,0.0653279928840962,0,0.594224796256144,0.052,0.935911294549265,0.912500920683936,0.032753540120003,0.032753540120003,0,0.658,-0.00253096145845967,0.11257624419523,0.4275,0.505,0.405629681954505,0.403098720496045,0.454404095057087,0.0487744131025821,0.495
"Strong qualitative HTE",2000,488,1.29460802581303e-07,1.12619423772728e-08,1,0.0274533896168139,0.00628360951826328,0.0265664040757691,0,0.666762103194437,0.052,0.919486032795385,0.909375446364414,0.0408755951985206,0.0428308835655861,0,0.638,0.000587591605422326,0.113373653193812,0.44,0.492,0.406616289934592,0.407203881540014,0.457122708681141,0.0499188271411262,0.508
"Strong qualitative HTE",2000,489,3.68541696499182e-09,2.0995526141286e-09,1,0.0215584651090563,0.0179304163950591,0.0451437488270647,0,0.562012240129055,0.074,0.899278846153845,0.910202402208458,0.034686323612465,0.034686323612465,1,0.478,0.000693909405543505,0.113276021251489,0.4495,0.4925,0.406220838440362,0.406914747845906,0.45684943791363,0.0499346900677242,0.5075
"Strong qualitative HTE",2000,490,2.40448598502917e-08,5.88479282924087e-09,1,0.0570557734299972,0.0407841893934009,0.10678637167025,0,0.477793379912425,0.122,0.857261370290845,0.835470268996828,0.0329463221289977,0.0329463221289977,1,0.638,0.000221714768948322,0.112705230331816,0.4355,0.4975,0.407000527810789,0.407222242579737,0.457082210309586,0.0498599677298486,0.5025
"Strong qualitative HTE",2000,491,6.11734405840759e-10,2.60271106606138e-10,1,0.0313252368629156,0.0693843479369265,0.0264801594222979,0,0.538458888171155,0.028,0.923620129870131,0.926919628163047,0.0395891617059386,0.0395891617059386,1,0.484,-0.00157735562583398,0.113018518527318,0.4275,0.5075,0.40610989159656,0.404532535970726,0.455198999653737,0.0490891080571768,0.4925
"Strong qualitative HTE",2000,492,4.9579491852476e-12,7.69530071632183e-13,1,0.045180191003431,0.0441100590038233,0.0637146576960091,0,0.438382150554131,0.054,0.917874396135266,0.911638184046512,0.0411265182450202,0.0411265182450202,1,0.538,0.00194243924509056,0.113509122708969,0.443,0.4875,0.408543747930683,0.410486187175774,0.459999236433239,0.0495130492574651,0.5125
"Strong qualitative HTE",2000,493,3.2656155583504e-05,7.21439851833199e-06,1,0.0113911722189886,0.0194539968987922,0.0145343576468324,0,0.637373094626653,0.064,0.974788961038962,0.962766428548728,0.0143066445195679,0.0167007051222395,1,0.876,0.00197023790924341,0.113436201555882,0.4375,0.4835,0.406977628547582,0.408947866456826,0.458063544318565,0.0491156778617392,0.5165
"Strong qualitative HTE",2000,494,3.12754365266515e-06,2.05492698757434e-06,1,0.0265607947691127,0.0562524519847367,-0.00795988813471327,0,0.47145134567992,0.298,0.945586631599207,0.95105372075594,0.0258680538726823,0.0258680538726823,1,0.828,0.00198618114643758,0.112772669665031,0.439,0.4945,0.40803983173298,0.410026012879418,0.459070834725026,0.0490448218456079,0.5055
"Strong qualitative HTE",2000,495,2.59788576253682e-08,2.20908130141444e-09,1,0.0194928843251985,0.0374180936763168,0.0225988584538502,0,0.495393221702139,0.256,0.981927613897874,0.984264417097723,0.0456131033320589,0.0456131033320589,1,0.458,0.000324996547515887,0.113339943530953,0.437,0.495,0.406636470896321,0.406961467443837,0.457086512952181,0.0501250455083444,0.505
"Strong qualitative HTE",2000,496,1.46510101010621e-07,1.62182960880678e-08,1,0.0385513829704224,0.048362688077979,0.0456634968018159,0,0.489022277721665,0.334,0.935516666666668,0.896129844890364,0.0378055870807547,0.0439300347806091,1,0.598,-0.00522910500080482,0.11093280954111,0.411,0.5185,0.405094276182289,0.399865171181484,0.451380313621176,0.046286037438887,0.4815
"Strong qualitative HTE",2000,497,0.00452307059059646,0.00194021624924805,1,0.0113193972183887,0.0118532057037824,0.0356503188083906,0,0.519655360127231,0.254,0.949489931107579,0.930635213033846,0.039525290136112,0.040860692797256,1,0.476,0.0014921805676836,0.111545206112525,0.4285,0.507,0.406815322609709,0.408307503177392,0.456616192017398,0.0483086888400057,0.493
"Strong qualitative HTE",2000,498,8.90744717581934e-09,2.02971538899485e-09,1,0.0187127855335957,0.0332203652533596,0.0119732283709989,0,0.490005557927725,0.184,0.97890768455776,0.980793589024747,0.0139714355183438,0.0139714355183438,1,0.886,-0.000432973982618582,0.11210596762722,0.4275,0.492,0.405727749981207,0.405294775998589,0.454866750517086,0.0491390005358783,0.508
"Strong qualitative HTE",2000,499,4.77019303689219e-08,6.40368492031148e-09,1,0.0343216426193161,0.041339947373701,0.0177419473408301,0,0.606642737328219,0.02,0.959404666916351,0.94517756409139,0.0437265481021262,0.0469288392475369,1,0.404,0.00217063774616629,0.113871693784178,0.4465,0.4845,0.407677033853413,0.40984767159958,0.459511742139354,0.0496640705397745,0.5155
"Strong qualitative HTE",2000,500,5.75515735363252e-05,9.06663662308833e-05,1,0.00972305846245004,0.00370202903708218,0.0144377024948334,0,0.549392199618138,0.162,0.855515587529977,0.795370120753094,0.0299970783756541,0.0344520522510056,0,0.36,0.00355944134635298,0.111503143414851,0.443,0.483,0.407749511401793,0.411308952748146,0.458797353724657,0.0474884009765111,0.517
